Workbook
Name g_v__dane: Podsumowanie!#REF!
Name g_v__dane_1: Podsumowanie!#REF!
Name Iskra_Vmin: Podsumowanie!#REF!
Name V_Iksra: Podsumowanie!$AD$3:$AE$87
Name V_Iksra_1: Podsumowanie!#REF!
Name V_minmax: Podsumowanie!#REF!
Name V2_Iksra: Podsumowanie!$AJ$43:$AK$152
Name w_V__dane: Podsumowanie!#REF!

Sheet Podsumowanie
A1: g | B1: 9.81 | C1: m/s2 | AD1: ciągu | AE1: m zmienna | AF1: ciągu | AG1: mśr | AH1: mocy | AI1: mśr | AJ1: bez ściśli | AL1: ciągu | AM1: mmax | AN1: mocy | AO1: mmax
A2: ρ0 | B2: 1.2255 | C2: kg/m3 | AD2: Vmin
A3: S | B3: 17.5 | C3: m2 | N3: h [m] | O3: Vmin [m/s] | P3: Vmin [km/h] | Q3: Vmax [m/s] | R3: Vmax [km/h] | S3: wmax [m/s] | T3: 10·wmax [m/s] | U3: Vw [m/s] | V3: Vw [km/h] | W3: γmax [°] | X3: 10·γmax [°] | Y3: Vγ [m/s] | Z3: Vγ [km/h] | AA3: 1/wmax | AB3: 10th [min] | AD3: 49.966777 | AE3: 7.3582677 | AF3: 45.966514 | AG3: 8.9477612 | AH3: 45.966514 | AI3: 8.5373134 | AJ3: 49.969183 | AK3: 7.394958 | AL3: 49.966777 | AM3: 7.3582677 | AN3: 50.166113 | AO3: 6.9862205
A4: mmax | B4: 3840 | C4: kg | N4: 0 | O4: =AD3 -> 49.966777 | P4: =O4*3.6 -> 179.8804 | Q4: =AD12 -> 204.98982 | R4: =Q4*3.6 -> 737.96334 | S4: =AE21 -> 20.545276 | T4: =10*S4 -> 205.45276 | U4: =AD21 -> 134.68439 | V4: =U4*3.6 -> 484.86379 | W4: =AE30 -> 10.614754 | X4: =10*W4 -> 106.14754 | Y4: =AD30 -> 85.608108 | Z4: =Y4*3.6 -> 308.18919 | AA4: =1/S4 -> 0.04867299 | AB4: 0 | AD4: 55.149502 | AE4: 5.9527559 | AF4: 50.65449 | AG4: 7.4701493 | AH4: 50.65449 | AI4: 7.0597015 | AJ4: 54.776579 | AK4: 5.989916 | AL4: 55.149502 | AM4: 5.5807087 | AN4: 55.149502 | AO4: 5.5807087
A5: mpal | B5: 996 | C5: kg | N5: 2000 | O5: =AD4 -> 55.149502 | P5: =O5*3.6 -> 198.53821 | Q5: =AD13 -> 206.15071 | R5: =Q5*3.6 -> 742.14257 | S5: =AE22 -> 17.072835 | T5: =10*S5 -> 170.72835 | U5: =AD22 -> 138.27243 | V5: =U5*3.6 -> 497.78073 | W5: =AE31 -> 8.3811475 | X5: =10*W5 -> 83.811475 | Y5: =AD31 -> 98.175676 | Z5: =Y5*3.6 -> 353.43243 | AA5: =1/S5 -> 0.058572582 | AB5: =(AA5+AA4)/2*(N5-N4)/6 -> 17.874262 | AD5: 60.930233 | AE5: 4.5059055 | AF5: 56.194825 | AG5: 5.9104478 | AH5: 56.194825 | AI5: 5.5410448 | AJ5: 60.693374 | AK5: 4.6218487 | AL5: 61.328904 | AM5: 4.4232283 | AN5: 61.328904 | AO5: 4.0925197
A6: mk | B6: 2640 | C6: kg | N6: 4000 | O6: =AD5 -> 60.930233 | P6: =O6*3.6 -> 219.34884 | Q6: =AD14 -> 207.18941 | R6: =Q6*3.6 -> 745.88187 | S6: =AE23 -> 13.807087 | T6: =10*S6 -> 138.07087 | U6: =AD23 -> 142.65781 | V6: =U6*3.6 -> 513.56811 | W6: =AE32 -> 6.4959016 | X6: =10*W6 -> 64.959016 | Y6: =AD32 -> 107.2973 | Z6: =Y6*3.6 -> 386.27027 | AA6: =1/S6 -> 0.072426575 | AB6: =(AA6+AA5)/2*(N6-N5)/6+AB5 -> 39.707455 | AD6: 67.508306 | AE6: 2.9350394 | AF6: 62.587519 | AG6: 4.2686567 | AH6: 62.587519 | AI6: 3.9813433 | AJ6: 67.349769 | AK6: 3.1058824 | AL6: 68.305648 | AM6: 2.769685 | AN6: 68.305648 | AO6: 2.480315
A7: mobl | B7: =(B4+B6)/2 -> 3240 | C7: kg | N7: 6000 | O7: =AD6 -> 67.508306 | P7: =O7*3.6 -> 243.0299 | Q7: =AD15 -> 206.96538 | R7: =Q7*3.6 -> 745.07536 | S7: =AE24 -> 10.748031 | T7: =10*S7 -> 107.48031 | U7: =AD24 -> 147.04319 | V7: =U7*3.6 -> 529.35548 | W7: =AE33 -> 4.795082 | X7: =10*W7 -> 47.95082 | Y7: =AD33 -> 119.05405 | Z7: =Y7*3.6 -> 428.59459 | AA7: =1/S7 -> 0.093040293 | AB7: =(AA7+AA6)/2*(N7-N6)/6+AB6 -> 67.285266 | AD7: 75.481728 | AE7: 1.2814961 | AF7: 70.045662 | AG7: 2.5858209 | AH7: 69.832572 | AI7: 2.2985075 | AJ7: 75.855162 | AK7: 1.5159664 | AL7: 76.478405 | AM7: 1.0334646 | AN7: 76.478405 | AO7: 0.78543307
A8: Q | B8: =B7*B1 -> 31784.4 | C8: N | N8: 8000 | O8: =AD7 -> 75.481728 | P8: =O8*3.6 -> 271.73422 | Q8: =AD16 -> 206.33401 | R8: =Q8*3.6 -> 742.80244 | S8: =AE25 -> 7.8956693 | T8: =10*S8 -> 78.956693 | U8: =AD25 -> 152.62458 | V8: =U8*3.6 -> 549.4485 | W8: =AE34 -> 3.2581967 | X8: =10*W8 -> 32.581967 | Y8: =AD34 -> 129.39189 | Z8: =Y8*3.6 -> 465.81081 | AA8: =1/S8 -> 0.12665171 | AB8: =(AA8+AA7)/2*(N8-N7)/6+AB7 -> 103.9006 | AD8: 87.641196 | AE8: 0 | AF8: 79.421613 | AG8: 0.73880597 | AH8: 79.208524 | AI8: 0.41044776 | AJ8: 86.579353 | AK8: 0 | AL8: 93.023256 | AM8: 0 | AN8: 95.813953 | AO8: 0
A9: Qmax | B9: =B4*B1 -> 37670.4 | C9: N | N9: 10000 | O9: =AD8 -> 87.641196 | P9: =O9*3.6 -> 315.50831 | Q9: =AD17 -> 203.64562 | R9: =Q9*3.6 -> 733.12424 | S9: =AE26 -> 5.0846457 | T9: =10*S9 -> 50.846457 | U9: =AD26 -> 159.60133 | V9: =U9*3.6 -> 574.56478 | W9: =AE35 -> 1.9262295 | X9: =10*W9 -> 19.262295 | Y9: =AD35 -> 144.39189 | Z9: =Y9*3.6 -> 519.81081 | AA9: =1/S9 -> 0.19667054 | AB9: =(AA9+AA8)/2*(N9-N8)/6+AB8 -> 157.78764 | AD9: 116.14618 | AE9: 0 | AF9: 102.00913 | AG9: 0 | AH9: 106.27093 | AI9: 0.041044776 | AJ9: 112.09553 | AK9: 0 | AL9: 146.24585 | AM9: 0
A10: Pr-0 | B10: 9800 | C10: N | N10: 12000 | O10: =AD9 -> 116.14618 | P10: =O10*3.6 -> 418.12625 | Q10: =AD18 -> 197.16904 | R10: =Q10*3.6 -> 709.80855 | S10: =AE27 -> 2.3976378 | T10: =10*S10 -> 23.976378 | U10: =AD27 -> 167.37542 | V10: =U10*3.6 -> 602.5515 | W10: =AE36 -> 0.84016393 | X10: =10*W10 -> 8.4016393 | Y10: =AD36 -> 160.81081 | Z10: =Y10*3.6 -> 578.91892 | AA10: =1/S10 -> 0.41707718 | AB10: =(AA10+AA9)/2*(N10-N9)/6+AB9 -> 260.07893 | AJ10: 152.0339 | AK10: 0
A11: Pnom | B11: 8200 | C11: N | N11: =AD40 -> 13600 | P11: 620 | R11: =P11 -> 620 | T11: 0 | V11: =R11 -> 620 | X11: 0 | Z11: =R11 -> 620 | AB11: 1100 | AD11: Vmax
A12: ns | B12: =14600/60 -> 243.33333 | C12: 1/s | AD12: 204.98982 | AE12: 4.9377161e-05 | AF12: 204.78759 | AG12: -9.6129115e-05 | AH12: 205.59478 | AI12: -9.6129115e-05 | AJ12: 233.75963 | AK12: 0 | AL12: 203.84 | AM12: 0 | AN12: 205.1896 | AO12: 0.00405
A13: a0 | B13: 340.3 | C13: m/s | N13: h [m] | O13: Vmin [m/s] | P13: Vmin [km/h] | Q13: Vmax [m/s] | R13: Vmax [km/h] | S13: wmax [m/s] | T13: 10·wmax [m/s] | U13: Vw [m/s] | V13: Vw [km/h] | W13: γmax [°] | X13: 10·γmax [°] | Y13: Vγ [m/s] | Z13: Vγ [km/h] | AA13: 1/wmax | AB13: 10th [min] | AD13: 206.15071 | AE13: 8.1821626e-05 | AF13: 205.76652 | AG13: -9.6129115e-05 | AH13: 206.95154 | AI13: -9.6129115e-05 | AJ13: 238.56703 | AK13: 0 | AL13: 204.70468 | AM13: 7.7618055e-05 | AN13: 205.35804 | AO13: 0.00415
A14: Λe | B14: 5.134 | C14: - | N14: 0 | O14: =AF3 -> 45.966514 | P14: =O14*3.6 -> 165.47945 | Q14: =AF12 -> 204.78759 | R14: =Q14*3.6 -> 737.23532 | S14: =AG21 -> 21.384328 | T14: =10*S14 -> 213.84328 | U14: =AF21 -> 124.17047 | V14: =U14*3.6 -> 447.0137 | W14: =AG30 -> 12.642857 | X14: =10*W14 -> 126.42857 | Y14: =AF30 -> 67.269939 | Z14: =Y14*3.6 -> 242.17178 | AA14: =1/S14 -> 0.046763218 | AB14: 0 | AD14: 207.18941 | AE14: 5.5771326e-05 | AF14: 206.3161 | AG14: 0.00010480967 | AH14: 207.07176 | AI14: -9.6129115e-05 | AJ14: 243.74422 | AK14: 0 | AL14: 204.62322 | AM14: 7.7381234e-05 | AN14: 205.82723 | AO14: 0.0041
A15: (Cx)min | B15: 0.01533 | C15: - | N15: 2000 | O15: =AF4 -> 50.65449 | P15: =O15*3.6 -> 182.35616 | Q15: =AF13 -> 205.76652 | R15: =Q15*3.6 -> 740.75948 | S15: =AG22 -> 17.731343 | T15: =10*S15 -> 177.31343 | U15: =AF22 -> 125.87519 | V15: =U15*3.6 -> 453.15068 | W15: =AG31 -> 9.9047619 | X15: =10*W15 -> 99.047619 | Y15: =AF31 -> 75 | Z15: =Y15*3.6 -> 270 | AA15: =1/S15 -> 0.056397306 | AB15: =(AA15+AA14)/2*(N15-N14)/6 -> 17.193421 | AD15: 206.96538 | AE15: 5.5120068e-05 | AF15: 206.11001 | AG15: -9.6129115e-05 | AH15: 207.60417 | AI15: -0.0002970679 | AJ15: 248.92142 | AK15: 0 | AL15: 204.41955 | AM15: 4.7719415e-05 | AN15: 206.30366 | AO15: 0.0041
A16: Czmax | B16: 1.405 | C16: - | N16: 4000 | O16: =AF5 -> 56.194825 | P16: =O16*3.6 -> 202.30137 | Q16: =AF14 -> 206.3161 | R16: =Q16*3.6 -> 742.73795 | S16: =AG23 -> 14.406716 | T16: =10*S16 -> 144.06716 | U16: =AF23 -> 129.49772 | V16: =U16*3.6 -> 466.19178 | W16: =AG32 -> 7.5714286 | X16: =10*W16 -> 75.714286 | Y16: =AF32 -> 84.018405 | Z16: =Y16*3.6 -> 302.46626 | AA16: =1/S16 -> 0.069412069 | AB16: =(AA16+AA15)/2*(N16-N15)/6+AB15 -> 38.16165 | AD16: 206.33401 | AE16: 5.3284706e-05 | AF16: 204.59867 | AG16: 0.00010480967 | AH16: 207.22633 | AI16: -9.6129115e-05 | AJ16: 254.83821 | AK16: 0 | AL16: 203.31976 | AM16: 7.35921e-05 | AN16: 202.32356 | AO16: 0.0041
A17: a∞ | B17: 6.231 | C17: 1/rad | N17: 6000 | O17: =AF6 -> 62.587519 | P17: =O17*3.6 -> 225.31507 | Q17: =AF15 -> 206.11001 | R17: =Q17*3.6 -> 741.99602 | S17: =AG24 -> 11.164179 | T17: =10*S17 -> 111.64179 | U17: =AF24 -> 132.48097 | V17: =U17*3.6 -> 476.93151 | W17: =AG33 -> 5.5238095 | X17: =10*W17 -> 55.238095 | Y17: =AF33 -> 93.680982 | Z17: =Y17*3.6 -> 337.25153 | AA17: =1/S17 -> 0.089572193 | AB17: =(AA17+AA16)/2*(N17-N16)/6+AB16 -> 64.659027 | AD17: 203.64562 | AE17: 7.4539383e-05 | AF17: 200.40815 | AG17: -9.6129115e-05 | AH17: 203.22473 | AI17: -9.6129115e-05 | AJ17: 260.75501 | AK17: 0 | AL17: 200.4277 | AM17: 3.611519e-05 | AN17: 190.40541 | AO17: 0
A18: T0 | B18: 288.15 | C18: K | N18: 8000 | O18: =AF7 -> 70.045662 | P18: =O18*3.6 -> 252.16438 | Q18: =AF16 -> 204.59867 | R18: =Q18*3.6 -> 736.55522 | S18: =AG25 -> 8.1679104 | T18: =10*S18 -> 81.679104 | U18: =AF25 -> 136.1035 | V18: =U18*3.6 -> 489.9726 | W18: =AG34 -> 3.7619048 | X18: =10*W18 -> 37.619048 | Y18: =AF34 -> 104.41718 | Z18: =Y18*3.6 -> 375.90184 | AA18: =1/S18 -> 0.12243033 | AB18: =(AA18+AA17)/2*(N18-N17)/6+AB17 -> 99.992781 | AD18: 197.16904 | AE18: 2.6642353e-05 | AF18: 189.60555 | AG18: -9.6129115e-05 | AH18: 184.12696 | AI18: -9.6129115e-05 | AJ18: 266.302 | AK18: 0 | AL18: 170 | AM18: 4.1976507e-05
A19: φ | B19: 1 | C19: ° | N19: 10000 | O19: =AF8 -> 79.421613 | P19: =O19*3.6 -> 285.91781 | Q19: =AF17 -> 200.40815 | R19: =Q19*3.6 -> 721.46935 | S19: =AG26 -> 5.2126866 | T19: =10*S19 -> 52.126866 | U19: =AF26 -> 139.51294 | V19: =U19*3.6 -> 502.24658 | W19: =AG35 -> 2.2380952 | X19: =10*W19 -> 22.380952 | Y19: =AF35 -> 118.37423 | Z19: =Y19*3.6 -> 426.14724 | AA19: =1/S19 -> 0.19183966 | AB19: =(AA19+AA18)/2*(N19-N18)/6+AB18 -> 152.37111 | AJ19: 267.7812 | AK19: 0
A20: α0 | B20: -1.42 | C20: ° | N20: 12000 | O20: =AF9 -> 102.00913 | P20: =O20*3.6 -> 367.23288 | Q20: =AF18 -> 189.60555 | R20: =Q20*3.6 -> 682.57997 | S20: =AG27 -> 2.2164179 | T20: =10*S20 -> 22.164179 | U20: =AF27 -> 145.69254 | V20: =U20*3.6 -> 524.49315 | W20: =AG36 -> 0.88095238 | X20: =10*W20 -> 8.8095238 | Y20: =AF36 -> 135.9816 | Z20: =Y20*3.6 -> 489.53374 | AA20: =1/S20 -> 0.45117845 | AB20: =(AA20+AA19)/2*(N20-N19)/6+AB19 -> 259.5408 | AD20: Vw
N21: =AF40 -> 13390 | P21: 550 | R21: =P21 -> 550 | T21: 0 | V21: =R21 -> 550 | X21: 0 | Z21: =R21 -> 550 | AB21: =AB11 -> 1100 | AD21: 134.68439 | AE21: 20.545276 | AF21: 124.17047 | AG21: 21.384328 | AH21: 129.07154 | AI21: 21.548507 | AJ21: 142.78891 | AK21: 21.334454 | AL21: 125.91362 | AM21: 17.444882 | AN21: 129.10299 | AO21: 17.734252
A22: qN | B22: =B4/(B10/1000) -> 391.83673 | AD22: 138.27243 | AE22: 17.072835 | AF22: 125.87519 | AG22: 17.731343 | AH22: 131.41553 | AI22: 17.977612 | AJ22: 149.4453 | AK22: 17.858824 | AL22: 128.30565 | AM22: 14.344488 | AN22: 134.48505 | AO22: 14.509843
A23: qt | B23: =0.022*B25 -> 18.48 | N23: h [m] | O23: Vmin [m/s] | P23: Vmin [km/h] | Q23: Vmax [m/s] | R23: Vmax [km/h] | S23: wmax [m/s] | T23: 10·wmax [m/s] | U23: Vw [m/s] | V23: Vw [km/h] | W23: γmax [°] | X23: 10·γmax [°] | Y23: Vγ [m/s] | Z23: Vγ [km/h] | AA23: 1/wmax | AB23: 10th [min] | AD23: 142.65781 | AE23: 13.807087 | AF23: 129.49772 | AG23: 14.406716 | AH23: 135.25114 | AI23: 14.570896 | AJ23: 156.84129 | AK23: 14.678992 | AL23: 132.69103 | AM23: 11.326772 | AN23: 138.87043 | AO23: 11.161417
A24: qe | B24: =B23/B11 -> 0.0022536585 | N24: 0 | O24: =AH3 -> 45.966514 | P24: =O24*3.6 -> 165.47945 | Q24: =AH12 -> 205.59478 | R24: =Q24*3.6 -> 740.1412 | S24: =AI21 -> 21.548507 | T24: =10*S24 -> 215.48507 | U24: =AH21 -> 129.07154 | V24: =U24*3.6 -> 464.65753 | W24: =AI30 -> 12.238095 | X24: =10*W24 -> 122.38095 | Y24: =AH30 -> 72.423313 | Z24: =Y24*3.6 -> 260.72393 | AA24: =1/S24 -> 0.046406926 | AB24: 0 | AD24: 147.04319 | AE24: 10.748031 | AF24: 132.48097 | AG24: 11.164179 | AH24: 138.2344 | AI24: 11.041045 | AJ24: 164.60709 | AK24: 11.684034 | AL24: 137.47508 | AM24: 8.515748 | AN24: 144.65116 | AO24: 8.1023622
A25: ρpal | B25: 840 | C25: kg/m3 | N25: 2000 | O25: =AH4 -> 50.65449 | P25: =O25*3.6 -> 182.35616 | Q25: =AH13 -> 206.95154 | R25: =Q25*3.6 -> 745.02556 | S25: =AI22 -> 17.977612 | T25: =10*S25 -> 179.77612 | U25: =AH22 -> 131.41553 | V25: =U25*3.6 -> 473.09589 | W25: =AI31 -> 9.6190476 | X25: =10*W25 -> 96.190476 | Y25: =AH31 -> 81.226994 | Z25: =Y25*3.6 -> 292.41718 | AA25: =1/S25 -> 0.055624741 | AB25: =(AA25+AA24)/2*(N25-N24)/6 -> 17.005278 | AD25: 152.62458 | AE25: 7.8956693 | AF25: 136.1035 | AG25: 8.1679104 | AH25: 142.92237 | AI25: 7.9216418 | AJ25: 171.63328 | AK25: 9.0588235 | AL25: 142.45847 | AM25: 5.746063 | AN25: 148.2392 | AO25: 5.3740157
A26: thp | B26: 45.4 | C26: min | N26: 4000 | O26: =AH5 -> 56.194825 | P26: =O26*3.6 -> 202.30137 | Q26: =AH14 -> 207.07176 | R26: =Q26*3.6 -> 745.45835 | S26: =AI23 -> 14.570896 | T26: =10*S26 -> 145.70896 | U26: =AH23 -> 135.25114 | V26: =U26*3.6 -> 486.90411 | W26: =AI32 -> 7.2857143 | X26: =10*W26 -> 72.857143 | Y26: =AH32 -> 90.460123 | Z26: =Y26*3.6 -> 325.65644 | AA26: =1/S26 -> 0.068629962 | AB26: =(AA26+AA25)/2*(N26-N25)/6+AB25 -> 37.714395 | AD26: 159.60133 | AE26: 5.0846457 | AF26: 139.51294 | AG26: 5.2126866 | AH26: 146.5449 | AI26: 5.0895522 | AJ26: 182.35747 | AK26: 6.507563 | AL26: 148.2392 | AM26: 3.0590551 | AN26: 154.81728 | AO26: 2.5629921
A27: Δt | B27: 1.25 | C27: h | N27: 6000 | O27: =AH6 -> 62.587519 | P27: =O27*3.6 -> 225.31507 | Q27: =AH15 -> 207.60417 | R27: =Q27*3.6 -> 747.375 | S27: =AI24 -> 11.041045 | T27: =10*S27 -> 110.41045 | U27: =AH24 -> 138.2344 | V27: =U27*3.6 -> 497.64384 | W27: =AI33 -> 5.2857143 | X27: =10*W27 -> 52.857143 | Y27: =AH33 -> 100.76687 | Z27: =Y27*3.6 -> 362.76074 | AA27: =1/S27 -> 0.090571139 | AB27: =(AA27+AA26)/2*(N27-N26)/6+AB26 -> 64.247912 | AD27: 167.37542 | AE27: 2.3976378 | AF27: 145.69254 | AG27: 2.2164179 | AH27: 154.00304 | AI27: 1.7649254 | AJ27: 196.04006 | AK27: 4.0672269 | AL27: 153.42193 | AM27: 0.2
A28: ht | B28: 4550 | C28: m | N28: 8000 | O28: =AH7 -> 69.832572 | P28: =O28*3.6 -> 251.39726 | Q28: =AH16 -> 207.22633 | R28: =Q28*3.6 -> 746.0148 | S28: =AI25 -> 7.9216418 | T28: =10*S28 -> 79.216418 | U28: =AH25 -> 142.92237 | V28: =U28*3.6 -> 514.52055 | W28: =AI34 -> 3.5714286 | X28: =10*W28 -> 35.714286 | Y28: =AH34 -> 112.14724 | Z28: =Y28*3.6 -> 403.73006 | AA28: =1/S28 -> 0.12623646 | AB28: =(AA28+AA27)/2*(N28-N27)/6+AB27 -> 100.38251 | AJ28: 214.89985 | AK28: 1.8487395
A29: hp | B29: 3700 | C29: m | N29: 10000 | O29: =AH8 -> 79.208524 | P29: =O29*3.6 -> 285.15068 | Q29: =AH17 -> 203.22473 | R29: =Q29*3.6 -> 731.60903 | S29: =AI26 -> 5.0895522 | T29: =10*S29 -> 50.895522 | U29: =AH26 -> 146.5449 | V29: =U29*3.6 -> 527.56164 | W29: =AI35 -> 1.9761905 | X29: =10*W29 -> 19.761905 | Y29: =AH35 -> 127.17791 | Z29: =Y29*3.6 -> 457.84049 | AA29: =1/S29 -> 0.19648094 | AB29: =(AA29+AA28)/2*(N29-N28)/6+AB28 -> 154.16874 | AD29: Vy
A30: φ | B30: =RADIANS(B19) -> 0.017453293 | C30: rad | N30: 12000 | O30: =AH9 -> 106.27093 | P30: =O30*3.6 -> 382.57534 | Q30: =AH18 -> 184.12696 | R30: =Q30*3.6 -> 662.85706 | S30: =AI27 -> 1.7649254 | T30: =10*S30 -> 17.649254 | U30: =AH27 -> 154.00304 | V30: =U30*3.6 -> 554.41096 | W30: =AI36 -> 0.64285714 | X30: =10*W30 -> 6.4285714 | Y30: =AH36 -> 146.71779 | Z30: =Y30*3.6 -> 528.18405 | AA30: =1/S30 -> 0.56659619 | AB30: =(AA30+AA29)/2*(N30-N29)/6+AB29 -> 281.34827 | AD30: 85.608108 | AE30: 10.614754 | AF30: 67.269939 | AG30: 12.642857 | AH30: 72.423313 | AI30: 12.238095 | AJ30: 85.566502 | AK30: 10.600638 | AL30: 75.675676 | AM30: 9.9180328 | AN30: 80.540541 | AO30: 9.5901639
A31: α0 | B31: =RADIANS(B20) -> -0.024783675 | C31: rad | N31: =AH40 -> 13070 | P31: 560 | R31: =P31 -> 560 | T31: 0 | V31: =R31 -> 560 | X31: 0 | Z31: =R31 -> 560 | AB31: =AB21 -> 1100 | AD31: 98.175676 | AE31: 8.3811475 | AF31: 75 | AG31: 9.9047619 | AH31: 81.226994 | AI31: 9.6190476 | AJ31: 95.812808 | AK31: 8.4091512 | AL31: 83.175676 | AM31: 7.6434426 | AN31: 89.459459 | AO31: 7.397541
A32: qe | B32: 0.0296 | C32: kg/kNs | AD32: 107.2973 | AE32: 6.4959016 | AF32: 84.018405 | AG32: 7.5714286 | AH32: 90.460123 | AI32: 7.2857143 | AJ32: 108.42365 | AK32: 6.5063155 | AL32: 93.716216 | AM32: 5.6762295 | AN32: 99.391892 | AO32: 5.4508197
B33: =3600*B32 -> 106.56 | AD33: 119.05405 | AE33: 4.795082 | AF33: 93.680982 | AG33: 5.5238095 | AH33: 100.76687 | AI33: 5.2857143 | AJ33: 121.82266 | AK33: 4.8727738 | AL33: 106.28378 | AM33: 3.9959016 | AN33: 112.56757 | AO33: 3.7704918
N34: h [m] | O34: Vmin [m/s] | P34: Vmin [km/h] | Q34: Vmax [m/s] | R34: Vmax [km/h] | S34: wmax [m/s] | T34: 10·wmax [m/s] | U34: Vw [m/s] | V34: Vw [km/h] | W34: γmax [°] | X34: 10·γmax [°] | Y34: Vγ [m/s] | Z34: Vγ [km/h] | AA34: 1/wmax | AB34: 10th [min] | AD34: 129.39189 | AE34: 3.2581967 | AF34: 104.41718 | AG34: 3.7619048 | AH34: 112.14724 | AI34: 3.5714286 | AJ34: 136.00985 | AK34: 3.4700644 | AL34: 119.86486 | AM34: 2.4795082 | AN34: 127.56757 | AO34: 2.2540984
N35: 0 | O35: =AJ3 -> 49.969183 | P35: =O35*3.6 -> 179.88906 | Q35: =AJ12 -> 233.75963 | R35: =Q35*3.6 -> 841.53467 | S35: =AK21 -> 21.334454 | T35: =10*S35 -> 213.34454 | U35: =AJ21 -> 142.78891 | V35: =U35*3.6 -> 514.04006 | W35: =AK30 -> 10.600638 | X35: =10*W35 -> 106.00638 | Y35: =AJ30 -> 85.566502 | Z35: =Y35*3.6 -> 308.03941 | AA35: =1/S35 -> 0.046872538 | AB35: 0 | AD35: 144.39189 | AE35: 1.9262295 | AF35: 118.37423 | AG35: 2.2380952 | AH35: 127.17791 | AI35: 1.9761905 | AJ35: 153.74384 | AK35: 2.2791777 | AL35: 135.47297 | AM35: 1.1885246 | AN35: 143.17568 | AO35: 0.98360656
N36: 2000 | O36: =AJ4 -> 54.776579 | P36: =O36*3.6 -> 197.19569 | Q36: =AJ13 -> 238.56703 | R36: =Q36*3.6 -> 858.84129 | S36: =AK22 -> 17.858824 | T36: =10*S36 -> 178.58824 | U36: =AJ22 -> 149.4453 | V36: =U36*3.6 -> 538.00308 | W36: =AK31 -> 8.4091512 | X36: =10*W36 -> 84.091512 | Y36: =AJ31 -> 95.812808 | Z36: =Y36*3.6 -> 344.92611 | AA36: =1/S36 -> 0.05599473 | AB36: =(AA36+AA35)/2*(N36-N35)/6 -> 17.144545 | AD36: 160.81081 | AE36: 0.84016393 | AF36: 135.9816 | AG36: 0.88095238 | AH36: 146.71779 | AI36: 0.64285714 | AJ36: 178.17734 | AK36: 1.3003663 | AL36: 153.51351 | AM36: 0.020491803
N37: 4000 | O37: =AJ5 -> 60.693374 | P37: =O37*3.6 -> 218.49615 | Q37: =AJ14 -> 243.74422 | R37: =Q37*3.6 -> 877.4792 | S37: =AK23 -> 14.678992 | T37: =10*S37 -> 146.78992 | U37: =AJ23 -> 156.84129 | V37: =U37*3.6 -> 564.62866 | W37: =AK32 -> 6.5063155 | X37: =10*W37 -> 65.063155 | Y37: =AJ32 -> 108.42365 | Z37: =Y37*3.6 -> 390.32512 | AA37: =1/S37 -> 0.068124571 | AB37: =(AA37+AA36)/2*(N37-N36)/6+AB36 -> 37.831095 | AJ37: 208.91626 | AK37: 0.51436782
N38: 6000 | O38: =AJ6 -> 67.349769 | P38: =O38*3.6 -> 242.45917 | Q38: =AJ15 -> 248.92142 | R38: =Q38*3.6 -> 896.1171 | S38: =AK24 -> 11.684034 | T38: =10*S38 -> 116.84034 | U38: =AJ24 -> 164.60709 | V38: =U38*3.6 -> 592.58552 | W38: =AK33 -> 4.8727738 | X38: =10*W38 -> 48.727738 | Y38: =AJ33 -> 121.82266 | Z38: =Y38*3.6 -> 438.56158 | AA38: =1/S38 -> 0.085586881 | AB38: =(AA38+AA37)/2*(N38-N37)/6+AB37 -> 63.44967
N39: 8000 | O39: =AJ7 -> 75.855162 | P39: =O39*3.6 -> 273.07858 | Q39: =AJ16 -> 254.83821 | R39: =Q39*3.6 -> 917.41757 | S39: =AK25 -> 9.0588235 | T39: =10*S39 -> 90.588235 | U39: =AJ25 -> 171.63328 | V39: =U39*3.6 -> 617.87982 | W39: =AK34 -> 3.4700644 | X39: =10*W39 -> 34.700644 | Y39: =AJ34 -> 136.00985 | Z39: =Y39*3.6 -> 489.63547 | AA39: =1/S39 -> 0.11038961 | AB39: =(AA39+AA38)/2*(N39-N38)/6+AB38 -> 96.112419 | AD39: ht1 | AE39: hp1 | AF39: ht2 | AG39: hp2 | AH39: ht3 | AI39: hp3 | AJ39: ht4 | AK39: hp4 | AL39: ht5 | AM39: hp5 | AN39: ht6 | AO39: hp6
N40: 10000 | O40: =AJ8 -> 86.579353 | P40: =O40*3.6 -> 311.68567 | Q40: =AJ17 -> 260.75501 | R40: =Q40*3.6 -> 938.71803 | S40: =AK26 -> 6.507563 | T40: =10*S40 -> 65.07563 | U40: =AJ26 -> 182.35747 | V40: =U40*3.6 -> 656.4869 | W40: =AK35 -> 2.2791777 | X40: =10*W40 -> 22.791777 | Y40: =AJ35 -> 153.74384 | Z40: =Y40*3.6 -> 553.47783 | AA40: =1/S40 -> 0.15366736 | AB40: =(AA40+AA39)/2*(N40-N39)/6+AB39 -> 140.12191 | AD40: 13600 | AE40: =-661.24*AE$44+AD40 -> 13269.38 | AF40: 13390 | AG40: =-626.05*AE$44+AF40 -> 13076.975 | AH40: 13070 | AI40: =-606.56*AE$44+AH40 -> 12766.72 | AJ40: 15330 | AK40: =-718.48*AE44+AJ40 -> 14970.76 | AL40: 12140 | AM40: =-695.86*AE44+AL40 -> 11792.07 | AN40: 11670 | AO40: =-659.14*AE44+AN40 -> 11340.43
N41: 12000 | O41: =AJ9 -> 112.09553 | P41: =O41*3.6 -> 403.54391 | Q41: =AJ18 -> 266.302 | R41: =Q41*3.6 -> 958.68721 | S41: =AK27 -> 4.0672269 | T41: =10*S41 -> 40.672269 | U41: =AJ27 -> 196.04006 | V41: =U41*3.6 -> 705.74422 | W41: =AK36 -> 1.3003663 | X41: =10*W41 -> 13.003663 | Y41: =AJ36 -> 178.17734 | Z41: =Y41*3.6 -> 641.43842 | AA41: =1/S41 -> 0.24586777 | AB41: =(AA41+AA40)/2*(N41-N40)/6+AB40 -> 206.7111 | AD41: =AD40 -> 13600 | AE41: =AE40 -> 13269.38 | AF41: =AF40 -> 13390 | AG41: =AG40 -> 13076.975 | AH41: =AH40 -> 13070 | AI41: =AI40 -> 12766.72 | AJ41: =AJ40 -> 15330 | AK41: =AK40 -> 14970.76 | ... AO41: =AO40 -> 11340.43
N42: 14000 | O42: =AJ10 -> 152.0339 | P42: =O42*3.6 -> 547.32203 | Q42: =AJ19 -> 267.7812 | R42: =Q42*3.6 -> 964.01233 | S42: =AK28 -> 1.8487395 | T42: =10*S42 -> 18.487395 | U42: =AJ28 -> 214.89985 | V42: =U42*3.6 -> 773.63945 | W42: =AK37 -> 0.51436782 | X42: =10*W42 -> 5.1436782 | Y42: =AJ37 -> 208.91626 | Z42: =Y42*3.6 -> 752.09852 | AA42: =1/S42 -> 0.54090909 | AB42: =(AA42+AA41)/2*(N42-N41)/6+AB41 -> 337.84058
N43: =AJ40 -> 15330 | P43: 830 | R43: =P43 -> 830 | T43: 0 | V43: =R43 -> 830 | X43: 0 | Z43: =R43 -> 830 | AB43: 1100 | AD43: h | AE43: w
AD44: 0 | AE44: 0.5
AD45: 16000 | AE45: 0.5
N46: h [m] | O46: Vmin [m/s] | P46: Vmin [km/h] | Q46: Vmax [m/s] | R46: Vmax [km/h] | S46: wmax [m/s] | T46: 10·wmax [m/s] | U46: Vw [m/s] | V46: Vw [km/h] | W46: γmax [°] | X46: 10·γmax [°] | Y46: Vγ [m/s] | Z46: Vγ [km/h] | AA46: 1/wmax | AB46: 10th [min]
N47: 0 | O47: =AL3 -> 49.966777 | P47: =O47*3.6 -> 179.8804 | Q47: =AL12 -> 203.84 | R47: =Q47*3.6 -> 733.824 | S47: =AM21 -> 17.444882 | T47: =10*S47 -> 174.44882 | U47: =AL21 -> 125.91362 | V47: =U47*3.6 -> 453.28904 | W47: =AM30 -> 9.9180328 | X47: =10*W47 -> 99.180328 | Y47: =AL30 -> 75.675676 | Z47: =Y47*3.6 -> 272.43243 | AA47: =1/S47 -> 0.057323403 | AB47: 0
B48: =N3 -> h [m] | C48: =O3 -> Vmin [m/s] | D48: =Q3 -> Vmax [m/s] | E48: =S3 -> wmax [m/s] | F48: =U3 -> Vw [m/s] | G48: =W3 -> γmax [°] | H48: =Y3 -> Vγ [m/s] | I48: =AB3 -> 10th [min] | N48: 2000 | O48: =AL4 -> 55.149502 | P48: =O48*3.6 -> 198.53821 | Q48: =AL13 -> 204.70468 | R48: =Q48*3.6 -> 736.93686 | S48: =AM22 -> 14.344488 | T48: =10*S48 -> 143.44488 | U48: =AL22 -> 128.30565 | V48: =U48*3.6 -> 461.90033 | W48: =AM31 -> 7.6434426 | X48: =10*W48 -> 76.434426 | Y48: =AL31 -> 83.175676 | Z48: =Y48*3.6 -> 299.43243 | AA48: =1/S48 -> 0.069713188 | AB48: =(AA48+AA47)/2*(N48-N47)/6 -> 21.172765
B49: =N4 -> 0 | C49: =O4 -> 49.966777 | D49: =Q4 -> 204.98982 | E49: =S4 -> 20.545276 | F49: =U4 -> 134.68439 | G49: =W4 -> 10.614754 | H49: =Y4 -> 85.608108 | I49: =AB4 -> 0 | N49: 4000 | O49: =AL5 -> 61.328904 | P49: =O49*3.6 -> 220.78405 | Q49: =AL14 -> 204.62322 | R49: =Q49*3.6 -> 736.64358 | S49: =AM23 -> 11.326772 | T49: =10*S49 -> 113.26772 | U49: =AL23 -> 132.69103 | V49: =U49*3.6 -> 477.68771 | W49: =AM32 -> 5.6762295 | X49: =10*W49 -> 56.762295 | Y49: =AL32 -> 93.716216 | Z49: =Y49*3.6 -> 337.37838 | AA49: =1/S49 -> 0.088286409 | AB49: =(AA49+AA48)/2*(N49-N48)/6+AB48 -> 47.506031
B50: =N5 -> 2000 | C50: =O5 -> 55.149502 | D50: =Q5 -> 206.15071 | E50: =S5 -> 17.072835 | F50: =U5 -> 138.27243 | G50: =W5 -> 8.3811475 | H50: =Y5 -> 98.175676 | I50: =AB5 -> 17.874262 | N50: 6000 | O50: =AL6 -> 68.305648 | P50: =O50*3.6 -> 245.90033 | Q50: =AL15 -> 204.41955 | R50: =Q50*3.6 -> 735.91039 | S50: =AM24 -> 8.515748 | T50: =10*S50 -> 85.15748 | U50: =AL24 -> 137.47508 | V50: =U50*3.6 -> 494.9103 | W50: =AM33 -> 3.9959016 | X50: =10*W50 -> 39.959016 | Y50: =AL33 -> 106.28378 | Z50: =Y50*3.6 -> 382.62162 | AA50: =1/S50 -> 0.1174295 | AB50: =(AA50+AA49)/2*(N50-N49)/6+AB49 -> 81.792016
B51: =N6 -> 4000 | C51: =O6 -> 60.930233 | D51: =Q6 -> 207.18941 | E51: =S6 -> 13.807087 | F51: =U6 -> 142.65781 | G51: =W6 -> 6.4959016 | H51: =Y6 -> 107.2973 | I51: =AB6 -> 39.707455 | N51: 8000 | O51: =AL7 -> 76.478405 | P51: =O51*3.6 -> 275.32226 | Q51: =AL16 -> 203.31976 | R51: =Q51*3.6 -> 731.95112 | S51: =AM25 -> 5.746063 | T51: =10*S51 -> 57.46063 | U51: =AL25 -> 142.45847 | V51: =U51*3.6 -> 512.8505 | W51: =AM34 -> 2.4795082 | X51: =10*W51 -> 24.795082 | Y51: =AL34 -> 119.86486 | Z51: =Y51*3.6 -> 431.51351 | AA51: =1/S51 -> 0.1740322 | AB51: =(AA51+AA50)/2*(N51-N50)/6+AB50 -> 130.36897
B52: =N7 -> 6000 | C52: =O7 -> 67.508306 | D52: =Q7 -> 206.96538 | E52: =S7 -> 10.748031 | F52: =U7 -> 147.04319 | G52: =W7 -> 4.795082 | H52: =Y7 -> 119.05405 | I52: =AB7 -> 67.285266 | N52: 10000 | O52: =AL8 -> 93.023256 | P52: =O52*3.6 -> 334.88372 | Q52: =AL17 -> 200.4277 | R52: =Q52*3.6 -> 721.53971 | S52: =AM26 -> 3.0590551 | T52: =10*S52 -> 30.590551 | U52: =AL26 -> 148.2392 | V52: =U52*3.6 -> 533.66113 | W52: =AM35 -> 1.1885246 | X52: =10*W52 -> 11.885246 | Y52: =AL35 -> 135.47297 | Z52: =Y52*3.6 -> 487.7027 | AA52: =1/S52 -> 0.32689833 | AB52: =(AA52+AA51)/2*(N52-N51)/6+AB51 -> 213.85739
B53: =N8 -> 8000 | C53: =O8 -> 75.481728 | D53: =Q8 -> 206.33401 | E53: =S8 -> 7.8956693 | F53: =U8 -> 152.62458 | G53: =W8 -> 3.2581967 | H53: =Y8 -> 129.39189 | I53: =AB8 -> 103.9006 | N53: 12000 | O53: =AL9 -> 146.24585 | P53: =O53*3.6 -> 526.48505 | Q53: =AL18 -> 170 | R53: =Q53*3.6 -> 612 | S53: =AM27 -> 0.2 | T53: =10*S53 -> 2 | U53: =AL27 -> 153.42193 | V53: =U53*3.6 -> 552.31894 | W53: =AM36 -> 0.020491803 | X53: =10*W53 -> 0.20491803 | Y53: =AL36 -> 153.51351 | Z53: =Y53*3.6 -> 552.64865 | AA53: =1/S53 -> 5 | AB53: =(AA53+AA52)/2*(N53-N52)/6+AB52 -> 1101.6738
B54: =N9 -> 10000 | C54: =O9 -> 87.641196 | D54: =Q9 -> 203.64562 | E54: =S9 -> 5.0846457 | F54: =U9 -> 159.60133 | G54: =W9 -> 1.9262295 | H54: =Y9 -> 144.39189 | I54: =AB9 -> 157.78764 | N54: =AL40 -> 12140 | P54: 560 | R54: =P54 -> 560 | T54: 0 | V54: =R54 -> 560 | X54: 0 | Z54: =R54 -> 560 | AB54: 800
B55: =N10 -> 12000 | C55: =O10 -> 116.14618 | D55: =Q10 -> 197.16904 | E55: =S10 -> 2.3976378 | F55: =U10 -> 167.37542 | G55: =W10 -> 0.84016393 | H55: =Y10 -> 160.81081 | I55: =AB10 -> 260.07893
B57: =N13 -> h [m] | C57: =O13 -> Vmin [m/s] | D57: =Q13 -> Vmax [m/s] | E57: =S13 -> wmax [m/s] | F57: =U13 -> Vw [m/s] | G57: =W13 -> γmax [°] | H57: =Y13 -> Vγ [m/s] | I57: =AB13 -> 10th [min] | N57: h [m] | O57: Vmin [m/s] | P57: Vmin [km/h] | Q57: Vmax [m/s] | R57: Vmax [km/h] | S57: wmax [m/s] | T57: 10·wmax [m/s] | U57: Vw [m/s] | V57: Vw [km/h] | W57: γmax [°] | X57: 10·γmax [°] | Y57: Vγ [m/s] | Z57: Vγ [km/h] | AA57: 1/wmax | AB57: 10th [min]
B58: =N14 -> 0 | C58: =O14 -> 45.966514 | D58: =Q14 -> 204.78759 | E58: =S14 -> 21.384328 | F58: =U14 -> 124.17047 | G58: =W14 -> 12.642857 | H58: =Y14 -> 67.269939 | I58: =AB14 -> 0 | N58: 0 | O58: =AN3 -> 50.166113 | P58: =O58*3.6 -> 180.59801 | Q58: =AN12 -> 205.1896 | R58: =Q58*3.6 -> 738.68257 | S58: =AO21 -> 17.734252 | T58: =10*S58 -> 177.34252 | U58: =AN21 -> 129.10299 | V58: =U58*3.6 -> 464.77076 | W58: =AO30 -> 9.5901639 | X58: =10*W58 -> 95.901639 | Y58: =AN30 -> 80.540541 | Z58: =Y58*3.6 -> 289.94595 | AA58: =1/S58 -> 0.056388056 | AB58: 0
B59: =N15 -> 2000 | C59: =O15 -> 50.65449 | D59: =Q15 -> 205.76652 | E59: =S15 -> 17.731343 | F59: =U15 -> 125.87519 | G59: =W15 -> 9.9047619 | H59: =Y15 -> 75 | I59: =AB15 -> 17.193421 | N59: 2000 | O59: =AN4 -> 55.149502 | P59: =O59*3.6 -> 198.53821 | Q59: =AN13 -> 205.35804 | R59: =Q59*3.6 -> 739.28895 | S59: =AO22 -> 14.509843 | T59: =10*S59 -> 145.09843 | U59: =AN22 -> 134.48505 | V59: =U59*3.6 -> 484.14618 | W59: =AO31 -> 7.397541 | X59: =10*W59 -> 73.97541 | Y59: =AN31 -> 89.459459 | Z59: =Y59*3.6 -> 322.05405 | AA59: =1/S59 -> 0.068918736 | AB59: =(AA59+AA58)/2*(N59-N58)/6 -> 20.884465
B60: =N16 -> 4000 | C60: =O16 -> 56.194825 | D60: =Q16 -> 206.3161 | E60: =S16 -> 14.406716 | F60: =U16 -> 129.49772 | G60: =W16 -> 7.5714286 | H60: =Y16 -> 84.018405 | I60: =AB16 -> 38.16165 | N60: 4000 | O60: =AN5 -> 61.328904 | P60: =O60*3.6 -> 220.78405 | Q60: =AN14 -> 205.82723 | R60: =Q60*3.6 -> 740.97801 | S60: =AO23 -> 11.161417 | T60: =10*S60 -> 111.61417 | U60: =AN23 -> 138.87043 | V60: =U60*3.6 -> 499.93355 | W60: =AO32 -> 5.4508197 | X60: =10*W60 -> 54.508197 | Y60: =AN32 -> 99.391892 | Z60: =Y60*3.6 -> 357.81081 | AA60: =1/S60 -> 0.089594356 | AB60: =(AA60+AA59)/2*(N60-N59)/6+AB59 -> 47.303314
B61: =N17 -> 6000 | C61: =O17 -> 62.587519 | D61: =Q17 -> 206.11001 | E61: =S17 -> 11.164179 | F61: =U17 -> 132.48097 | G61: =W17 -> 5.5238095 | H61: =Y17 -> 93.680982 | I61: =AB17 -> 64.659027 | N61: 6000 | O61: =AN6 -> 68.305648 | P61: =O61*3.6 -> 245.90033 | Q61: =AN15 -> 206.30366 | R61: =Q61*3.6 -> 742.69319 | S61: =AO24 -> 8.1023622 | T61: =10*S61 -> 81.023622 | U61: =AN24 -> 144.65116 | V61: =U61*3.6 -> 520.74419 | W61: =AO33 -> 3.7704918 | X61: =10*W61 -> 37.704918 | Y61: =AN33 -> 112.56757 | Z61: =Y61*3.6 -> 405.24324 | AA61: =1/S61 -> 0.1234208 | AB61: =(AA61+AA60)/2*(N61-N60)/6+AB60 -> 82.805839
B62: =N18 -> 8000 | C62: =O18 -> 70.045662 | D62: =Q18 -> 204.59867 | E62: =S18 -> 8.1679104 | F62: =U18 -> 136.1035 | G62: =W18 -> 3.7619048 | H62: =Y18 -> 104.41718 | I62: =AB18 -> 99.992781 | N62: 8000 | O62: =AN7 -> 76.478405 | P62: =O62*3.6 -> 275.32226 | Q62: =AN16 -> 202.32356 | R62: =Q62*3.6 -> 728.36482 | S62: =AO25 -> 5.3740157 | T62: =10*S62 -> 53.740157 | U62: =AN25 -> 148.2392 | V62: =U62*3.6 -> 533.66113 | W62: =AO34 -> 2.2540984 | X62: =10*W62 -> 22.540984 | Y62: =AN34 -> 127.56757 | Z62: =Y62*3.6 -> 459.24324 | AA62: =1/S62 -> 0.18608059 | AB62: =(AA62+AA61)/2*(N62-N61)/6+AB61 -> 134.3894
B63: =N19 -> 10000 | C63: =O19 -> 79.421613 | D63: =Q19 -> 200.40815 | E63: =S19 -> 5.2126866 | F63: =U19 -> 139.51294 | G63: =W19 -> 2.2380952 | H63: =Y19 -> 118.37423 | I63: =AB19 -> 152.37111 | N63: 10000 | O63: =AN8 -> 95.813953 | P63: =O63*3.6 -> 344.93023 | Q63: =AN17 -> 190.40541 | R63: =Q63*3.6 -> 685.45946 | S63: =AO26 -> 2.5629921 | T63: =10*S63 -> 25.629921 | U63: =AN26 -> 154.81728 | V63: =U63*3.6 -> 557.34219 | W63: =AO35 -> 0.98360656 | X63: =10*W63 -> 9.8360656 | Y63: =AN35 -> 143.17568 | Z63: =Y63*3.6 -> 515.43243 | AA63: =1/S63 -> 0.39016897 | AB63: =(AA63+AA62)/2*(N63-N62)/6+AB62 -> 230.431
B64: =N20 -> 12000 | C64: =O20 -> 102.00913 | D64: =Q20 -> 189.60555 | E64: =S20 -> 2.2164179 | F64: =U20 -> 145.69254 | G64: =W20 -> 0.88095238 | H64: =Y20 -> 135.9816 | I64: =AB20 -> 259.5408 | N64: =AN40 -> 11670 | P64: 565 | R64: =P64 -> 565 | T64: 0 | V64: =R64 -> 565 | X64: 0 | Z64: =R64 -> 565 | AB64: 800
B66: =N23 -> h [m] | C66: =O23 -> Vmin [m/s] | D66: =Q23 -> Vmax [m/s] | E66: =S23 -> wmax [m/s] | F66: =U23 -> Vw [m/s] | G66: =W23 -> γmax [°] | H66: =Y23 -> Vγ [m/s] | I66: =AB23 -> 10th [min]
B67: =N24 -> 0 | C67: =O24 -> 45.966514 | D67: =Q24 -> 205.59478 | E67: =S24 -> 21.548507 | F67: =U24 -> 129.07154 | G67: =W24 -> 12.238095 | H67: =Y24 -> 72.423313 | I67: =AB24 -> 0
B68: =N25 -> 2000 | C68: =O25 -> 50.65449 | D68: =Q25 -> 206.95154 | E68: =S25 -> 17.977612 | F68: =U25 -> 131.41553 | G68: =W25 -> 9.6190476 | H68: =Y25 -> 81.226994 | I68: =AB25 -> 17.005278
B69: =N26 -> 4000 | C69: =O26 -> 56.194825 | D69: =Q26 -> 207.07176 | E69: =S26 -> 14.570896 | F69: =U26 -> 135.25114 | G69: =W26 -> 7.2857143 | H69: =Y26 -> 90.460123 | I69: =AB26 -> 37.714395
B70: =N27 -> 6000 | C70: =O27 -> 62.587519 | D70: =Q27 -> 207.60417 | E70: =S27 -> 11.041045 | F70: =U27 -> 138.2344 | G70: =W27 -> 5.2857143 | H70: =Y27 -> 100.76687 | I70: =AB27 -> 64.247912
B71: =N28 -> 8000 | C71: =O28 -> 69.832572 | D71: =Q28 -> 207.22633 | E71: =S28 -> 7.9216418 | F71: =U28 -> 142.92237 | G71: =W28 -> 3.5714286 | H71: =Y28 -> 112.14724 | I71: =AB28 -> 100.38251
B72: =N29 -> 10000 | C72: =O29 -> 79.208524 | D72: =Q29 -> 203.22473 | E72: =S29 -> 5.0895522 | F72: =U29 -> 146.5449 | G72: =W29 -> 1.9761905 | H72: =Y29 -> 127.17791 | I72: =AB29 -> 154.16874
B73: =N30 -> 12000 | C73: =O30 -> 106.27093 | D73: =Q30 -> 184.12696 | E73: =S30 -> 1.7649254 | F73: =U30 -> 154.00304 | G73: =W30 -> 0.64285714 | H73: =Y30 -> 146.71779 | I73: =AB30 -> 281.34827
B75: =N34 -> h [m] | C75: =O34 -> Vmin [m/s] | D75: =Q34 -> Vmax [m/s] | E75: =S34 -> wmax [m/s] | F75: =U34 -> Vw [m/s] | G75: =W34 -> γmax [°] | H75: =Y34 -> Vγ [m/s] | I75: =AB34 -> 10th [min]
B76: =N35 -> 0 | C76: =O35 -> 49.969183 | D76: =Q35 -> 233.75963 | E76: =S35 -> 21.334454 | F76: =U35 -> 142.78891 | G76: =W35 -> 10.600638 | H76: =Y35 -> 85.566502 | I76: =AB35 -> 0
B77: =N36 -> 2000 | C77: =O36 -> 54.776579 | D77: =Q36 -> 238.56703 | E77: =S36 -> 17.858824 | F77: =U36 -> 149.4453 | G77: =W36 -> 8.4091512 | H77: =Y36 -> 95.812808 | I77: =AB36 -> 17.144545
B78: =N37 -> 4000 | C78: =O37 -> 60.693374 | D78: =Q37 -> 243.74422 | E78: =S37 -> 14.678992 | F78: =U37 -> 156.84129 | G78: =W37 -> 6.5063155 | H78: =Y37 -> 108.42365 | I78: =AB37 -> 37.831095
B79: =N38 -> 6000 | C79: =O38 -> 67.349769 | D79: =Q38 -> 248.92142 | E79: =S38 -> 11.684034 | F79: =U38 -> 164.60709 | G79: =W38 -> 4.8727738 | H79: =Y38 -> 121.82266 | I79: =AB38 -> 63.44967
B80: =N39 -> 8000 | C80: =O39 -> 75.855162 | D80: =Q39 -> 254.83821 | E80: =S39 -> 9.0588235 | F80: =U39 -> 171.63328 | G80: =W39 -> 3.4700644 | H80: =Y39 -> 136.00985 | I80: =AB39 -> 96.112419
B81: =N40 -> 10000 | C81: =O40 -> 86.579353 | D81: =Q40 -> 260.75501 | E81: =S40 -> 6.507563 | F81: =U40 -> 182.35747 | G81: =W40 -> 2.2791777 | H81: =Y40 -> 153.74384 | I81: =AB40 -> 140.12191
B82: =N41 -> 12000 | C82: =O41 -> 112.09553 | D82: =Q41 -> 266.302 | E82: =S41 -> 4.0672269 | F82: =U41 -> 196.04006 | G82: =W41 -> 1.3003663 | H82: =Y41 -> 178.17734 | I82: =AB41 -> 206.7111
B83: =N42 -> 14000 | C83: =O42 -> 152.0339 | D83: =Q42 -> 267.7812 | E83: =S42 -> 1.8487395 | F83: =U42 -> 214.89985 | G83: =W42 -> 0.51436782 | H83: =Y42 -> 208.91626 | I83: =AB42 -> 337.84058
B85: =N46 -> h [m] | C85: =O46 -> Vmin [m/s] | D85: =Q46 -> Vmax [m/s] | E85: =S46 -> wmax [m/s] | F85: =U46 -> Vw [m/s] | G85: =W46 -> γmax [°] | H85: =Y46 -> Vγ [m/s] | I85: =AB46 -> 10th [min]
B86: =N47 -> 0 | C86: =O47 -> 49.966777 | D86: =Q47 -> 203.84 | E86: =S47 -> 17.444882 | F86: =U47 -> 125.91362 | G86: =W47 -> 9.9180328 | H86: =Y47 -> 75.675676 | I86: =AB47 -> 0
B87: =N48 -> 2000 | C87: =O48 -> 55.149502 | D87: =Q48 -> 204.70468 | E87: =S48 -> 14.344488 | F87: =U48 -> 128.30565 | G87: =W48 -> 7.6434426 | H87: =Y48 -> 83.175676 | I87: =AB48 -> 21.172765
B88: =N49 -> 4000 | C88: =O49 -> 61.328904 | D88: =Q49 -> 204.62322 | E88: =S49 -> 11.326772 | F88: =U49 -> 132.69103 | G88: =W49 -> 5.6762295 | H88: =Y49 -> 93.716216 | I88: =AB49 -> 47.506031
B89: =N50 -> 6000 | C89: =O50 -> 68.305648 | D89: =Q50 -> 204.41955 | E89: =S50 -> 8.515748 | F89: =U50 -> 137.47508 | G89: =W50 -> 3.9959016 | H89: =Y50 -> 106.28378 | I89: =AB50 -> 81.792016
B90: =N51 -> 8000 | C90: =O51 -> 76.478405 | D90: =Q51 -> 203.31976 | E90: =S51 -> 5.746063 | F90: =U51 -> 142.45847 | G90: =W51 -> 2.4795082 | H90: =Y51 -> 119.86486 | I90: =AB51 -> 130.36897
B91: =N52 -> 10000 | C91: =O52 -> 93.023256 | D91: =Q52 -> 200.4277 | E91: =S52 -> 3.0590551 | F91: =U52 -> 148.2392 | G91: =W52 -> 1.1885246 | H91: =Y52 -> 135.47297 | I91: =AB52 -> 213.85739
B92: =N53 -> 12000 | C92: =O53 -> 146.24585 | D92: =Q53 -> 170 | E92: =S53 -> 0.2 | F92: =U53 -> 153.42193 | G92: =W53 -> 0.020491803 | H92: =Y53 -> 153.51351 | I92: =AB53 -> 1101.6738
B94: =N57 -> h [m] | C94: =O57 -> Vmin [m/s] | D94: =Q57 -> Vmax [m/s] | E94: =S57 -> wmax [m/s] | F94: =U57 -> Vw [m/s] | G94: =W57 -> γmax [°] | H94: =Y57 -> Vγ [m/s] | I94: =AB57 -> 10th [min]
B95: =N58 -> 0 | C95: =O58 -> 50.166113 | D95: =Q58 -> 205.1896 | E95: =S58 -> 17.734252 | F95: =U58 -> 129.10299 | G95: =W58 -> 9.5901639 | H95: =Y58 -> 80.540541 | I95: =AB58 -> 0
B96: =N59 -> 2000 | C96: =O59 -> 55.149502 | D96: =Q59 -> 205.35804 | E96: =S59 -> 14.509843 | F96: =U59 -> 134.48505 | G96: =W59 -> 7.397541 | H96: =Y59 -> 89.459459 | I96: =AB59 -> 20.884465
B97: =N60 -> 4000 | C97: =O60 -> 61.328904 | D97: =Q60 -> 205.82723 | E97: =S60 -> 11.161417 | F97: =U60 -> 138.87043 | G97: =W60 -> 5.4508197 | H97: =Y60 -> 99.391892 | I97: =AB60 -> 47.303314
B98: =N61 -> 6000 | C98: =O61 -> 68.305648 | D98: =Q61 -> 206.30366 | E98: =S61 -> 8.1023622 | F98: =U61 -> 144.65116 | G98: =W61 -> 3.7704918 | H98: =Y61 -> 112.56757 | I98: =AB61 -> 82.805839
B99: =N62 -> 8000 | C99: =O62 -> 76.478405 | D99: =Q62 -> 202.32356 | E99: =S62 -> 5.3740157 | F99: =U62 -> 148.2392 | G99: =W62 -> 2.2540984 | H99: =Y62 -> 127.56757 | I99: =AB62 -> 134.3894
B100: =N63 -> 10000 | C100: =O63 -> 95.813953 | D100: =Q63 -> 190.40541 | E100: =S63 -> 2.5629921 | F100: =U63 -> 154.81728 | G100: =W63 -> 0.98360656 | H100: =Y63 -> 143.17568 | I100: =AB63 -> 230.431

Sheet Metoda CIągu, zmienna masa
A1: kąt pochylenia osi silnika fi | B1: φ | C1: =Podsumowanie!B30 -> 0.017453293 | D1: rad
A2: Współczynnik kierunkowy prostej Cz(a) | B2: a∞ | C2: =Podsumowanie!B17 -> 6.231 | D2: 1/rad | E2: =DEGREES(C5) -> -1.42 | J2: Metoda ciągu, zmienna masa, h=0m, ściśliwość
A3: Ciąg silnika przy ziemii | B3: Pr-0 | C3: =Podsumowanie!B10 -> 9800 | D3: N | J3: V [m/s] | K3: Ma | L3: Ps [N] | M3: α [°] | N3: γ [°] | O3: w [m/s] | P3: Ps/w | R3: γ | S3: [°] | T3: [rad] | U3: [rad] | V3: [°] | W3: α
A4: Powierzchnia nośna | B4: S | C4: =Podsumowanie!B3 -> 17.5 | D4: m2 | J4: =SQRT(2*(C$14+G12)*C$10/C$4/C$15/G8) -> 50.0036 | K4: =J4/G$11 -> 0.14693976 | L4: =G$9*(1-0.605*K4+0.725*K4^2) -> 9082.2003 | M4: =V4 -> 10.826661 | N4: =S4 -> 8.4759584 | O4: =J4*SIN(RADIANS(N4)) -> 7.3702507 | P4: =L4/1000/O4 -> 1.2322783 | Q4: 1 | R4: =0.5*G$8*C$4*C$2*(U4-C$5)*J4^2+L4*SIN(U4-C$1)-C$10*(C$14+G$12*(J$18-J4)/(J$18-J$4))*COS(T4) -> 0.0046671114 | S4: =DEGREES(T4) -> 8.4759584 | T4: 0.14793338 | U4: 0.18896088 | V4: =DEGREES(U4) -> 10.826661 | W4: =-0.5*G$8*C$4*J4^2*((C$7+(C$2^2)*(U4-C$5)^2/(PI()*C$6))/SQRT(1-(J4/G$11)^2))+L4*COS(U4-C$1)-C$10*(C$14+G$12*(J$18-J4)/(J$18-J$4))*SIN(T4) -> 0.00079383864 | X4: =Q4 -> 1
A5: Kąt zerowej siły nośnej | B5: α0 | C5: =Podsumowanie!B31 -> -0.024783675 | D5: rad | J5: =J$4+Q4*G$14 -> 61.431914 | K5: =J5/G$11 -> 0.18052282 | L5: =G$9*(1-0.605*K5+0.725*K5^2) -> 8961.2214 | M5: =V5 -> 6.6567537 | N5: =S5 -> 9.8404246 | O5: =J5*SIN(RADIANS(N5)) -> 10.499003 | P5: =L5/1000/O5 -> 0.8535307 | Q5: 2 | R5: =0.5*G$8*C$4*C$2*(U5-C$5)*J5^2+L5*SIN(U5-C$1)-C$10*(C$14+G$12*(J$18-J5)/(J$18-J$4))*COS(T5) -> -2.6983806e-05 | S5: =DEGREES(T5) -> 9.8404246 | T5: 0.17174781 | U5: 0.11618227 | V5: =DEGREES(U5) -> 6.6567537 | W5: =-0.5*G$8*C$4*J5^2*((C$7+(C$2^2)*(U5-C$5)^2/(PI()*C$6))/SQRT(1-(J5/G$11)^2))+L5*COS(U5-C$1)-C$10*(C$14+G$12*(J$18-J5)/(J$18-J$4))*SIN(T5) -> -7.2510211e-06 | X5: =Q5 -> 2
A6: wydłużenie Oswalda | B6: Λe | C6: =Podsumowanie!B14 -> 5.134 | D6: - | J6: =J$4+Q5*G$14 -> 72.860228 | K6: =J6/G$11 -> 0.21410587 | L6: =G$9*(1-0.605*K6+0.725*K6^2) -> 8856.2689 | M6: =V6 -> 4.2612842 | N6: =S6 -> 10.433763 | O6: =J6*SIN(RADIANS(N6)) -> 13.194894 | P6: =L6/1000/O6 -> 0.67118911 | Q6: 3 | R6: =0.5*G$8*C$4*C$2*(U6-C$5)*J6^2+L6*SIN(U6-C$1)-C$10*(C$14+G$12*(J$18-J6)/(J$18-J$4))*COS(T6) -> 7.1416034e-05 | S6: =DEGREES(T6) -> 10.433763 | T6: 0.18210352 | U6: 0.074373439 | V6: =DEGREES(U6) -> 4.2612842 | W6: =-0.5*G$8*C$4*J6^2*((C$7+(C$2^2)*(U6-C$5)^2/(PI()*C$6))/SQRT(1-(J6/G$11)^2))+L6*COS(U6-C$1)-C$10*(C$14+G$12*(J$18-J6)/(J$18-J$4))*SIN(T6) -> -0.00037409974 | X6: =Q6 -> 3
A7: Minimalny współczynnik Cx z danych | B7: (Cx)min | C7: =Podsumowanie!B15 -> 0.01533 | D7: - | F7: h | G7: 0 | H7: m | J7: =J$4+Q6*G$14 -> 84.288543 | K7: =J7/G$11 -> 0.24768893 | L7: =G$9*(1-0.605*K7+0.725*K7^2) -> 8767.3427 | M7: =V7 -> 2.7681224 | N7: =S7 -> 10.603235 | O7: =J7*SIN(RADIANS(N7)) -> 15.50967 | P7: =L7/1000/O7 -> 0.56528236 | Q7: 4 | R7: =0.5*G$8*C$4*C$2*(U7-C$5)*J7^2+L7*SIN(U7-C$1)-C$10*(C$14+G$12*(J$18-J7)/(J$18-J$4))*COS(T7) -> 1.1682983e-05 | S7: =DEGREES(T7) -> 10.603235 | T7: 0.18506137 | U7: 0.048312851 | V7: =DEGREES(U7) -> 2.7681224 | W7: =-0.5*G$8*C$4*J7^2*((C$7+(C$2^2)*(U7-C$5)^2/(PI()*C$6))/SQRT(1-(J7/G$11)^2))+L7*COS(U7-C$1)-C$10*(C$14+G$12*(J$18-J7)/(J$18-J$4))*SIN(T7) -> -8.1873212e-05 | X7: =Q7 -> 4
A8: Obroty silnika | B8: ns | C8: =Podsumowanie!B12 -> 243.33333 | D8: 1/s | F8: ρh | G8: =C$9*(1-G7/44300)^4.256 -> 1.2255 | H8: kg/m3 | J8: =J$4+Q7*G$14 -> 95.716857 | K8: =J8/G$11 -> 0.28127199 | L8: =G$9*(1-0.605*K8+0.725*K8^2) -> 8694.4429 | M8: =V8 -> 1.778856 | N8: =S8 -> 10.49987 | O8: =J8*SIN(RADIANS(N8)) -> 17.442798 | P8: =L8/1000/O8 -> 0.49845459 | Q8: 5 | R8: =0.5*G$8*C$4*C$2*(U8-C$5)*J8^2+L8*SIN(U8-C$1)-C$10*(C$14+G$12*(J$18-J8)/(J$18-J$4))*COS(T8) -> 1.9264044e-06 | S8: =DEGREES(T8) -> 10.49987 | T8: 0.18325731 | U8: 0.031046894 | V8: =DEGREES(U8) -> 1.778856 | W8: =-0.5*G$8*C$4*J8^2*((C$7+(C$2^2)*(U8-C$5)^2/(PI()*C$6))/SQRT(1-(J8/G$11)^2))+L8*COS(U8-C$1)-C$10*(C$14+G$12*(J$18-J8)/(J$18-J$4))*SIN(T8) -> -1.7377821e-05 | X8: =Q8 -> 5
A9: gęstość powietrza przy ziemii | B9: ρ | C9: =Podsumowanie!B2 -> 1.2255 | D9: kg/m3 | F9: Ph | G9: =C$3*(G8/C$9)^0.85 -> 9800 | H9: N | J9: =J$4+Q8*G$14 -> 107.14517 | K9: =J9/G$11 -> 0.31485504 | L9: =G$9*(1-0.605*K9+0.725*K9^2) -> 8637.5694 | M9: =V9 -> 1.0918418 | N9: =S9 -> 10.193733 | O9: =J9*SIN(RADIANS(N9)) -> 18.962241 | P9: =L9/1000/O9 -> 0.45551416 | Q9: 6 | R9: =0.5*G$8*C$4*C$2*(U9-C$5)*J9^2+L9*SIN(U9-C$1)-C$10*(C$14+G$12*(J$18-J9)/(J$18-J$4))*COS(T9) -> 0.001221388 | S9: =DEGREES(T9) -> 10.193733 | T9: 0.17791421 | U9: 0.019056234 | V9: =DEGREES(U9) -> 1.0918418 | W9: =-0.5*G$8*C$4*J9^2*((C$7+(C$2^2)*(U9-C$5)^2/(PI()*C$6))/SQRT(1-(J9/G$11)^2))+L9*COS(U9-C$1)-C$10*(C$14+G$12*(J$18-J9)/(J$18-J$4))*SIN(T9) -> 5.9513782e-05 | X9: =Q9 -> 6
A10: Przyspieszenie grawitacyjne | B10: g | C10: =Podsumowanie!B1 -> 9.81 | D10: m/s2 | F10: Th | G10: =C$12-6.5*G7/1000 -> 288.15 | H10: K | J10: =J$4+Q9*G$14 -> 118.57349 | K10: =J10/G$11 -> 0.3484381 | L10: =G$9*(1-0.605*K10+0.725*K10^2) -> 8596.7222 | M10: =V10 -> 0.59656492 | N10: =S10 -> 9.7167485 | O10: =J10*SIN(RADIANS(N10)) -> 20.012538 | P10: =L10/1000/O10 -> 0.42956682 | Q10: 7 | R10: =0.5*G$8*C$4*C$2*(U10-C$5)*J10^2+L10*SIN(U10-C$1)-C$10*(C$14+G$12*(J$18-J10)/(J$18-J$4))*COS(T10) -> 0.00020676825 | S10: =DEGREES(T10) -> 9.7167485 | T10: 0.16958925 | U10: 0.010412022 | V10: =DEGREES(U10) -> 0.59656492 | W10: =-0.5*G$8*C$4*J10^2*((C$7+(C$2^2)*(U10-C$5)^2/(PI()*C$6))/SQRT(1-(J10/G$11)^2))+L10*COS(U10-C$1)-C$10*(C$14+G$12*(J$18-J10)/(J$18-J$4))*SIN(T10) -> 1.1551164e-05 | X10: =Q10 -> 7
A11: Prędkość dźwięku na poziomie morza | B11: a0 | C11: =Podsumowanie!B13 -> 340.3 | D11: m/s | F11: ah | G11: =C$11*SQRT(G10/C$12) -> 340.3 | H11: m/s | J11: =J$4+Q10*G$14 -> 130.0018 | K11: =J11/G$11 -> 0.38202116 | L11: =G$9*(1-0.605*K11+0.725*K11^2) -> 8571.9014 | M11: =V11 -> 0.22849923 | N11: =S11 -> 9.0804259 | O11: =J11*SIN(RADIANS(N11)) -> 20.516978 | P11: =L11/1000/O11 -> 0.41779551 | Q11: 8 | R11: =0.5*G$8*C$4*C$2*(U11-C$5)*J11^2+L11*SIN(U11-C$1)-C$10*(C$14+G$12*(J$18-J11)/(J$18-J$4))*COS(T11) -> 0.0001826776 | S11: =DEGREES(T11) -> 9.0804259 | T11: 0.15848333 | U11: 0.003988064 | V11: =DEGREES(U11) -> 0.22849923 | W11: =-0.5*G$8*C$4*J11^2*((C$7+(C$2^2)*(U11-C$5)^2/(PI()*C$6))/SQRT(1-(J11/G$11)^2))+L11*COS(U11-C$1)-C$10*(C$14+G$12*(J$18-J11)/(J$18-J$4))*SIN(T11) -> 7.3295168e-06 | X11: =Q11 -> 8
A12: Tempratura na poziomie morza | B12: T0 | C12: =Podsumowanie!B18 -> 288.15 | D12: K | F12: mp | G12: =C13 -> 996 | H12: kg | J12: =J$4+Q11*G$14 -> 141.43011 | K12: =J12/G$11 -> 0.41560421 | L12: =G$9*(1-0.605*K12+0.725*K12^2) -> 8563.107 | M12: =V12 -> -0.052017611 | N12: =S12 -> 8.2837074 | O12: =J12*SIN(RADIANS(N12)) -> 20.376517 | P12: =L12/1000/O12 -> 0.42024389 | Q12: 9 | R12: =0.5*G$8*C$4*C$2*(U12-C$5)*J12^2+L12*SIN(U12-C$1)-C$10*(C$14+G$12*(J$18-J12)/(J$18-J$4))*COS(T12) -> 6.0660266e-05 | S12: =DEGREES(T12) -> 8.2837074 | T12: 0.14457797 | U12: -0.00090787859 | V12: =DEGREES(U12) -> -0.052017611 | W12: =-0.5*G$8*C$4*J12^2*((C$7+(C$2^2)*(U12-C$5)^2/(PI()*C$6))/SQRT(1-(J12/G$11)^2))+L12*COS(U12-C$1)-C$10*(C$14+G$12*(J$18-J12)/(J$18-J$4))*SIN(T12) -> 2.5843001e-06 | X12: =Q12 -> 9
A13: Masa paliwa | B13: mp | C13: =Podsumowanie!B5 -> 996 | D13: kg | F13: dmp | G13: {=C$16*(G25-G7)*MIN(IF(P4:P18>0,P4:P18))} -> 24.733494 | H13: kg | J13: =J$4+Q12*G$14 -> 152.85843 | K13: =J13/G$11 -> 0.44918727 | L13: =G$9*(1-0.605*K13+0.725*K13^2) -> 8570.3389 | M13: =V13 -> -0.27042586 | N13: =S13 -> 7.3164116 | O13: =J13*SIN(RADIANS(N13)) -> 19.466325 | P13: =L13/1000/O13 -> 0.44026486 | Q13: 10 | R13: =0.5*G$8*C$4*C$2*(U13-C$5)*J13^2+L13*SIN(U13-C$1)-C$10*(C$14+G$12*(J$18-J13)/(J$18-J$4))*COS(T13) -> 1.5323822e-05 | S13: =DEGREES(T13) -> 7.3164116 | T13: 0.12769547 | U13: -0.0047198217 | V13: =DEGREES(U13) -> -0.27042586 | W13: =-0.5*G$8*C$4*J13^2*((C$7+(C$2^2)*(U13-C$5)^2/(PI()*C$6))/SQRT(1-(J13/G$11)^2))+L13*COS(U13-C$1)-C$10*(C$14+G$12*(J$18-J13)/(J$18-J$4))*SIN(T13) -> 8.4160047e-07 | X13: =Q13 -> 10
A14: Masa pełnego samolotu bez paliwa | B14: mmin | C14: =Podsumowanie!B4-Podsumowanie!B5 -> 2844 | D14: kg | F14: v | G14: =(J18-J4)/Q17 -> 11.428314 | H14: m/s | J14: =J$4+Q13*G$14 -> 164.28674 | K14: =J14/G$11 -> 0.48277033 | L14: =G$9*(1-0.605*K14+0.725*K14^2) -> 8593.5971 | M14: =V14 -> -0.44364242 | N14: =S14 -> 6.1604402 | O14: =J14*SIN(RADIANS(N14)) -> 17.63009 | P14: =L14/1000/O14 -> 0.48743921 | Q14: 11 | R14: =0.5*G$8*C$4*C$2*(U14-C$5)*J14^2+L14*SIN(U14-C$1)-C$10*(C$14+G$12*(J$18-J14)/(J$18-J$4))*COS(T14) -> 4.6889218e-06 | S14: =DEGREES(T14) -> 6.1604402 | T14: 0.10751996 | U14: -0.007743021 | V14: =DEGREES(U14) -> -0.44364242 | W14: =-0.5*G$8*C$4*J14^2*((C$7+(C$2^2)*(U14-C$5)^2/(PI()*C$6))/SQRT(1-(J14/G$11)^2))+L14*COS(U14-C$1)-C$10*(C$14+G$12*(J$18-J14)/(J$18-J$4))*SIN(T14) -> 1.9493154e-07 | X14: =Q14 -> 11
A15: maksymalny współczynnik siły nośnej | B15: Czmax | C15: =Podsumowanie!B16 -> 1.405 | D15: - | J15: =J$4+Q14*G$14 -> 175.71506 | K15: =J15/G$11 -> 0.51635339 | L15: =G$9*(1-0.605*K15+0.725*K15^2) -> 8632.8817 | M15: =V15 -> -0.58327296 | N15: =S15 -> 4.7895935 | O15: =J15*SIN(RADIANS(N15)) -> 14.671654 | P15: =L15/1000/O15 -> 0.58840549 | Q15: 12 | R15: =0.5*G$8*C$4*C$2*(U15-C$5)*J15^2+L15*SIN(U15-C$1)-C$10*(C$14+G$12*(J$18-J15)/(J$18-J$4))*COS(T15) -> 1.6487709e-05 | S15: =DEGREES(T15) -> 4.7895935 | T15: 0.083594176 | U15: -0.010180034 | V15: =DEGREES(U15) -> -0.58327296 | W15: =-0.5*G$8*C$4*J15^2*((C$7+(C$2^2)*(U15-C$5)^2/(PI()*C$6))/SQRT(1-(J15/G$11)^2))+L15*COS(U15-C$1)-C$10*(C$14+G$12*(J$18-J15)/(J$18-J$4))*SIN(T15) -> 1.2109554e-06 | X15: =Q15 -> 12
A16: Jednostkowe zużycie paliwa | B16: qe | C16: =Podsumowanie!B32 -> 0.0296 | D16: kg/kNs | J16: =J$4+Q15*G$14 -> 187.14337 | K16: =J16/G$11 -> 0.54993644 | L16: =G$9*(1-0.605*K16+0.725*K16^2) -> 8688.1926 | M16: =V16 -> -0.69750444 | N16: =S16 -> 3.1682435 | O16: =J16*SIN(RADIANS(N16)) -> 10.343059 | P16: =L16/1000/O16 -> 0.84000219 | Q16: 13 | R16: =0.5*G$8*C$4*C$2*(U16-C$5)*J16^2+L16*SIN(U16-C$1)-C$10*(C$14+G$12*(J$18-J16)/(J$18-J$4))*COS(T16) -> 1.4688812e-06 | S16: =DEGREES(T16) -> 3.1682435 | T16: 0.05529628 | U16: -0.012173749 | V16: =DEGREES(U16) -> -0.69750444 | W16: =-0.5*G$8*C$4*J16^2*((C$7+(C$2^2)*(U16-C$5)^2/(PI()*C$6))/SQRT(1-(J16/G$11)^2))+L16*COS(U16-C$1)-C$10*(C$14+G$12*(J$18-J16)/(J$18-J$4))*SIN(T16) -> 6.6968141e-08 | X16: =Q16 -> 13
J17: =J$4+Q16*G$14 -> 198.57169 | K17: =J17/G$11 -> 0.5835195 | L17: =G$9*(1-0.605*K17+0.725*K17^2) -> 8759.5299 | M17: =V17 -> -0.79226516 | N17: =S17 -> 1.2487325 | O17: =J17*SIN(RADIANS(N17)) -> 4.3274266 | P17: =L17/1000/O17 -> 2.0241891 | Q17: 14 | R17: =0.5*G$8*C$4*C$2*(U17-C$5)*J17^2+L17*SIN(U17-C$1)-C$10*(C$14+G$12*(J$18-J17)/(J$18-J$4))*COS(T17) -> 1.6044214e-07 | S17: =DEGREES(T17) -> 1.2487325 | T17: 0.021794493 | U17: -0.013827636 | V17: =DEGREES(U17) -> -0.79226516 | W17: =-0.5*G$8*C$4*J17^2*((C$7+(C$2^2)*(U17-C$5)^2/(PI()*C$6))/SQRT(1-(J17/G$11)^2))+L17*COS(U17-C$1)-C$10*(C$14+G$12*(J$18-J17)/(J$18-J$4))*SIN(T17) -> 1.9676918e-09 | X17: =Q17 -> 14
J18: 210 | K18: =J18/G$11 -> 0.61710256 | L18: =G$9*(1-0.605*K18+0.725*K18^2) -> 8846.8935 | M18: =V18 -> -0.871964 | N18: =S18 -> -1.0330159 | O18: =J18*SIN(RADIANS(N18)) -> -3.7859961 | P18: =L18/1000/O18 -> -2.3367413 | Q18: 15 | R18: =0.5*G$8*C$4*C$2*(U18-C$5)*J18^2+L18*SIN(U18-C$1)-C$10*(C$14+G$12*(J$18-J18)/(J$18-J$4))*COS(T18) -> 0.00034585471 | S18: =DEGREES(T18) -> -1.0330159 | T18: -0.018029529 | U18: -0.015218643 | V18: =DEGREES(U18) -> -0.871964 | W18: =-0.5*G$8*C$4*J18^2*((C$7+(C$2^2)*(U18-C$5)^2/(PI()*C$6))/SQRT(1-(J18/G$11)^2))+L18*COS(U18-C$1)-C$10*(C$14+G$12*(J$18-J18)/(J$18-J$4))*SIN(T18) -> -3.5284632e-05 | X18: =Q18 -> 15
J20: Metoda ciągu, zmienna masa, h=2km, ściśliwość
J21: V [m/s] | K21: Ma | L21: Ps [N] | M21: α [°] | N21: γ [°] | O21: w [m/s] | P21: Ps/w | R21: γ | S21: [°] | T21: [rad] | U21: [rad] | V21: [°] | W21: α
J22: =SQRT(2*(C$14+G30)*C$10/C$4/C$15/G26) -> 54.991166 | K22: =J22/G$29 -> 0.16536954 | L22: =G$27*(1-0.605*K22+0.725*K22^2) -> 7626.5464 | M22: =V22 -> 10.967536 | N22: =S22 -> 6.2244595 | O22: =J22*SIN(RADIANS(N22)) -> 5.9623483 | P22: =L22/1000/O22 -> 1.2791179 | Q22: 1 | R22: =0.5*G$26*C$4*C$2*(U22-C$5)*J22^2+L22*SIN(U22-C$1)-C$10*(C$14+G$30*(J$36-J22)/(J$36-J$22))*COS(T22) -> -0.00011439241 | S22: =DEGREES(T22) -> 6.2244595 | T22: 0.10863731 | U22: 0.19141962 | V22: =DEGREES(U22) -> 10.967536 | W22: =-0.5*G$26*C$4*J22^2*((C$7+(C$2^2)*(U22-C$5)^2/(PI()*C$6))/SQRT(1-(J22/G$29)^2))+L22*COS(U22-C$1)-C$10*(C$14+G$30*(J$36-J22)/(J$36-J$22))*SIN(T22) -> -4.6534722e-05 | X22: =Q22 -> 1
J23: =J$22+Q22*G$32 -> 66.063225 | K23: =J23/G$29 -> 0.19866546 | L23: =G$27*(1-0.605*K23+0.725*K23^2) -> 7532.3823 | M23: =V23 -> 7.1021783 | N23: =S23 -> 7.5043408 | O23: =J23*SIN(RADIANS(N23)) -> 8.6279434 | P23: =L23/1000/O23 -> 0.87302176 | Q23: 2 | R23: =0.5*G$26*C$4*C$2*(U23-C$5)*J23^2+L23*SIN(U23-C$1)-C$10*(C$14+G$30*(J$36-J23)/(J$36-J$22))*COS(T23) -> -1.5690755e-05 | S23: =DEGREES(T23) -> 7.5043408 | T23: 0.13097545 | U23: 0.1239564 | V23: =DEGREES(U23) -> 7.1021783 | W23: =-0.5*G$26*C$4*J23^2*((C$7+(C$2^2)*(U23-C$5)^2/(PI()*C$6))/SQRT(1-(J23/G$29)^2))+L23*COS(U23-C$1)-C$10*(C$14+G$30*(J$36-J23)/(J$36-J$22))*SIN(T23) -> -4.2300762e-06 | X23: =Q23 -> 2
J24: =J$22+Q23*G$32 -> 77.135285 | K24: =J24/G$29 -> 0.23196138 | L24: =G$27*(1-0.605*K24+0.725*K24^2) -> 7451.5471 | M24: =V24 -> 4.7581989 | N24: =S24 -> 8.1313793 | O24: =J24*SIN(RADIANS(N24)) -> 10.910278 | P24: =L24/1000/O24 -> 0.68298415 | Q24: 3 | R24: =0.5*G$26*C$4*C$2*(U24-C$5)*J24^2+L24*SIN(U24-C$1)-C$10*(C$14+G$30*(J$36-J24)/(J$36-J$22))*COS(T24) -> 5.3297867e-05 | S24: =DEGREES(T24) -> 8.1313793 | T24: 0.14191934 | U24: 0.083046238 | V24: =DEGREES(U24) -> 4.7581989 | W24: =-0.5*G$26*C$4*J24^2*((C$7+(C$2^2)*(U24-C$5)^2/(PI()*C$6))/SQRT(1-(J24/G$29)^2))+L24*COS(U24-C$1)-C$10*(C$14+G$30*(J$36-J24)/(J$36-J$22))*SIN(T24) -> -0.00027104005 | X24: =Q24 -> 3
F25: h | G25: 2000 | H25: m | J25: =J$22+Q24*G$32 -> 88.207344 | K25: =J25/G$29 -> 0.2652573 | L25: =G$27*(1-0.605*K25+0.725*K25^2) -> 7384.0409 | M25: =V25 -> 3.2380115 | N25: =S25 -> 8.3810081 | O25: =J25*SIN(RADIANS(N25)) -> 12.856671 | P25: =L25/1000/O25 -> 0.57433538 | Q25: 4 | R25: =0.5*G$26*C$4*C$2*(U25-C$5)*J25^2+L25*SIN(U25-C$1)-C$10*(C$14+G$30*(J$36-J25)/(J$36-J$22))*COS(T25) -> 1.2606892e-05 | S25: =DEGREES(T25) -> 8.3810081 | T25: 0.14627619 | U25: 0.056513962 | V25: =DEGREES(U25) -> 3.2380115 | W25: =-0.5*G$26*C$4*J25^2*((C$7+(C$2^2)*(U25-C$5)^2/(PI()*C$6))/SQRT(1-(J25/G$29)^2))+L25*COS(U25-C$1)-C$10*(C$14+G$30*(J$36-J25)/(J$36-J$22))*SIN(T25) -> -8.3095101e-05 | X25: =Q25 -> 4
F26: ρh | G26: =C$9*(1-G25/44300)^4.256 -> 1.0067547 | H26: kg/m3 | J26: =J$22+Q25*G$32 -> 99.279404 | K26: =J26/G$29 -> 0.29855322 | L26: =G$27*(1-0.605*K26+0.725*K26^2) -> 7329.8636 | M26: =V26 -> 2.1999439 | N26: =S26 -> 8.3825959 | O26: =J26*SIN(RADIANS(N26)) -> 14.473202 | P26: =L26/1000/O26 -> 0.50644382 | Q26: 5 | R26: =0.5*G$26*C$4*C$2*(U26-C$5)*J26^2+L26*SIN(U26-C$1)-C$10*(C$14+G$30*(J$36-J26)/(J$36-J$22))*COS(T26) -> 2.6576017e-06 | S26: =DEGREES(T26) -> 8.3825959 | T26: 0.1463039 | U26: 0.038396264 | V26: =DEGREES(U26) -> 2.1999439 | W26: =-0.5*G$26*C$4*J26^2*((C$7+(C$2^2)*(U26-C$5)^2/(PI()*C$6))/SQRT(1-(J26/G$29)^2))+L26*COS(U26-C$1)-C$10*(C$14+G$30*(J$36-J26)/(J$36-J$22))*SIN(T26) -> -2.2083884e-05 | X26: =Q26 -> 5
F27: Ph | G27: =C$3*(G26/C$9)^0.85 -> 8291.7246 | H27: N | J27: =J$22+Q26*G$32 -> 110.35146 | K27: =J27/G$29 -> 0.33184914 | L27: =G$27*(1-0.605*K27+0.725*K27^2) -> 7289.0151 | M27: =V27 -> 1.4617217 | N27: =S27 -> 8.2002055 | O27: =J27*SIN(RADIANS(N27)) -> 15.739703 | P27: =L27/1000/O27 -> 0.46309737 | Q27: 6 | R27: =0.5*G$26*C$4*C$2*(U27-C$5)*J27^2+L27*SIN(U27-C$1)-C$10*(C$14+G$30*(J$36-J27)/(J$36-J$22))*COS(T27) -> 0.0017719482 | S27: =DEGREES(T27) -> 8.2002055 | T27: 0.14312058 | U27: 0.025511856 | V27: =DEGREES(U27) -> 1.4617217 | W27: =-0.5*G$26*C$4*J27^2*((C$7+(C$2^2)*(U27-C$5)^2/(PI()*C$6))/SQRT(1-(J27/G$29)^2))+L27*COS(U27-C$1)-C$10*(C$14+G$30*(J$36-J27)/(J$36-J$22))*SIN(T27) -> 8.9538288e-05 | X27: =Q27 -> 6
F28: Th | G28: =C$12-6.5*G25/1000 -> 275.15 | H28: K | J28: =J$22+Q27*G$32 -> 121.42352 | K28: =J28/G$29 -> 0.36514506 | L28: =G$27*(1-0.605*K28+0.725*K28^2) -> 7261.4957 | M28: =V28 -> 0.91925993 | N28: =S28 -> 7.8652795 | O28: =J28*SIN(RADIANS(N28)) -> 16.616115 | P28: =L28/1000/O28 -> 0.43701524 | Q28: 7 | R28: =0.5*G$26*C$4*C$2*(U28-C$5)*J28^2+L28*SIN(U28-C$1)-C$10*(C$14+G$30*(J$36-J28)/(J$36-J$22))*COS(T28) -> 0.0006650173 | S28: =DEGREES(T28) -> 7.8652795 | T28: 0.13727502 | U28: 0.016044112 | V28: =DEGREES(U28) -> 0.91925993 | W28: =-0.5*G$26*C$4*J28^2*((C$7+(C$2^2)*(U28-C$5)^2/(PI()*C$6))/SQRT(1-(J28/G$29)^2))+L28*COS(U28-C$1)-C$10*(C$14+G$30*(J$36-J28)/(J$36-J$22))*SIN(T28) -> 3.0213223e-05 | X28: =Q28 -> 7
F29: ah | G29: =C$11*SQRT(G28/C$12) -> 332.53503 | H29: m/s | J29: =J$22+Q28*G$32 -> 132.49558 | K29: =J29/G$29 -> 0.39844098 | L29: =G$27*(1-0.605*K29+0.725*K29^2) -> 7247.3051 | M29: =V29 -> 0.50975789 | N29: =S29 -> 7.3910823 | O29: =J29*SIN(RADIANS(N29)) -> 17.044397 | P29: =L29/1000/O29 -> 0.42520161 | Q29: 8 | R29: =0.5*G$26*C$4*C$2*(U29-C$5)*J29^2+L29*SIN(U29-C$1)-C$10*(C$14+G$30*(J$36-J29)/(J$36-J$22))*COS(T29) -> 0.000167055 | S29: =DEGREES(T29) -> 7.3910823 | T29: 0.12899872 | U29: 0.0088969536 | V29: =DEGREES(U29) -> 0.50975789 | W29: =-0.5*G$26*C$4*J29^2*((C$7+(C$2^2)*(U29-C$5)^2/(PI()*C$6))/SQRT(1-(J29/G$29)^2))+L29*COS(U29-C$1)-C$10*(C$14+G$30*(J$36-J29)/(J$36-J$22))*SIN(T29) -> 8.2163397e-06 | X29: =Q29 -> 8
F30: mp | G30: =G12-G13 -> 971.26651 | H30: kg | J30: =J$22+Q29*G$32 -> 143.56764 | K30: =J30/G$29 -> 0.4317369 | L30: =G$27*(1-0.605*K30+0.725*K30^2) -> 7246.4434 | M30: =V30 -> 0.1935634 | N30: =S30 -> 6.7794358 | O30: =J30*SIN(RADIANS(N30)) -> 16.947812 | P30: =L30/1000/O30 -> 0.42757399 | Q30: 9 | R30: =0.5*G$26*C$4*C$2*(U30-C$5)*J30^2+L30*SIN(U30-C$1)-C$10*(C$14+G$30*(J$36-J30)/(J$36-J$22))*COS(T30) -> 0.00010283557 | S30: =DEGREES(T30) -> 6.7794358 | T30: 0.11832348 | U30: 0.0033783186 | V30: =DEGREES(U30) -> 0.1935634 | W30: =-0.5*G$26*C$4*J30^2*((C$7+(C$2^2)*(U30-C$5)^2/(PI()*C$6))/SQRT(1-(J30/G$29)^2))+L30*COS(U30-C$1)-C$10*(C$14+G$30*(J$36-J30)/(J$36-J$22))*SIN(T30) -> 4.251594e-06 | X30: =Q30 -> 9
F31: dmp | G31: {=C$16*(G43-G25)*MIN(IF(P22:P36>0,P22:P36))} -> 25.171935 | H31: kg | J31: =J$22+Q30*G$32 -> 154.6397 | K31: =J31/G$29 -> 0.46503282 | L31: =G$27*(1-0.605*K31+0.725*K31^2) -> 7258.9107 | M31: =V31 -> -0.055331161 | N31: =S31 -> 6.0238367 | O31: =J31*SIN(RADIANS(N31)) -> 16.228231 | P31: =L31/1000/O31 -> 0.44730141 | Q31: 10 | R31: =0.5*G$26*C$4*C$2*(U31-C$5)*J31^2+L31*SIN(U31-C$1)-C$10*(C$14+G$30*(J$36-J31)/(J$36-J$22))*COS(T31) -> 2.6008747e-06 | S31: =DEGREES(T31) -> 6.0238367 | T31: 0.10513578 | U31: -0.00096571094 | V31: =DEGREES(U31) -> -0.055331161 | W31: =-0.5*G$26*C$4*J31^2*((C$7+(C$2^2)*(U31-C$5)^2/(PI()*C$6))/SQRT(1-(J31/G$29)^2))+L31*COS(U31-C$1)-C$10*(C$14+G$30*(J$36-J31)/(J$36-J$22))*SIN(T31) -> 8.7025683e-07 | X31: =Q31 -> 10
F32: v | G32: =(J36-J22)/Q35 -> 11.07206 | H32: m/s | J32: =J$22+Q31*G$32 -> 165.71176 | K32: =J32/G$29 -> 0.49832874 | L32: =G$27*(1-0.605*K32+0.725*K32^2) -> 7284.7069 | M32: =V32 -> -0.25454732 | N32: =S32 -> 5.1106552 | O32: =J32*SIN(RADIANS(N32)) -> 14.761525 | P32: =L32/1000/O32 -> 0.49349283 | Q32: 11 | R32: =0.5*G$26*C$4*C$2*(U32-C$5)*J32^2+L32*SIN(U32-C$1)-C$10*(C$14+G$30*(J$36-J32)/(J$36-J$22))*COS(T32) -> 6.0056263e-06 | S32: =DEGREES(T32) -> 5.1106552 | T32: 0.08919776 | U32: -0.0044426888 | V32: =DEGREES(U32) -> -0.25454732 | W32: =-0.5*G$26*C$4*J32^2*((C$7+(C$2^2)*(U32-C$5)^2/(PI()*C$6))/SQRT(1-(J32/G$29)^2))+L32*COS(U32-C$1)-C$10*(C$14+G$30*(J$36-J32)/(J$36-J$22))*SIN(T32) -> 4.458193e-07 | X32: =Q32 -> 11
J33: =J$22+Q32*G$32 -> 176.78382 | K33: =J33/G$29 -> 0.53162466 | L33: =G$27*(1-0.605*K33+0.725*K33^2) -> 7323.832 | M33: =V33 -> -0.41636705 | N33: =S33 -> 4.0191204 | O33: =J33*SIN(RADIANS(N33)) -> 12.390667 | P33: =L33/1000/O33 -> 0.59107649 | Q33: 12 | R33: =0.5*G$26*C$4*C$2*(U33-C$5)*J33^2+L33*SIN(U33-C$1)-C$10*(C$14+G$30*(J$36-J33)/(J$36-J$22))*COS(T33) -> 2.9718285e-07 | S33: =DEGREES(T33) -> 4.0191204 | T33: 0.070146885 | U33: -0.007266976 | V33: =DEGREES(U33) -> -0.41636705 | W33: =-0.5*G$26*C$4*J33^2*((C$7+(C$2^2)*(U33-C$5)^2/(PI()*C$6))/SQRT(1-(J33/G$29)^2))+L33*COS(U33-C$1)-C$10*(C$14+G$30*(J$36-J33)/(J$36-J$22))*SIN(T33) -> 1.6730155e-08 | X33: =Q33 -> 12
J34: =J$22+Q33*G$32 -> 187.85588 | K34: =J34/G$29 -> 0.56492058 | L34: =G$27*(1-0.605*K34+0.725*K34^2) -> 7376.286 | M34: =V34 -> -0.54956986 | N34: =S34 -> 2.7203154 | O34: =J34*SIN(RADIANS(N34)) -> 8.9157574 | P34: =L34/1000/O34 -> 0.82733139 | Q34: 13 | R34: =0.5*G$26*C$4*C$2*(U34-C$5)*J34^2+L34*SIN(U34-C$1)-C$10*(C$14+G$30*(J$36-J34)/(J$36-J$22))*COS(T34) -> 1.1040393e-06 | S34: =DEGREES(T34) -> 2.7203154 | T34: 0.04747846 | U34: -0.0095918036 | V34: =DEGREES(U34) -> -0.54956986 | W34: =-0.5*G$26*C$4*J34^2*((C$7+(C$2^2)*(U34-C$5)^2/(PI()*C$6))/SQRT(1-(J34/G$29)^2))+L34*COS(U34-C$1)-C$10*(C$14+G$30*(J$36-J34)/(J$36-J$22))*SIN(T34) -> 3.9735596e-08 | X34: =Q34 -> 13
J35: =J$22+Q34*G$32 -> 198.92794 | K35: =J35/G$29 -> 0.5982165 | L35: =G$27*(1-0.605*K35+0.725*K35^2) -> 7442.0689 | M35: =V35 -> -0.66058128 | N35: =S35 -> 1.1750941 | O35: =J35*SIN(RADIANS(N35)) -> 4.0795791 | P35: =L35/1000/O35 -> 1.8242247 | Q35: 14 | R35: =0.5*G$26*C$4*C$2*(U35-C$5)*J35^2+L35*SIN(U35-C$1)-C$10*(C$14+G$30*(J$36-J35)/(J$36-J$22))*COS(T35) -> 1.1533848e-07 | S35: =DEGREES(T35) -> 1.1750941 | T35: 0.020509261 | U35: -0.011529318 | V35: =DEGREES(U35) -> -0.66058128 | W35: =-0.5*G$26*C$4*J35^2*((C$7+(C$2^2)*(U35-C$5)^2/(PI()*C$6))/SQRT(1-(J35/G$29)^2))+L35*COS(U35-C$1)-C$10*(C$14+G$30*(J$36-J35)/(J$36-J$22))*SIN(T35) -> 1.0383019e-09 | X35: =Q35 -> 14
J36: 210 | K36: =J36/G$29 -> 0.63151242 | L36: =G$27*(1-0.605*K36+0.725*K36^2) -> 7521.1808 | M36: =V36 -> -0.75421648 | N36: =S36 -> -0.66947191 | O36: =J36*SIN(RADIANS(N36)) -> -2.4536869 | P36: =L36/1000/O36 -> -3.065257 | Q36: 15 | R36: =0.5*G$26*C$4*C$2*(U36-C$5)*J36^2+L36*SIN(U36-C$1)-C$10*(C$14+G$30*(J$36-J36)/(J$36-J$22))*COS(T36) -> 0.00012844438 | S36: =DEGREES(T36) -> -0.66947191 | T36: -0.011684489 | U36: -0.013163561 | V36: =DEGREES(U36) -> -0.75421648 | W36: =-0.5*G$26*C$4*J36^2*((C$7+(C$2^2)*(U36-C$5)^2/(PI()*C$6))/SQRT(1-(J36/G$29)^2))+L36*COS(U36-C$1)-C$10*(C$14+G$30*(J$36-J36)/(J$36-J$22))*SIN(T36) -> -1.2168876e-05 | X36: =Q36 -> 15
J38: Metoda ciągu, zmienna masa, h=4km, ściśliwość
J39: V [m/s] | K39: Ma | L39: Ps [N] | M39: α [°] | N39: γ [°] | O39: w [m/s] | P39: Ps/w | R39: γ | S39: [°] | T39: [rad] | U39: [rad] | V39: [°] | W39: α
J40: =SQRT(2*(C$14+G48)*C$10/C$4/C$15/G44) -> 60.760127 | K40: =J40/G$47 -> 0.18719365 | L40: =G$45*(1-0.605*K40+0.725*K40^2) -> 6347.6816 | M40: =V40 -> 11.077985 | N40: =S40 -> 4.2434963 | O40: =J40*SIN(RADIANS(N40)) -> 4.4959633 | P40: =L40/1000/O40 -> 1.4118624 | Q40: 1 | R40: =0.5*G$44*C$4*C$2*(U40-C$5)*J40^2+L40*SIN(U40-C$1)-C$10*(C$14+G$48*(J$54-J40)/(J$54-J$40))*COS(T40) -> 0.00022519968 | S40: =DEGREES(T40) -> 4.2434963 | T40: 0.074062983 | U40: 0.19334731 | V40: =DEGREES(U40) -> 11.077985 | W40: =-0.5*G$44*C$4*J40^2*((C$7+(C$2^2)*(U40-C$5)^2/(PI()*C$6))/SQRT(1-(J40/G$47)^2))+L40*COS(U40-C$1)-C$10*(C$14+G$48*(J$54-J40)/(J$54-J$40))*SIN(T40) -> 7.9344208e-05 | X40: =Q40 -> 1
J41: =J$40+Q40*G$50 -> 71.420118 | K41: =J41/G$47 -> 0.22003562 | L41: =G$45*(1-0.605*K41+0.725*K41^2) -> 6276.887 | M41: =V41 -> 7.5428023 | N41: =S41 -> 5.4266228 | O41: =J41*SIN(RADIANS(N41)) -> 6.7542646 | P41: =L41/1000/O41 -> 0.92932204 | Q41: 2 | R41: =0.5*G$44*C$4*C$2*(U41-C$5)*J41^2+L41*SIN(U41-C$1)-C$10*(C$14+G$48*(J$54-J41)/(J$54-J$40))*COS(T41) -> 0.00012027436 | S41: =DEGREES(T41) -> 5.4266228 | T41: 0.094712436 | U41: 0.13164674 | V41: =DEGREES(U41) -> 7.5428023 | W41: =-0.5*G$44*C$4*J41^2*((C$7+(C$2^2)*(U41-C$5)^2/(PI()*C$6))/SQRT(1-(J41/G$47)^2))+L41*COS(U41-C$1)-C$10*(C$14+G$48*(J$54-J41)/(J$54-J$40))*SIN(T41) -> -0.0004270306 | X41: =Q41 -> 2
J42: =J$40+Q41*G$50 -> 82.080109 | K42: =J42/G$47 -> 0.2528776 | L42: =G$45*(1-0.605*K42+0.725*K42^2) -> 6216.976 | M42: =V42 -> 5.2804193 | N42: =S42 -> 6.0696449 | O42: =J42*SIN(RADIANS(N42)) -> 8.6789258 | P42: =L42/1000/O42 -> 0.71633012 | Q42: 3 | R42: =0.5*G$44*C$4*C$2*(U42-C$5)*J42^2+L42*SIN(U42-C$1)-C$10*(C$14+G$48*(J$54-J42)/(J$54-J$40))*COS(T42) -> 0.0019949765 | S42: =DEGREES(T42) -> 6.0696449 | T42: 0.10593529 | U42: 0.092160703 | V42: =DEGREES(U42) -> 5.2804193 | W42: =-0.5*G$44*C$4*J42^2*((C$7+(C$2^2)*(U42-C$5)^2/(PI()*C$6))/SQRT(1-(J42/G$47)^2))+L42*COS(U42-C$1)-C$10*(C$14+G$48*(J$54-J42)/(J$54-J$40))*SIN(T42) -> 0.00026220302 | X42: =Q42 -> 3
F43: h | G43: 4000 | H43: m | J43: =J$40+Q42*G$50 -> 92.7401 | K43: =J43/G$47 -> 0.28571957 | L43: =G$45*(1-0.605*K43+0.725*K43^2) -> 6167.9486 | M43: =V43 -> 3.7521864 | N43: =S43 -> 6.3833477 | O43: =J43*SIN(RADIANS(N43)) -> 10.310854 | P43: =L43/1000/O43 -> 0.59819961 | Q43: 4 | R43: =0.5*G$44*C$4*C$2*(U43-C$5)*J43^2+L43*SIN(U43-C$1)-C$10*(C$14+G$48*(J$54-J43)/(J$54-J$40))*COS(T43) -> 0.0011537081 | S43: =DEGREES(T43) -> 6.3833477 | T43: 0.11141043 | U43: 0.065488007 | V43: =DEGREES(U43) -> 3.7521864 | W43: =-0.5*G$44*C$4*J43^2*((C$7+(C$2^2)*(U43-C$5)^2/(PI()*C$6))/SQRT(1-(J43/G$47)^2))+L43*COS(U43-C$1)-C$10*(C$14+G$48*(J$54-J43)/(J$54-J$40))*SIN(T43) -> 0.00011630368 | X43: =Q43 -> 4
F44: ρh | G44: =C$9*(1-G43/44300)^4.256 -> 0.81921394 | H44: kg/m3 | J44: =J$40+Q43*G$50 -> 103.40009 | K44: =J44/G$47 -> 0.31856155 | L44: =G$45*(1-0.605*K44+0.725*K44^2) -> 6129.8049 | M44: =V44 -> 2.6749597 | N44: =S44 -> 6.4746226 | O44: =J44*SIN(RADIANS(N44)) -> 11.659718 | P44: =L44/1000/O44 -> 0.52572497 | Q44: 5 | R44: =0.5*G$44*C$4*C$2*(U44-C$5)*J44^2+L44*SIN(U44-C$1)-C$10*(C$14+G$48*(J$54-J44)/(J$54-J$40))*COS(T44) -> 0.0012710248 | S44: =DEGREES(T44) -> 6.4746226 | T44: 0.11300348 | U44: 0.046686853 | V44: =DEGREES(U44) -> 2.6749597 | W44: =-0.5*G$44*C$4*J44^2*((C$7+(C$2^2)*(U44-C$5)^2/(PI()*C$6))/SQRT(1-(J44/G$47)^2))+L44*COS(U44-C$1)-C$10*(C$14+G$48*(J$54-J44)/(J$54-J$40))*SIN(T44) -> 9.3483406e-05 | X44: =Q44 -> 5
F45: Ph | G45: =C$3*(G44/C$9)^0.85 -> 6959.0105 | H45: N | J45: =J$40+Q44*G$50 -> 114.06008 | K45: =J45/G$47 -> 0.35140352 | L45: =G$45*(1-0.605*K45+0.725*K45^2) -> 6102.5448 | M45: =V45 -> 1.8891678 | N45: =S45 -> 6.3999638 | O45: =J45*SIN(RADIANS(N45)) -> 12.714084 | P45: =L45/1000/O45 -> 0.47998305 | Q45: 6 | R45: =0.5*G$44*C$4*C$2*(U45-C$5)*J45^2+L45*SIN(U45-C$1)-C$10*(C$14+G$48*(J$54-J45)/(J$54-J$40))*COS(T45) -> 0.00069132935 | S45: =DEGREES(T45) -> 6.3999638 | T45: 0.11170044 | U45: 0.032972199 | V45: =DEGREES(U45) -> 1.8891678 | W45: =-0.5*G$44*C$4*J45^2*((C$7+(C$2^2)*(U45-C$5)^2/(PI()*C$6))/SQRT(1-(J45/G$47)^2))+L45*COS(U45-C$1)-C$10*(C$14+G$48*(J$54-J45)/(J$54-J$40))*SIN(T45) -> 4.447707e-05 | X45: =Q45 -> 6
F46: Th | G46: =C$12-6.5*G43/1000 -> 262.15 | H46: K | J46: =J$40+Q45*G$50 -> 124.72007 | K46: =J46/G$47 -> 0.3842455 | L46: =G$45*(1-0.605*K46+0.725*K46^2) -> 6086.1683 | M46: =V46 -> 1.2996236 | N46: =S46 -> 6.1890813 | O46: =J46*SIN(RADIANS(N46)) -> 13.446059 | P46: =L46/1000/O46 -> 0.45263586 | Q46: 7 | R46: =0.5*G$44*C$4*C$2*(U46-C$5)*J46^2+L46*SIN(U46-C$1)-C$10*(C$14+G$48*(J$54-J46)/(J$54-J$40))*COS(T46) -> 0.00038912793 | S46: =DEGREES(T46) -> 6.1890813 | T46: 0.10801985 | U46: 0.022682711 | V46: =DEGREES(U46) -> 1.2996236 | W46: =-0.5*G$44*C$4*J46^2*((C$7+(C$2^2)*(U46-C$5)^2/(PI()*C$6))/SQRT(1-(J46/G$47)^2))+L46*COS(U46-C$1)-C$10*(C$14+G$48*(J$54-J46)/(J$54-J$40))*SIN(T46) -> 2.2059971e-05 | X46: =Q46 -> 7
F47: ah | G47: =C$11*SQRT(G46/C$12) -> 324.58434 | H47: m/s | J47: =J$40+Q46*G$50 -> 135.38006 | K47: =J47/G$47 -> 0.41708747 | L47: =G$45*(1-0.605*K47+0.725*K47^2) -> 6080.6755 | M47: =V47 -> 0.84681681 | N47: =S47 -> 5.8560715 | O47: =J47*SIN(RADIANS(N47)) -> 13.81281 | P47: =L47/1000/O47 -> 0.44022001 | Q47: 8 | R47: =0.5*G$44*C$4*C$2*(U47-C$5)*J47^2+L47*SIN(U47-C$1)-C$10*(C$14+G$48*(J$54-J47)/(J$54-J$40))*COS(T47) -> 0.00024908485 | S47: =DEGREES(T47) -> 5.8560715 | T47: 0.10220773 | U47: 0.014779742 | V47: =DEGREES(U47) -> 0.84681681 | W47: =-0.5*G$44*C$4*J47^2*((C$7+(C$2^2)*(U47-C$5)^2/(PI()*C$6))/SQRT(1-(J47/G$47)^2))+L47*COS(U47-C$1)-C$10*(C$14+G$48*(J$54-J47)/(J$54-J$40))*SIN(T47) -> 1.2156526e-05 | X47: =Q47 -> 8
F48: mp | G48: =G30-G31 -> 946.09457 | H48: kg | J48: =J$40+Q47*G$50 -> 146.04005 | K48: =J48/G$47 -> 0.44992945 | L48: =G$45*(1-0.605*K48+0.725*K48^2) -> 6086.0663 | M48: =V48 -> 0.49205088 | N48: =S48 -> 5.404918 | O48: =J48*SIN(RADIANS(N48)) -> 13.756063 | P48: =L48/1000/O48 -> 0.44242792 | Q48: 9 | R48: =0.5*G$44*C$4*C$2*(U48-C$5)*J48^2+L48*SIN(U48-C$1)-C$10*(C$14+G$48*(J$54-J48)/(J$54-J$40))*COS(T48) -> 0.0001281234 | S48: =DEGREES(T48) -> 5.404918 | T48: 0.094333614 | U48: 0.008587908 | V48: =DEGREES(U48) -> 0.49205088 | W48: =-0.5*G$44*C$4*J48^2*((C$7+(C$2^2)*(U48-C$5)^2/(PI()*C$6))/SQRT(1-(J48/G$47)^2))+L48*COS(U48-C$1)-C$10*(C$14+G$48*(J$54-J48)/(J$54-J$40))*SIN(T48) -> 5.8145224e-06 | X48: =Q48 -> 9
F49: dmp | G49: {=C$16*(G61-G43)*MIN(IF(P40:P54>0,P40:P54))} -> 26.061024 | H49: kg | J49: =J$40+Q48*G$50 -> 156.70005 | K49: =J49/G$47 -> 0.48277142 | L49: =G$45*(1-0.605*K49+0.725*K49^2) -> 6102.3408 | M49: =V49 -> 0.2093089 | N49: =S49 -> 4.8321709 | O49: =J49*SIN(RADIANS(N49)) -> 13.199996 | P49: =L49/1000/O49 -> 0.46229867 | Q49: 10 | R49: =0.5*G$44*C$4*C$2*(U49-C$5)*J49^2+L49*SIN(U49-C$1)-C$10*(C$14+G$48*(J$54-J49)/(J$54-J$40))*COS(T49) -> 2.2753546e-05 | S49: =DEGREES(T49) -> 4.8321709 | T49: 0.084337292 | U49: 0.0036531294 | V49: =DEGREES(U49) -> 0.2093089 | W49: =-0.5*G$44*C$4*J49^2*((C$7+(C$2^2)*(U49-C$5)^2/(PI()*C$6))/SQRT(1-(J49/G$47)^2))+L49*COS(U49-C$1)-C$10*(C$14+G$48*(J$54-J49)/(J$54-J$40))*SIN(T49) -> 1.6374966e-06 | X49: =Q49 -> 10
F50: v | G50: =(J54-J40)/Q53 -> 10.659991 | H50: m/s | J50: =J$40+Q49*G$50 -> 167.36004 | K50: =J50/G$47 -> 0.5156134 | L50: =G$45*(1-0.605*K50+0.725*K50^2) -> 6129.4988 | M50: =V50 -> -0.019411793 | N50: =S50 -> 4.1280555 | O50: =J50*SIN(RADIANS(N50)) -> 12.047553 | P50: =L50/1000/O50 -> 0.50877541 | Q50: 11 | R50: =0.5*G$44*C$4*C$2*(U50-C$5)*J50^2+L50*SIN(U50-C$1)-C$10*(C$14+G$48*(J$54-J50)/(J$54-J$40))*COS(T50) -> 1.9509516e-05 | S50: =DEGREES(T50) -> 4.1280555 | T50: 0.07204816 | U50: -0.0003387997 | V50: =DEGREES(U50) -> -0.019411793 | W50: =-0.5*G$44*C$4*J50^2*((C$7+(C$2^2)*(U50-C$5)^2/(PI()*C$6))/SQRT(1-(J50/G$47)^2))+L50*COS(U50-C$1)-C$10*(C$14+G$48*(J$54-J50)/(J$54-J$40))*SIN(T50) -> 9.7701468e-07 | X50: =Q50 -> 11
J51: =J$40+Q50*G$50 -> 178.02003 | K51: =J51/G$47 -> 0.54845537 | L51: =G$45*(1-0.605*K51+0.725*K51^2) -> 6167.5406 | M51: =V51 -> -0.20688652 | N51: =S51 -> 3.276555 | O51: =J51*SIN(RADIANS(N51)) -> 10.174825 | P51: =L51/1000/O51 -> 0.60615692 | Q51: 12 | R51: =0.5*G$44*C$4*C$2*(U51-C$5)*J51^2+L51*SIN(U51-C$1)-C$10*(C$14+G$48*(J$54-J51)/(J$54-J$40))*COS(T51) -> 5.487309e-07 | S51: =DEGREES(T51) -> 3.276555 | T51: 0.057186672 | U51: -0.0036108509 | V51: =DEGREES(U51) -> -0.20688652 | W51: =-0.5*G$44*C$4*J51^2*((C$7+(C$2^2)*(U51-C$5)^2/(PI()*C$6))/SQRT(1-(J51/G$47)^2))+L51*COS(U51-C$1)-C$10*(C$14+G$48*(J$54-J51)/(J$54-J$40))*SIN(T51) -> 1.9570984e-07 | X51: =Q51 -> 12
J52: =J$40+Q51*G$50 -> 188.68002 | K52: =J52/G$47 -> 0.58129735 | L52: =G$45*(1-0.605*K52+0.725*K52^2) -> 6216.4659 | M52: =V52 -> -0.36238852 | N52: =S52 -> 2.2546459 | O52: =J52*SIN(RADIANS(N52)) -> 7.4228302 | P52: =L52/1000/O52 -> 0.8374792 | Q52: 13 | R52: =0.5*G$44*C$4*C$2*(U52-C$5)*J52^2+L52*SIN(U52-C$1)-C$10*(C$14+G$48*(J$54-J52)/(J$54-J$40))*COS(T52) -> 1.0083277e-06 | S52: =DEGREES(T52) -> 2.2546459 | T52: 0.039350994 | U52: -0.0063248728 | V52: =DEGREES(U52) -> -0.36238852 | W52: =-0.5*G$44*C$4*J52^2*((C$7+(C$2^2)*(U52-C$5)^2/(PI()*C$6))/SQRT(1-(J52/G$47)^2))+L52*COS(U52-C$1)-C$10*(C$14+G$48*(J$54-J52)/(J$54-J$40))*SIN(T52) -> 2.6965836e-08 | X52: =Q52 -> 13
J53: =J$40+Q52*G$50 -> 199.34001 | K53: =J53/G$47 -> 0.61413932 | L53: =G$45*(1-0.605*K53+0.725*K53^2) -> 6276.2749 | M53: =V53 -> -0.49279205 | N53: =S53 -> 1.0306195 | O53: =J53*SIN(RADIANS(N53)) -> 3.5854755 | P53: =L53/1000/O53 -> 1.7504721 | Q53: 14 | R53: =0.5*G$44*C$4*C$2*(U53-C$5)*J53^2+L53*SIN(U53-C$1)-C$10*(C$14+G$48*(J$54-J53)/(J$54-J$40))*COS(T53) -> 7.4112904e-08 | S53: =DEGREES(T53) -> 1.0306195 | T53: 0.017987703 | U53: -0.0086008438 | V53: =DEGREES(U53) -> -0.49279205 | W53: =-0.5*G$44*C$4*J53^2*((C$7+(C$2^2)*(U53-C$5)^2/(PI()*C$6))/SQRT(1-(J53/G$47)^2))+L53*COS(U53-C$1)-C$10*(C$14+G$48*(J$54-J53)/(J$54-J$40))*SIN(T53) -> 3.1457148e-10 | X53: =Q53 -> 14
J54: 210 | K54: =J54/G$47 -> 0.6469813 | L54: =G$45*(1-0.605*K54+0.725*K54^2) -> 6346.9676 | M54: =V54 -> -0.60330029 | N54: =S54 -> -0.43882913 | O54: =J54*SIN(RADIANS(N54)) -> -1.608377 | P54: =L54/1000/O54 -> -3.9461939 | Q54: 15 | R54: =0.5*G$44*C$4*C$2*(U54-C$5)*J54^2+L54*SIN(U54-C$1)-C$10*(C$14+G$48*(J$54-J54)/(J$54-J$40))*COS(T54) -> 3.1505067e-05 | S54: =DEGREES(T54) -> -0.43882913 | T54: -0.0076590131 | U54: -0.010529576 | V54: =DEGREES(U54) -> -0.60330029 | W54: =-0.5*G$44*C$4*J54^2*((C$7+(C$2^2)*(U54-C$5)^2/(PI()*C$6))/SQRT(1-(J54/G$47)^2))+L54*COS(U54-C$1)-C$10*(C$14+G$48*(J$54-J54)/(J$54-J$40))*SIN(T54) -> -3.3619364e-06 | X54: =Q54 -> 15
J56: Metoda ciągu, zmienna masa, h=6km, ściśliwość
J57: V [m/s] | K57: Ma | L57: Ps [N] | M57: α [°] | N57: γ [°] | O57: w [m/s] | P57: Ps/w | R57: γ | S57: [°] | T57: [rad] | U57: [rad] | V57: [°] | W57: α
J58: =SQRT(2*(C$14+G66)*C$10/C$4/C$15/G62) -> 67.478052 | K58: =J58/G$65 -> 0.21324529 | L58: =G$63*(1-0.605*K58+0.725*K58^2) -> 5232.6612 | M58: =V58 -> 11.163936 | N58: =S58 -> 2.5061431 | O58: =J58*SIN(RADIANS(N58)) -> 2.9505792 | P58: =L58/1000/O58 -> 1.7734352 | Q58: 1 | R58: =0.5*G$62*C$4*C$2*(U58-C$5)*J58^2+L58*SIN(U58-C$1)-C$10*(C$14+G$66*(J$72-J58)/(J$72-J$58))*COS(T58) -> -6.9572568e-05 | S58: =DEGREES(T58) -> 2.5061431 | T58: 0.043740449 | U58: 0.19484745 | V58: =DEGREES(U58) -> 11.163936 | W58: =-0.5*G$62*C$4*J58^2*((C$7+(C$2^2)*(U58-C$5)^2/(PI()*C$6))/SQRT(1-(J58/G$65)^2))+L58*COS(U58-C$1)-C$10*(C$14+G$66*(J$72-J58)/(J$72-J$58))*SIN(T58) -> -2.8083796e-05 | X58: =Q58 -> 1
J59: =J$58+Q58*G$68 -> 77.658191 | K59: =J59/G$65 -> 0.24541674 | L59: =G$63*(1-0.605*K59+0.725*K59^2) -> 5181.9195 | M59: =V59 -> 7.9788511 | N59: =S59 -> 3.5826796 | O59: =J59*SIN(RADIANS(N59)) -> 4.8527683 | P59: =L59/1000/O59 -> 1.0678275 | Q59: 2 | R59: =0.5*G$62*C$4*C$2*(U59-C$5)*J59^2+L59*SIN(U59-C$1)-C$10*(C$14+G$66*(J$72-J59)/(J$72-J$58))*COS(T59) -> 0.00011055713 | S59: =DEGREES(T59) -> 3.5826796 | T59: 0.062529554 | U59: 0.13925722 | V59: =DEGREES(U59) -> 7.9788511 | W59: =-0.5*G$62*C$4*J59^2*((C$7+(C$2^2)*(U59-C$5)^2/(PI()*C$6))/SQRT(1-(J59/G$65)^2))+L59*COS(U59-C$1)-C$10*(C$14+G$66*(J$72-J59)/(J$72-J$58))*SIN(T59) -> -0.00038975028 | X59: =Q59 -> 2
J60: =J$58+Q59*G$68 -> 87.838331 | K60: =J60/G$65 -> 0.27758819 | L60: =G$63*(1-0.605*K60+0.725*K60^2) -> 5139.8651 | M60: =V60 -> 5.8287174 | N60: =S60 -> 4.2242834 | O60: =J60*SIN(RADIANS(N60)) -> 6.4702485 | P60: =L60/1000/O60 -> 0.79438449 | Q60: 3 | R60: =0.5*G$62*C$4*C$2*(U60-C$5)*J60^2+L60*SIN(U60-C$1)-C$10*(C$14+G$66*(J$72-J60)/(J$72-J$58))*COS(T60) -> 1.4911253e-05 | S60: =DEGREES(T60) -> 4.2242834 | T60: 0.073727654 | U60: 0.10173031 | V60: =DEGREES(U60) -> 5.8287174 | W60: =-0.5*G$62*C$4*J60^2*((C$7+(C$2^2)*(U60-C$5)^2/(PI()*C$6))/SQRT(1-(J60/G$65)^2))+L60*COS(U60-C$1)-C$10*(C$14+G$66*(J$72-J60)/(J$72-J$58))*SIN(T60) -> -6.7363165e-05 | X60: =Q60 -> 3
F61: h | G61: 6000 | H61: m | J61: =J$58+Q60*G$68 -> 98.01847 | K61: =J61/G$65 -> 0.30975964 | L61: =G$63*(1-0.605*K61+0.725*K61^2) -> 5106.4979 | M61: =V61 -> 4.3145806 | N61: =S61 -> 4.5855618 | O61: =J61*SIN(RADIANS(N61)) -> 7.836355 | P61: =L61/1000/O61 -> 0.65164198 | Q61: 4 | R61: =0.5*G$62*C$4*C$2*(U61-C$5)*J61^2+L61*SIN(U61-C$1)-C$10*(C$14+G$66*(J$72-J61)/(J$72-J$58))*COS(T61) -> 0.0045295742 | S61: =DEGREES(T61) -> 4.5855618 | T61: 0.080033151 | U61: 0.075303637 | V61: =DEGREES(U61) -> 4.3145806 | W61: =-0.5*G$62*C$4*J61^2*((C$7+(C$2^2)*(U61-C$5)^2/(PI()*C$6))/SQRT(1-(J61/G$65)^2))+L61*COS(U61-C$1)-C$10*(C$14+G$66*(J$72-J61)/(J$72-J$58))*SIN(T61) -> 0.00040368775 | X61: =Q61 -> 4
F62: ρh | G62: =C$9*(1-G61/44300)^4.256 -> 0.6596492 | H62: kg/m3 | J62: =J$58+Q61*G$68 -> 108.19861 | K62: =J62/G$65 -> 0.34193109 | L62: =G$63*(1-0.605*K62+0.725*K62^2) -> 5081.8181 | M62: =V62 -> 3.2111887 | N62: =S62 -> 4.7511384 | O62: =J62*SIN(RADIANS(N62)) -> 8.9618753 | P62: =L62/1000/O62 -> 0.56704852 | Q62: 5 | R62: =0.5*G$62*C$4*C$2*(U62-C$5)*J62^2+L62*SIN(U62-C$1)-C$10*(C$14+G$66*(J$72-J62)/(J$72-J$58))*COS(T62) -> 0.0019964636 | S62: =DEGREES(T62) -> 4.7511384 | T62: 0.082923009 | U62: 0.056045815 | V62: =DEGREES(U62) -> 3.2111887 | W62: =-0.5*G$62*C$4*J62^2*((C$7+(C$2^2)*(U62-C$5)^2/(PI()*C$6))/SQRT(1-(J62/G$65)^2))+L62*COS(U62-C$1)-C$10*(C$14+G$66*(J$72-J62)/(J$72-J$58))*SIN(T62) -> 0.00015376558 | X62: =Q62 -> 5
F63: Ph | G63: =C$3*(G62/C$9)^0.85 -> 5788.6307 | H63: N | J63: =J$58+Q62*G$68 -> 118.37875 | K63: =J63/G$65 -> 0.37410254 | L63: =G$63*(1-0.605*K63+0.725*K63^2) -> 5065.8256 | M63: =V63 -> 2.384151 | N63: =S63 -> 4.7687405 | O63: =J63*SIN(RADIANS(N63)) -> 9.8413182 | P63: =L63/1000/O63 -> 0.51475072 | Q63: 6 | R63: =0.5*G$62*C$4*C$2*(U63-C$5)*J63^2+L63*SIN(U63-C$1)-C$10*(C$14+G$66*(J$72-J63)/(J$72-J$58))*COS(T63) -> 0.0009641374 | S63: =DEGREES(T63) -> 4.7687405 | T63: 0.083230224 | U63: 0.041611284 | V63: =DEGREES(U63) -> 2.384151 | W63: =-0.5*G$62*C$4*J63^2*((C$7+(C$2^2)*(U63-C$5)^2/(PI()*C$6))/SQRT(1-(J63/G$65)^2))+L63*COS(U63-C$1)-C$10*(C$14+G$66*(J$72-J63)/(J$72-J$58))*SIN(T63) -> 6.5519754e-05 | X63: =Q63 -> 6
F64: Th | G64: =C$12-6.5*G61/1000 -> 249.15 | H64: K | J64: =J$58+Q63*G$68 -> 128.55889 | K64: =J64/G$65 -> 0.40627399 | L64: =G$63*(1-0.605*K64+0.725*K64^2) -> 5058.5204 | M64: =V64 -> 1.7494935 | N64: =S64 -> 4.665171 | O64: =J64*SIN(RADIANS(N64)) -> 10.456036 | P64: =L64/1000/O64 -> 0.48378951 | Q64: 7 | R64: =0.5*G$62*C$4*C$2*(U64-C$5)*J64^2+L64*SIN(U64-C$1)-C$10*(C$14+G$66*(J$72-J64)/(J$72-J$58))*COS(T64) -> 0.00044667757 | S64: =DEGREES(T64) -> 4.665171 | T64: 0.081422594 | U64: 0.030534422 | V64: =DEGREES(U64) -> 1.7494935 | W64: =-0.5*G$62*C$4*J64^2*((C$7+(C$2^2)*(U64-C$5)^2/(PI()*C$6))/SQRT(1-(J64/G$65)^2))+L64*COS(U64-C$1)-C$10*(C$14+G$66*(J$72-J64)/(J$72-J$58))*SIN(T64) -> 2.7745195e-05 | X64: =Q64 -> 7
F65: ah | G65: =C$11*SQRT(G64/C$12) -> 316.43396 | H65: m/s | J65: =J$58+Q64*G$68 -> 138.73903 | K65: =J65/G$65 -> 0.43844544 | L65: =G$63*(1-0.605*K65+0.725*K65^2) -> 5059.9026 | M65: =V65 -> 1.2526617 | N65: =S65 -> 4.4544041 | O65: =J65*SIN(RADIANS(N65)) -> 10.775267 | P65: =L65/1000/O65 -> 0.46958488 | Q65: 8 | R65: =0.5*G$62*C$4*C$2*(U65-C$5)*J65^2+L65*SIN(U65-C$1)-C$10*(C$14+G$66*(J$72-J65)/(J$72-J$58))*COS(T65) -> 0.00019392937 | S65: =DEGREES(T65) -> 4.4544041 | T65: 0.077744019 | U65: 0.021863071 | V65: =DEGREES(U65) -> 1.2526617 | W65: =-0.5*G$62*C$4*J65^2*((C$7+(C$2^2)*(U65-C$5)^2/(PI()*C$6))/SQRT(1-(J65/G$65)^2))+L65*COS(U65-C$1)-C$10*(C$14+G$66*(J$72-J65)/(J$72-J$58))*SIN(T65) -> 1.1572518e-05 | X65: =Q65 -> 8
F66: mp | G66: =G48-G49 -> 920.03355 | H66: kg | J66: =J$58+Q65*G$68 -> 148.91917 | K66: =J66/G$65 -> 0.47061689 | L66: =G$63*(1-0.605*K66+0.725*K66^2) -> 5069.972 | M66: =V66 -> 0.85701755 | N66: =S66 -> 4.1418102 | O66: =J66*SIN(RADIANS(N66)) -> 10.755729 | P66: =L66/1000/O66 -> 0.4713741 | Q66: 9 | R66: =0.5*G$62*C$4*C$2*(U66-C$5)*J66^2+L66*SIN(U66-C$1)-C$10*(C$14+G$66*(J$72-J66)/(J$72-J$58))*COS(T66) -> 7.402727e-05 | S66: =DEGREES(T66) -> 4.1418102 | T66: 0.072288225 | U66: 0.014957778 | V66: =DEGREES(U66) -> 0.85701755 | W66: =-0.5*G$62*C$4*J66^2*((C$7+(C$2^2)*(U66-C$5)^2/(PI()*C$6))/SQRT(1-(J66/G$65)^2))+L66*COS(U66-C$1)-C$10*(C$14+G$66*(J$72-J66)/(J$72-J$58))*SIN(T66) -> 4.6672062e-06 | X66: =Q66 -> 9
F67: dmp | G67: {=C$16*(G79-G61)*MIN(IF(P58:P72>0,P58:P72))} -> 27.799425 | H67: kg | J67: =J$58+Q66*G$68 -> 159.0993 | K67: =J67/G$65 -> 0.50278834 | L67: =G$63*(1-0.605*K67+0.725*K67^2) -> 5088.7287 | M67: =V67 -> 0.53724188 | N67: =S67 -> 3.7263167 | O67: =J67*SIN(RADIANS(N67)) -> 10.339968 | P67: =L67/1000/O67 -> 0.49214161 | Q67: 10 | R67: =0.5*G$62*C$4*C$2*(U67-C$5)*J67^2+L67*SIN(U67-C$1)-C$10*(C$14+G$66*(J$72-J67)/(J$72-J$58))*COS(T67) -> 1.4918005e-05 | S67: =DEGREES(T67) -> 3.7263167 | T67: 0.065036496 | U67: 0.0093766397 | V67: =DEGREES(U67) -> 0.53724188 | W67: =-0.5*G$62*C$4*J67^2*((C$7+(C$2^2)*(U67-C$5)^2/(PI()*C$6))/SQRT(1-(J67/G$65)^2))+L67*COS(U67-C$1)-C$10*(C$14+G$66*(J$72-J67)/(J$72-J$58))*SIN(T67) -> 1.5910307e-06 | X67: =Q67 -> 10
F68: v | G68: =(J72-J58)/Q71 -> 10.180139 | H68: m/s | J68: =J$58+Q67*G$68 -> 169.27944 | K68: =J68/G$65 -> 0.53495979 | L68: =G$63*(1-0.605*K68+0.725*K68^2) -> 5116.1727 | M68: =V68 -> 0.27539583 | N68: =S68 -> 3.2013564 | O68: =J68*SIN(RADIANS(N68)) -> 9.4534344 | P68: =L68/1000/O68 -> 0.54119725 | Q68: 11 | R68: =0.5*G$62*C$4*C$2*(U68-C$5)*J68^2+L68*SIN(U68-C$1)-C$10*(C$14+G$66*(J$72-J68)/(J$72-J$58))*COS(T68) -> 2.0199783e-05 | S68: =DEGREES(T68) -> 3.2013564 | T68: 0.055874209 | U68: 0.0048065639 | V68: =DEGREES(U68) -> 0.27539583 | W68: =-0.5*G$62*C$4*J68^2*((C$7+(C$2^2)*(U68-C$5)^2/(PI()*C$6))/SQRT(1-(J68/G$65)^2))+L68*COS(U68-C$1)-C$10*(C$14+G$66*(J$72-J68)/(J$72-J$58))*SIN(T68) -> 1.168253e-06 | X68: =Q68 -> 11
J69: =J$58+Q68*G$68 -> 179.45958 | K69: =J69/G$65 -> 0.56713124 | L69: =G$63*(1-0.605*K69+0.725*K69^2) -> 5152.3041 | M69: =V69 -> 0.058486294 | N69: =S69 -> 2.5549842 | O69: =J69*SIN(RADIANS(N69)) -> 7.9999688 | P69: =L69/1000/O69 -> 0.64404052 | Q69: 12 | R69: =0.5*G$62*C$4*C$2*(U69-C$5)*J69^2+L69*SIN(U69-C$1)-C$10*(C$14+G$66*(J$72-J69)/(J$72-J$58))*COS(T69) -> 5.8446785e-06 | S69: =DEGREES(T69) -> 2.5549842 | T69: 0.044592886 | U69: 0.0010207784 | V69: =DEGREES(U69) -> 0.058486294 | W69: =-0.5*G$62*C$4*J69^2*((C$7+(C$2^2)*(U69-C$5)^2/(PI()*C$6))/SQRT(1-(J69/G$65)^2))+L69*COS(U69-C$1)-C$10*(C$14+G$66*(J$72-J69)/(J$72-J$58))*SIN(T69) -> 4.6041691e-07 | X69: =Q69 -> 12
J70: =J$58+Q69*G$68 -> 189.63972 | K70: =J70/G$65 -> 0.59930269 | L70: =G$63*(1-0.605*K70+0.725*K70^2) -> 5197.1227 | M70: =V70 -> -0.1230865 | N70: =S70 -> 1.7692904 | O70: =J70*SIN(RADIANS(N70)) -> 5.8551332 | P70: =L70/1000/O70 -> 0.88761818 | Q70: 13 | R70: =0.5*G$62*C$4*C$2*(U70-C$5)*J70^2+L70*SIN(U70-C$1)-C$10*(C$14+G$66*(J$72-J70)/(J$72-J$58))*COS(T70) -> 1.055083e-06 | S70: =DEGREES(T70) -> 1.7692904 | T70: 0.030879943 | U70: -0.0021482647 | V70: =DEGREES(U70) -> -0.1230865 | W70: =-0.5*G$62*C$4*J70^2*((C$7+(C$2^2)*(U70-C$5)^2/(PI()*C$6))/SQRT(1-(J70/G$65)^2))+L70*COS(U70-C$1)-C$10*(C$14+G$66*(J$72-J70)/(J$72-J$58))*SIN(T70) -> 1.1533211e-07 | X70: =Q70 -> 13
J71: =J$58+Q70*G$68 -> 199.81986 | K71: =J71/G$65 -> 0.63147414 | L71: =G$63*(1-0.605*K71+0.725*K71^2) -> 5250.6287 | M71: =V71 -> -0.27654758 | N71: =S71 -> 0.81904429 | O71: =J71*SIN(RADIANS(N71)) -> 2.8563315 | P71: =L71/1000/O71 -> 1.838242 | Q71: 14 | R71: =0.5*G$62*C$4*C$2*(U71-C$5)*J71^2+L71*SIN(U71-C$1)-C$10*(C$14+G$66*(J$72-J71)/(J$72-J$58))*COS(T71) -> 3.0751835e-08 | S71: =DEGREES(T71) -> 0.81904429 | T71: 0.01429502 | U71: -0.0048266659 | V71: =DEGREES(U71) -> -0.27654758 | W71: =-0.5*G$62*C$4*J71^2*((C$7+(C$2^2)*(U71-C$5)^2/(PI()*C$6))/SQRT(1-(J71/G$65)^2))+L71*COS(U71-C$1)-C$10*(C$14+G$66*(J$72-J71)/(J$72-J$58))*SIN(T71) -> -1.3278623e-10 | X71: =Q71 -> 14
J72: 210 | K72: =J72/G$65 -> 0.66364559 | L72: =G$63*(1-0.605*K72+0.725*K72^2) -> 5312.8219 | M72: =V72 -> -0.40743458 | N72: =S72 -> -0.3306969 | O72: =J72*SIN(RADIANS(N72)) -> -1.2120607 | P72: =L72/1000/O72 -> -4.3832968 | Q72: 15 | R72: =0.5*G$62*C$4*C$2*(U72-C$5)*J72^2+L72*SIN(U72-C$1)-C$10*(C$14+G$66*(J$72-J72)/(J$72-J$58))*COS(T72) -> -0.0041783805 | S72: =DEGREES(T72) -> -0.3306969 | T72: -0.0057717497 | U72: -0.0071110749 | V72: =DEGREES(U72) -> -0.40743458 | W72: =-0.5*G$62*C$4*J72^2*((C$7+(C$2^2)*(U72-C$5)^2/(PI()*C$6))/SQRT(1-(J72/G$65)^2))+L72*COS(U72-C$1)-C$10*(C$14+G$66*(J$72-J72)/(J$72-J$58))*SIN(T72) -> 8.8651031e-05 | X72: =Q72 -> 15
J74: Metoda ciągu, zmienna masa, h=8km, ściśliwość
J75: V [m/s] | K75: Ma | L75: Ps [N] | M75: α [°] | N75: γ [°] | O75: w [m/s] | P75: Ps/w | R75: γ | S75: [°] | T75: [rad] | U75: [rad] | V75: [°] | W75: α
J76: =SQRT(2*(C$14+G84)*C$10/C$4/C$15/G80) -> 75.35612 | K76: =J76/G$83 -> 0.24460871 | L76: =G$81*(1-0.605*K76+0.725*K76^2) -> 4269.007 | M76: =V76 -> 11.230198 | N76: =S76 -> 0.98742176 | O76: =J76*SIN(RADIANS(N76)) -> 1.2986051 | P76: =L76/1000/O76 -> 3.287379 | Q76: 1 | R76: =0.5*G$80*C$4*C$2*(U76-C$5)*J76^2+L76*SIN(U76-C$1)-C$10*(C$14+G$84*(J$90-J76)/(J$90-J$76))*COS(T76) -> -5.9870225e-05 | S76: =DEGREES(T76) -> 0.98742176 | T76: 0.017233761 | U76: 0.19600394 | V76: =DEGREES(U76) -> 11.230198 | W76: =-0.5*G$80*C$4*J76^2*((C$7+(C$2^2)*(U76-C$5)^2/(PI()*C$6))/SQRT(1-(J76/G$83)^2))+L76*COS(U76-C$1)-C$10*(C$14+G$84*(J$90-J76)/(J$90-J$76))*SIN(T76) -> -2.4513267e-05 | X76: =Q76 -> 1
J77: =J$76+Q76*G$86 -> 84.97354 | K77: =J77/G$83 -> 0.27582721 | L77: =G$81*(1-0.605*K77+0.725*K77^2) -> 4235.118 | M77: =V77 -> 8.4098999 | N77: =S77 -> 1.949477 | O77: =J77*SIN(RADIANS(N77)) -> 2.8906492 | P77: =L77/1000/O77 -> 1.4651096 | Q77: 2 | R77: =0.5*G$80*C$4*C$2*(U77-C$5)*J77^2+L77*SIN(U77-C$1)-C$10*(C$14+G$84*(J$90-J77)/(J$90-J$76))*COS(T77) -> 0.00010808004 | S77: =DEGREES(T77) -> 1.949477 | T77: 0.034024792 | U77: 0.14678044 | V77: =DEGREES(U77) -> 8.4098999 | W77: =-0.5*G$80*C$4*J77^2*((C$7+(C$2^2)*(U77-C$5)^2/(PI()*C$6))/SQRT(1-(J77/G$83)^2))+L77*COS(U77-C$1)-C$10*(C$14+G$84*(J$90-J77)/(J$90-J$76))*SIN(T77) -> -0.00035804678 | X77: =Q77 -> 2
J78: =J$76+Q77*G$86 -> 94.59096 | K78: =J78/G$83 -> 0.3070457 | L78: =G$81*(1-0.605*K78+0.725*K78^2) -> 4207.9667 | M78: =V78 -> 6.4030026 | N78: =S78 -> 2.572449 | O78: =J78*SIN(RADIANS(N78)) -> 4.2454903 | P78: =L78/1000/O78 -> 0.99116152 | Q78: 3 | R78: =0.5*G$80*C$4*C$2*(U78-C$5)*J78^2+L78*SIN(U78-C$1)-C$10*(C$14+G$84*(J$90-J78)/(J$90-J$76))*COS(T78) -> 0.0013558069 | S78: =DEGREES(T78) -> 2.572449 | T78: 0.044897705 | U78: 0.11175348 | V78: =DEGREES(U78) -> 6.4030026 | W78: =-0.5*G$80*C$4*J78^2*((C$7+(C$2^2)*(U78-C$5)^2/(PI()*C$6))/SQRT(1-(J78/G$83)^2))+L78*COS(U78-C$1)-C$10*(C$14+G$84*(J$90-J78)/(J$90-J$76))*SIN(T78) -> 0.00020589457 | X78: =Q78 -> 3
F79: h | G79: 8000 | H79: m | J79: =J$76+Q78*G$86 -> 104.20838 | K79: =J79/G$83 -> 0.3382642 | L79: =G$81*(1-0.605*K79+0.725*K79^2) -> 4187.5529 | M79: =V79 -> 4.9285749 | N79: =S79 -> 2.9640328 | O79: =J79*SIN(RADIANS(N79)) -> 5.3885174 | P79: =L79/1000/O79 -> 0.77712525 | Q79: 4 | R79: =0.5*G$80*C$4*C$2*(U79-C$5)*J79^2+L79*SIN(U79-C$1)-C$10*(C$14+G$84*(J$90-J79)/(J$90-J$76))*COS(T79) -> 0.00054698036 | S79: =DEGREES(T79) -> 2.9640328 | T79: 0.051732131 | U79: 0.08601986 | V79: =DEGREES(U79) -> 4.9285749 | W79: =-0.5*G$80*C$4*J79^2*((C$7+(C$2^2)*(U79-C$5)^2/(PI()*C$6))/SQRT(1-(J79/G$83)^2))+L79*COS(U79-C$1)-C$10*(C$14+G$84*(J$90-J79)/(J$90-J$76))*SIN(T79) -> 7.6444156e-05 | X79: =Q79 -> 4
F80: ρh | G80: =C$9*(1-G79/44300)^4.256 -> 0.52502702 | H80: kg/m3 | J80: =J$76+Q79*G$86 -> 113.8258 | K80: =J80/G$83 -> 0.36948269 | L80: =G$81*(1-0.605*K80+0.725*K80^2) -> 4173.8768 | M80: =V80 -> 3.8161638 | N80: =S80 -> 3.1877922 | O80: =J80*SIN(RADIANS(N80)) -> 6.3297128 | P80: =L80/1000/O80 -> 0.65941013 | Q80: 5 | R80: =0.5*G$80*C$4*C$2*(U80-C$5)*J80^2+L80*SIN(U80-C$1)-C$10*(C$14+G$84*(J$90-J80)/(J$90-J$76))*COS(T80) -> 0.00052020123 | S80: =DEGREES(T80) -> 3.1877922 | T80: 0.055637471 | U80: 0.066604623 | V80: =DEGREES(U80) -> 3.8161638 | W80: =-0.5*G$80*C$4*J80^2*((C$7+(C$2^2)*(U80-C$5)^2/(PI()*C$6))/SQRT(1-(J80/G$83)^2))+L80*COS(U80-C$1)-C$10*(C$14+G$84*(J$90-J80)/(J$90-J$76))*SIN(T80) -> 5.2264507e-05 | X80: =Q80 -> 5
F81: Ph | G81: =C$3*(G80/C$9)^0.85 -> 4767.7575 | H81: N | J81: =J$76+Q80*G$86 -> 123.44322 | K81: =J81/G$83 -> 0.40070119 | L81: =G$81*(1-0.605*K81+0.725*K81^2) -> 4166.9382 | M81: =V81 -> 2.9578843 | N81: =S81 -> 3.281991 | O81: =J81*SIN(RADIANS(N81)) -> 7.0671525 | P81: =L81/1000/O81 -> 0.58962053 | Q81: 6 | R81: =0.5*G$80*C$4*C$2*(U81-C$5)*J81^2+L81*SIN(U81-C$1)-C$10*(C$14+G$84*(J$90-J81)/(J$90-J$76))*COS(T81) -> 0.00049405028 | S81: =DEGREES(T81) -> 3.281991 | T81: 0.057281548 | U81: 0.05162482 | V81: =DEGREES(U81) -> 2.9578843 | W81: =-0.5*G$80*C$4*J81^2*((C$7+(C$2^2)*(U81-C$5)^2/(PI()*C$6))/SQRT(1-(J81/G$83)^2))+L81*COS(U81-C$1)-C$10*(C$14+G$84*(J$90-J81)/(J$90-J$76))*SIN(T81) -> 4.0529596e-05 | X81: =Q81 -> 6
F82: Th | G82: =C$12-6.5*G79/1000 -> 236.15 | H82: K | J82: =J$76+Q81*G$86 -> 133.06064 | K82: =J82/G$83 -> 0.43191968 | L82: =G$81*(1-0.605*K82+0.725*K82^2) -> 4166.7373 | M82: =V82 -> 2.2829315 | N82: =S82 -> 3.2695154 | O82: =J82*SIN(RADIANS(N82)) -> 7.5888267 | P82: =L82/1000/O82 -> 0.54906212 | Q82: 7 | R82: =0.5*G$80*C$4*C$2*(U82-C$5)*J82^2+L82*SIN(U82-C$1)-C$10*(C$14+G$84*(J$90-J82)/(J$90-J$76))*COS(T82) -> 0.00030794663 | S82: =DEGREES(T82) -> 3.2695154 | T82: 0.057063808 | U82: 0.039844671 | V82: =DEGREES(U82) -> 2.2829315 | W82: =-0.5*G$80*C$4*J82^2*((C$7+(C$2^2)*(U82-C$5)^2/(PI()*C$6))/SQRT(1-(J82/G$83)^2))+L82*COS(U82-C$1)-C$10*(C$14+G$84*(J$90-J82)/(J$90-J$76))*SIN(T82) -> 2.1778794e-05 | X82: =Q82 -> 7
F83: ah | G83: =C$11*SQRT(G82/C$12) -> 308.06802 | H83: m/s | J83: =J$76+Q82*G$86 -> 142.67806 | K83: =J83/G$83 -> 0.46313818 | L83: =G$81*(1-0.605*K83+0.725*K83^2) -> 4173.274 | M83: =V83 -> 1.7433603 | N83: =S83 -> 3.1632887 | O83: =J83*SIN(RADIANS(N83)) -> 7.8732264 | P83: =L83/1000/O83 -> 0.53005894 | Q83: 8 | R83: =0.5*G$80*C$4*C$2*(U83-C$5)*J83^2+L83*SIN(U83-C$1)-C$10*(C$14+G$84*(J$90-J83)/(J$90-J$76))*COS(T83) -> 0.00016749051 | S83: =DEGREES(T83) -> 3.1632887 | T83: 0.055209803 | U83: 0.030427378 | V83: =DEGREES(U83) -> 1.7433603 | W83: =-0.5*G$80*C$4*J83^2*((C$7+(C$2^2)*(U83-C$5)^2/(PI()*C$6))/SQRT(1-(J83/G$83)^2))+L83*COS(U83-C$1)-C$10*(C$14+G$84*(J$90-J83)/(J$90-J$76))*SIN(T83) -> 1.0559507e-05 | X83: =Q83 -> 8
F84: mp | G84: =G66-G67 -> 892.23412 | H84: kg | J84: =J$76+Q83*G$86 -> 152.29548 | K84: =J84/G$83 -> 0.49435667 | L84: =G$81*(1-0.605*K84+0.725*K84^2) -> 4186.5483 | M84: =V84 -> 1.3058121 | N84: =S84 -> 2.9692652 | O84: =J84*SIN(RADIANS(N84)) -> 7.8889455 | P84: =L84/1000/O84 -> 0.53068542 | Q84: 9 | R84: =0.5*G$80*C$4*C$2*(U84-C$5)*J84^2+L84*SIN(U84-C$1)-C$10*(C$14+G$84*(J$90-J84)/(J$90-J$76))*COS(T84) -> 7.8574278e-05 | S84: =DEGREES(T84) -> 2.9692652 | T84: 0.051823454 | U84: 0.02279072 | V84: =DEGREES(U84) -> 1.3058121 | W84: =-0.5*G$80*C$4*J84^2*((C$7+(C$2^2)*(U84-C$5)^2/(PI()*C$6))/SQRT(1-(J84/G$83)^2))+L84*COS(U84-C$1)-C$10*(C$14+G$84*(J$90-J84)/(J$90-J$76))*SIN(T84) -> 4.5610038e-06 | X84: =Q84 -> 9
F85: dmp | G85: {=C$16*(G97-G79)*MIN(IF(P76:P90>0,P76:P90))} -> 31.379489 | H85: kg | J85: =J$76+Q84*G$86 -> 161.9129 | K85: =J85/G$83 -> 0.52557517 | L85: =G$81*(1-0.605*K85+0.725*K85^2) -> 4206.5602 | M85: =V85 -> 0.94651904 | N85: =S85 -> 2.6880372 | O85: =J85*SIN(RADIANS(N85)) -> 7.5933735 | P85: =L85/1000/O85 -> 0.55397779 | Q85: 10 | R85: =0.5*G$80*C$4*C$2*(U85-C$5)*J85^2+L85*SIN(U85-C$1)-C$10*(C$14+G$84*(J$90-J85)/(J$90-J$76))*COS(T85) -> 3.0198178e-05 | S85: =DEGREES(T85) -> 2.6880372 | T85: 0.046915099 | U85: 0.016519874 | V85: =DEGREES(U85) -> 0.94651904 | W85: =-0.5*G$80*C$4*J85^2*((C$7+(C$2^2)*(U85-C$5)^2/(PI()*C$6))/SQRT(1-(J85/G$83)^2))+L85*COS(U85-C$1)-C$10*(C$14+G$84*(J$90-J85)/(J$90-J$76))*SIN(T85) -> 1.7082639e-06 | X85: =Q85 -> 10
F86: v | G86: =(J90-J76)/Q89 -> 9.61742 | H86: m/s | J86: =J$76+Q85*G$86 -> 171.53032 | K86: =J86/G$83 -> 0.55679367 | L86: =G$81*(1-0.605*K86+0.725*K86^2) -> 4233.3098 | M86: =V86 -> 0.64818809 | N86: =S86 -> 2.3155693 | O86: =J86*SIN(RADIANS(N86)) -> 6.9303922 | P86: =L86/1000/O86 -> 0.61083264 | Q86: 11 | R86: =0.5*G$80*C$4*C$2*(U86-C$5)*J86^2+L86*SIN(U86-C$1)-C$10*(C$14+G$84*(J$90-J86)/(J$90-J$76))*COS(T86) -> 9.0779249e-06 | S86: =DEGREES(T86) -> 2.3155693 | T86: 0.040414308 | U86: 0.011313016 | V86: =DEGREES(U86) -> 0.64818809 | W86: =-0.5*G$80*C$4*J86^2*((C$7+(C$2^2)*(U86-C$5)^2/(PI()*C$6))/SQRT(1-(J86/G$83)^2))+L86*COS(U86-C$1)-C$10*(C$14+G$84*(J$90-J86)/(J$90-J$76))*SIN(T86) -> 5.4642351e-07 | X86: =Q86 -> 11
J87: =J$76+Q86*G$86 -> 181.14774 | K87: =J87/G$83 -> 0.58801216 | L87: =G$81*(1-0.605*K87+0.725*K87^2) -> 4266.7969 | M87: =V87 -> 0.39799881 | N87: =S87 -> 1.8432991 | O87: =J87*SIN(RADIANS(N87)) -> 5.8268143 | P87: =L87/1000/O87 -> 0.73226925 | Q87: 12 | R87: =0.5*G$80*C$4*C$2*(U87-C$5)*J87^2+L87*SIN(U87-C$1)-C$10*(C$14+G$84*(J$90-J87)/(J$90-J$76))*COS(T87) -> 2.2852073e-06 | S87: =DEGREES(T87) -> 1.8432991 | T87: 0.032171638 | U87: 0.0069463896 | V87: =DEGREES(U87) -> 0.39799881 | W87: =-0.5*G$80*C$4*J87^2*((C$7+(C$2^2)*(U87-C$5)^2/(PI()*C$6))/SQRT(1-(J87/G$83)^2))+L87*COS(U87-C$1)-C$10*(C$14+G$84*(J$90-J87)/(J$90-J$76))*SIN(T87) -> 1.6884712e-07 | X87: =Q87 -> 12
J88: =J$76+Q87*G$86 -> 190.76516 | K88: =J88/G$83 -> 0.61923066 | L88: =G$81*(1-0.605*K88+0.725*K88^2) -> 4307.0217 | M88: =V88 -> 0.18628338 | N88: =S88 -> 1.2576747 | O88: =J88*SIN(RADIANS(N88)) -> 4.1870667 | P88: =L88/1000/O88 -> 1.0286489 | Q88: 13 | R88: =0.5*G$80*C$4*C$2*(U88-C$5)*J88^2+L88*SIN(U88-C$1)-C$10*(C$14+G$84*(J$90-J88)/(J$90-J$76))*COS(T88) -> 4.5511842e-07 | S88: =DEGREES(T88) -> 1.2576747 | T88: 0.021950564 | U88: 0.0032512583 | V88: =DEGREES(U88) -> 0.18628338 | W88: =-0.5*G$80*C$4*J88^2*((C$7+(C$2^2)*(U88-C$5)^2/(PI()*C$6))/SQRT(1-(J88/G$83)^2))+L88*COS(U88-C$1)-C$10*(C$14+G$84*(J$90-J88)/(J$90-J$76))*SIN(T88) -> 6.604273e-08 | X88: =Q88 -> 13
J89: =J$76+Q88*G$86 -> 200.38258 | K89: =J89/G$83 -> 0.65044915 | L89: =G$81*(1-0.605*K89+0.725*K89^2) -> 4353.9841 | M89: =V89 -> 0.0056344857 | N89: =S89 -> 0.53906109 | O89: =J89*SIN(RADIANS(N89)) -> 1.8852498 | P89: =L89/1000/O89 -> 2.3094998 | Q89: 14 | R89: =0.5*G$80*C$4*C$2*(U89-C$5)*J89^2+L89*SIN(U89-C$1)-C$10*(C$14+G$84*(J$90-J89)/(J$90-J$76))*COS(T89) -> 2.8384602e-07 | S89: =DEGREES(T89) -> 0.53906109 | T89: 0.0094083909 | U89: 9.8340328e-05 | V89: =DEGREES(U89) -> 0.0056344857 | W89: =-0.5*G$80*C$4*J89^2*((C$7+(C$2^2)*(U89-C$5)^2/(PI()*C$6))/SQRT(1-(J89/G$83)^2))+L89*COS(U89-C$1)-C$10*(C$14+G$84*(J$90-J89)/(J$90-J$76))*SIN(T89) -> 4.032961e-08 | X89: =Q89 -> 14
J90: 210 | K90: =J90/G$83 -> 0.68166765 | L90: =G$81*(1-0.605*K90+0.725*K90^2) -> 4407.6841 | M90: =V90 -> -0.14971251 | N90: =S90 -> -0.34021221 | O90: =J90*SIN(RADIANS(N90)) -> -1.2469355 | P90: =L90/1000/O90 -> -3.5348131 | Q90: 15 | R90: =0.5*G$80*C$4*C$2*(U90-C$5)*J90^2+L90*SIN(U90-C$1)-C$10*(C$14+G$84*(J$90-J90)/(J$90-J$76))*COS(T90) -> -0.0024460458 | S90: =DEGREES(T90) -> -0.34021221 | T90: -0.0059378232 | U90: -0.0026129763 | V90: =DEGREES(U90) -> -0.14971251 | W90: =-0.5*G$80*C$4*J90^2*((C$7+(C$2^2)*(U90-C$5)^2/(PI()*C$6))/SQRT(1-(J90/G$83)^2))+L90*COS(U90-C$1)-C$10*(C$14+G$84*(J$90-J90)/(J$90-J$76))*SIN(T90) -> -2.4539793e-06 | X90: =Q90 -> 15
J92: Metoda ciągu, zmienna masa, h=10km, ściśliwość
J93: V [m/s] | K93: Ma | L93: Ps [N] | M93: α [°] | N93: γ [°] | O93: w [m/s] | P93: Ps/w | R93: γ | S93: [°] | T93: [rad] | U93: [rad] | V93: [°] | W93: α
J94: =SQRT(2*(C$14+G102)*C$10/C$4/C$15/G98) -> 84.656924 | K94: =J94/G$101 -> 0.28269062 | L94: =G$99*(1-0.605*K94+0.725*K94^2) -> 3444.7319 | M94: =V94 -> 11.280608 | N94: =S94 -> -0.33703252 | O94: =J94*SIN(RADIANS(N94)) -> -0.49797685 | P94: =L94/1000/O94 -> -6.9174538 | Q94: 1 | R94: =0.5*G$98*C$4*C$2*(U94-C$5)*J94^2+L94*SIN(U94-C$1)-C$10*(C$14+G$102*(J$108-J94)/(J$108-J$94))*COS(T94) -> 6.20883e-05 | S94: =DEGREES(T94) -> -0.33703252 | T94: -0.0058823272 | U94: 0.19688376 | V94: =DEGREES(U94) -> 11.280608 | W94: =-0.5*G$98*C$4*J94^2*((C$7+(C$2^2)*(U94-C$5)^2/(PI()*C$6))/SQRT(1-(J94/G$101)^2))+L94*COS(U94-C$1)-C$10*(C$14+G$102*(J$108-J94)/(J$108-J$94))*SIN(T94) -> -0.00013983785 | X94: =Q94 -> 1
J95: =J$94+Q94*G$104 -> 93.610001 | K95: =J95/G$101 -> 0.31258718 | L95: =G$99*(1-0.605*K95+0.725*K95^2) -> 3424.5944 | M95: =V95 -> 8.8347791 | N95: =S95 -> 0.50429213 | O95: =J95*SIN(RADIANS(N95)) -> 0.82390323 | P95: =L95/1000/O95 -> 4.1565493 | Q95: 2 | R95: =0.5*G$98*C$4*C$2*(U95-C$5)*J95^2+L95*SIN(U95-C$1)-C$10*(C$14+G$102*(J$108-J95)/(J$108-J$94))*COS(T95) -> 3.0123396e-05 | S95: =DEGREES(T95) -> 0.50429213 | T95: 0.0088015581 | U95: 0.15419598 | V95: =DEGREES(U95) -> 8.8347791 | W95: =-0.5*G$98*C$4*J95^2*((C$7+(C$2^2)*(U95-C$5)^2/(PI()*C$6))/SQRT(1-(J95/G$101)^2))+L95*COS(U95-C$1)-C$10*(C$14+G$102*(J$108-J95)/(J$108-J$94))*SIN(T95) -> -8.9364545e-05 | X95: =Q95 -> 2
J96: =J$94+Q95*G$104 -> 102.56308 | K96: =J96/G$101 -> 0.34248374 | L96: =G$99*(1-0.605*K96+0.725*K96^2) -> 3409.4906 | M96: =V96 -> 7.0019958 | N96: =S96 -> 1.0915801 | O96: =J96*SIN(RADIANS(N96)) -> 1.9538794 | P96: =L96/1000/O96 -> 1.7449852 | Q96: 3 | R96: =0.5*G$98*C$4*C$2*(U96-C$5)*J96^2+L96*SIN(U96-C$1)-C$10*(C$14+G$102*(J$108-J96)/(J$108-J$94))*COS(T96) -> 0.004627831 | S96: =DEGREES(T96) -> 1.0915801 | T96: 0.019051667 | U96: 0.12220788 | V96: =DEGREES(U96) -> 7.0019958 | W96: =-0.5*G$98*C$4*J96^2*((C$7+(C$2^2)*(U96-C$5)^2/(PI()*C$6))/SQRT(1-(J96/G$101)^2))+L96*COS(U96-C$1)-C$10*(C$14+G$102*(J$108-J96)/(J$108-J$94))*SIN(T96) -> 0.00062465489 | X96: =Q96 -> 3
F97: h | G97: 10000 | H97: m | J97: =J$94+Q96*G$104 -> 111.51615 | K97: =J97/G$101 -> 0.3723803 | L97: =G$99*(1-0.605*K97+0.725*K97^2) -> 3399.4205 | M97: =V97 -> 5.5965107 | N97: =S97 -> 1.4951353 | O97: =J97*SIN(RADIANS(N97)) -> 2.9096875 | P97: =L97/1000/O97 -> 1.1683112 | Q97: 4 | R97: =0.5*G$98*C$4*C$2*(U97-C$5)*J97^2+L97*SIN(U97-C$1)-C$10*(C$14+G$102*(J$108-J97)/(J$108-J$94))*COS(T97) -> 0.00043271183 | S97: =DEGREES(T97) -> 1.4951353 | T97: 0.026095033 | U97: 0.097677539 | V97: =DEGREES(U97) -> 5.5965107 | W97: =-0.5*G$98*C$4*J97^2*((C$7+(C$2^2)*(U97-C$5)^2/(PI()*C$6))/SQRT(1-(J97/G$101)^2))+L97*COS(U97-C$1)-C$10*(C$14+G$102*(J$108-J97)/(J$108-J$94))*SIN(T97) -> 6.7887771e-05 | X97: =Q97 -> 4
F98: ρh | G98: =C$9*(1-G97/44300)^4.256 -> 0.41250653 | H98: kg/m3 | J98: =J$94+Q97*G$104 -> 120.46923 | K98: =J98/G$101 -> 0.40227687 | L98: =G$99*(1-0.605*K98+0.725*K98^2) -> 3394.3841 | M98: =V98 -> 4.4971953 | N98: =S98 -> 1.7596401 | O98: =J98*SIN(RADIANS(N98)) -> 3.6992108 | P98: =L98/1000/O98 -> 0.91759682 | Q98: 5 | R98: =0.5*G$98*C$4*C$2*(U98-C$5)*J98^2+L98*SIN(U98-C$1)-C$10*(C$14+G$102*(J$108-J98)/(J$108-J$94))*COS(T98) -> 0.00019241244 | S98: =DEGREES(T98) -> 1.7596401 | T98: 0.030711513 | U98: 0.078490865 | V98: =DEGREES(U98) -> 4.4971953 | W98: =-0.5*G$98*C$4*J98^2*((C$7+(C$2^2)*(U98-C$5)^2/(PI()*C$6))/SQRT(1-(J98/G$101)^2))+L98*COS(U98-C$1)-C$10*(C$14+G$102*(J$108-J98)/(J$108-J$94))*SIN(T98) -> 2.8458387e-05 | X98: =Q98 -> 5
F99: Ph | G99: =C$3*(G98/C$9)^0.85 -> 3883.9709 | H99: N | J99: =J$94+Q98*G$104 -> 129.42231 | K99: =J99/G$101 -> 0.43217343 | L99: =G$99*(1-0.605*K99+0.725*K99^2) -> 3394.3813 | M99: =V99 -> 3.622573 | N99: =S99 -> 1.9137903 | O99: =J99*SIN(RADIANS(N99)) -> 4.3221527 | P99: =L99/1000/O99 -> 0.78534507 | Q99: 6 | R99: =0.5*G$98*C$4*C$2*(U99-C$5)*J99^2+L99*SIN(U99-C$1)-C$10*(C$14+G$102*(J$108-J99)/(J$108-J$94))*COS(T99) -> 0.00013482931 | S99: =DEGREES(T99) -> 1.9137903 | T99: 0.033401943 | U99: 0.063225827 | V99: =DEGREES(U99) -> 3.622573 | W99: =-0.5*G$98*C$4*J99^2*((C$7+(C$2^2)*(U99-C$5)^2/(PI()*C$6))/SQRT(1-(J99/G$101)^2))+L99*COS(U99-C$1)-C$10*(C$14+G$102*(J$108-J99)/(J$108-J$94))*SIN(T99) -> 1.5062339e-05 | X99: =Q99 -> 6
F100: Th | G100: =C$12-6.5*G97/1000 -> 223.15 | H100: K | J100: =J$94+Q99*G$104 -> 138.37539 | K100: =J100/G$101 -> 0.46206999 | L100: =G$99*(1-0.605*K100+0.725*K100^2) -> 3399.4123 | M100: =V100 -> 2.9163283 | N100: =S100 -> 1.9758294 | O100: =J100*SIN(RADIANS(N100)) -> 4.7708918 | P100: =L100/1000/O100 -> 0.71253183 | Q100: 7 | R100: =0.5*G$98*C$4*C$2*(U100-C$5)*J100^2+L100*SIN(U100-C$1)-C$10*(C$14+G$102*(J$108-J100)/(J$108-J$94))*COS(T100) -> 7.6145112e-05 | S100: =DEGREES(T100) -> 1.9758294 | T100: 0.034484728 | U100: 0.05089953 | V100: =DEGREES(U100) -> 2.9163283 | W100: =-0.5*G$98*C$4*J100^2*((C$7+(C$2^2)*(U100-C$5)^2/(PI()*C$6))/SQRT(1-(J100/G$101)^2))+L100*COS(U100-C$1)-C$10*(C$14+G$102*(J$108-J100)/(J$108-J$94))*SIN(T100) -> 6.4458989e-06 | X100: =Q100 -> 7
F101: ah | G101: =C$11*SQRT(G100/C$12) -> 299.46846 | H101: m/s | J101: =J$94+Q100*G$104 -> 147.32846 | K101: =J101/G$101 -> 0.49196655 | L101: =G$99*(1-0.605*K101+0.725*K101^2) -> 3409.4769 | M101: =V101 -> 2.3385895 | N101: =S101 -> 1.9568016 | O101: =J101*SIN(RADIANS(N101)) -> 5.0306766 | P101: =L101/1000/O101 -> 0.67773725 | Q101: 8 | R101: =0.5*G$98*C$4*C$2*(U101-C$5)*J101^2+L101*SIN(U101-C$1)-C$10*(C$14+G$102*(J$108-J101)/(J$108-J$94))*COS(T101) -> -0.00062583315 | S101: =DEGREES(T101) -> 1.9568016 | T101: 0.034152631 | U101: 0.040816087 | V101: =DEGREES(U101) -> 2.3385895 | W101: =-0.5*G$98*C$4*J101^2*((C$7+(C$2^2)*(U101-C$5)^2/(PI()*C$6))/SQRT(1-(J101/G$101)^2))+L101*COS(U101-C$1)-C$10*(C$14+G$102*(J$108-J101)/(J$108-J$94))*SIN(T101) -> 0.00016903287 | X101: =Q101 -> 8
F102: mp | G102: =G84-G85 -> 860.85463 | H102: kg | J102: =J$94+Q101*G$104 -> 156.28154 | K102: =J102/G$101 -> 0.52186311 | L102: =G$99*(1-0.605*K102+0.725*K102^2) -> 3424.5753 | M102: =V102 -> 1.8605211 | N102: =S102 -> 1.8624611 | O102: =J102*SIN(RADIANS(N102)) -> 5.0792053 | P102: =L102/1000/O102 -> 0.67423446 | Q102: 9 | R102: =0.5*G$98*C$4*C$2*(U102-C$5)*J102^2+L102*SIN(U102-C$1)-C$10*(C$14+G$102*(J$108-J102)/(J$108-J$94))*COS(T102) -> 3.4375262e-07 | S102: =DEGREES(T102) -> 1.8624611 | T102: 0.032506078 | U102: 0.03247222 | V102: =DEGREES(U102) -> 1.8605211 | W102: =-0.5*G$98*C$4*J102^2*((C$7+(C$2^2)*(U102-C$5)^2/(PI()*C$6))/SQRT(1-(J102/G$101)^2))+L102*COS(U102-C$1)-C$10*(C$14+G$102*(J$108-J102)/(J$108-J$94))*SIN(T102) -> 3.0465799e-09 | X102: =Q102 -> 9
F103: dmp | G103: {=C$16*(G115-G97)*MIN(IF(P94:P108>0,P94:P108))} -> 39.91468 | H103: kg | J103: =J$94+Q102*G$104 -> 165.23462 | K103: =J103/G$101 -> 0.55175967 | L103: =G$99*(1-0.605*K103+0.725*K103^2) -> 3444.7073 | M103: =V103 -> 1.4608696 | N103: =S103 -> 1.6943372 | O103: =J103*SIN(RADIANS(N103)) -> 4.8855666 | P103: =L103/1000/O103 -> 0.70507836 | Q103: 10 | R103: =0.5*G$98*C$4*C$2*(U103-C$5)*J103^2+L103*SIN(U103-C$1)-C$10*(C$14+G$102*(J$108-J103)/(J$108-J$94))*COS(T103) -> 5.367001e-07 | S103: =DEGREES(T103) -> 1.6943372 | T103: 0.029571762 | U103: 0.025496984 | V103: =DEGREES(U103) -> 1.4608696 | W103: =-0.5*G$98*C$4*J103^2*((C$7+(C$2^2)*(U103-C$5)^2/(PI()*C$6))/SQRT(1-(J103/G$101)^2))+L103*COS(U103-C$1)-C$10*(C$14+G$102*(J$108-J103)/(J$108-J$94))*SIN(T103) -> 4.3377213e-09 | X103: =Q103 -> 10
F104: v | G104: =(J108-J94)/Q107 -> 8.9530768 | H104: m/s | J104: =J$94+Q103*G$104 -> 174.18769 | K104: =J104/G$101 -> 0.58165623 | L104: =G$99*(1-0.605*K104+0.725*K104^2) -> 3469.873 | M104: =V104 -> 1.1237018 | N104: =S104 -> 1.4502328 | O104: =J104*SIN(RADIANS(N104)) -> 4.4084527 | P104: =L104/1000/O104 -> 0.78709544 | Q104: 11 | R104: =0.5*G$98*C$4*C$2*(U104-C$5)*J104^2+L104*SIN(U104-C$1)-C$10*(C$14+G$102*(J$108-J104)/(J$108-J$94))*COS(T104) -> 8.0479367e-08 | S104: =DEGREES(T104) -> 1.4502328 | T104: 0.025311337 | U104: 0.019612297 | V104: =DEGREES(U104) -> 1.1237018 | W104: =-0.5*G$98*C$4*J104^2*((C$7+(C$2^2)*(U104-C$5)^2/(PI()*C$6))/SQRT(1-(J104/G$101)^2))+L104*COS(U104-C$1)-C$10*(C$14+G$102*(J$108-J104)/(J$108-J$94))*SIN(T104) -> -1.2871624e-09 | X104: =Q104 -> 11
J105: =J$94+Q104*G$104 -> 183.14077 | K105: =J105/G$101 -> 0.61155279 | L105: =G$99*(1-0.605*K105+0.725*K105^2) -> 3500.0724 | M105: =V105 -> 0.83688844 | N105: =S105 -> 1.1242703 | O105: =J105*SIN(RADIANS(N105)) -> 3.5933974 | P105: =L105/1000/O105 -> 0.97402875 | Q105: 12 | R105: =0.5*G$98*C$4*C$2*(U105-C$5)*J105^2+L105*SIN(U105-C$1)-C$10*(C$14+G$102*(J$108-J105)/(J$108-J$94))*COS(T105) -> 1.6745253e-07 | S105: =DEGREES(T105) -> 1.1242703 | T105: 0.019622218 | U105: 0.014606459 | V105: =DEGREES(U105) -> 0.83688844 | W105: =-0.5*G$98*C$4*J105^2*((C$7+(C$2^2)*(U105-C$5)^2/(PI()*C$6))/SQRT(1-(J105/G$101)^2))+L105*COS(U105-C$1)-C$10*(C$14+G$102*(J$108-J105)/(J$108-J$94))*SIN(T105) -> -3.8062353e-10 | X105: =Q105 -> 12
...

Sheet h=0km
A1: wysokość lotu | B1: h | C1: 0 | D1: m | G1: Metoda ciągu, m=mśr, h=0km
A2: Współczynnik kierunkowy prostej Cz(a) | B2: a∞ | C2: =Podsumowanie!B17 -> 6.231 | D2: 1/rad | G2: V [m/s] | H2: Ma | I2: Ps [N] | J2: α [°] | K2: γ [°] | L2: w [m/s]
A3: Ciąg silnika przy ziemii | B3: Pr-0 | C3: =Podsumowanie!B10 -> 9800 | D3: N | G3: =SQRT(2*C$11/C$4/C$16/C$15) -> 45.931239 | H3: =G3/C$19 -> 0.13497279 | I3: =C$17*(1-0.605*H3+0.725*H3^2) -> 9129.1828 | J3: =OFFSET(D22,A22-2,0,1,1) -> 10.628885 | K3: =OFFSET(D21,A22-2,0,1,1) -> 11.285434 | L3: =G3*SIN(RADIANS(K3)) -> 8.9885985
A4: Powierzchnia nośna | B4: S | C4: =Podsumowanie!B3 -> 17.5 | D4: m2 | G4: 63 | H4: =G4/C$19 -> 0.18513077 | I4: =C$17*(1-0.605*H4+0.725*H4^2) -> 8945.8722 | J4: =OFFSET(D23,A23-2,0,1,1) -> 5.144176 | K4: =OFFSET(D22,A23-2,0,1,1) -> 12.519935 | L4: =G4*SIN(RADIANS(K4)) -> 13.657095
A5: Kąt zerowej siły nośnej | B5: α0 | C5: =Podsumowanie!B31 -> -0.024783675 | D5: rad | G5: 77 | H5: =G5/C$19 -> 0.22627094 | I5: =C$17*(1-0.605*H5+0.725*H5^2) -> 8822.2052 | J5: =OFFSET(D24,A24-2,0,1,1) -> 3.023263 | K5: =OFFSET(D23,A24-2,0,1,1) -> 12.484886 | L5: =G5*SIN(RADIANS(K5)) -> 16.646019
A6: masa samolotu | B6: m | C6: =Podsumowanie!B7 -> 3240 | D6: kg | G6: 90 | H6: =G6/C$19 -> 0.26447252 | I6: =C$17*(1-0.605*H6+0.725*H6^2) -> 8728.9067 | J6: =OFFSET(D25,A25-2,0,1,1) -> 1.8568808 | K6: =OFFSET(D24,A25-2,0,1,1) -> 12.054829 | L6: =G6*SIN(RADIANS(K6)) -> 18.796286
A7: wydłużenie Oswalda | B7: Λe | C7: =Podsumowanie!B14 -> 5.134 | D7: - | G7: 104 | H7: =G7/C$19 -> 0.30561269 | I7: =C$17*(1-0.605*H7+0.725*H7^2) -> 8651.6231 | J7: =OFFSET(D26,A26-2,0,1,1) -> 1.050314 | K7: =OFFSET(D25,A26-2,0,1,1) -> 11.320569 | L7: =G7*SIN(RADIANS(K7)) -> 20.41501
A8: Minimalny współczynnik Cx z danych | B8: (Cx)min | C8: =Podsumowanie!B15 -> 0.01533 | D8: - | G8: 117 | H8: =G8/C$19 -> 0.34381428 | I8: =C$17*(1-0.605*H8+0.725*H8^2) -> 8601.3948 | J8: =OFFSET(D27,A27-2,0,1,1) -> 0.54236425 | K8: =OFFSET(D26,A27-2,0,1,1) -> 10.447041 | L8: =G8*SIN(RADIANS(K8)) -> 21.215215
A9: Obroty silnika | B9: ns | C9: =Podsumowanie!B12 -> 243.33333 | D9: 1/s | G9: 130 | H9: =G9/C$19 -> 0.38201587 | I9: =C$17*(1-0.605*H9+0.725*H9^2) -> 8571.9041 | J9: =OFFSET(D28,A28-2,0,1,1) -> 0.17729576 | K9: =OFFSET(D27,A28-2,0,1,1) -> 9.412486 | L9: =G9*SIN(RADIANS(K9)) -> 21.260324
A10: gęstość powietrza przy ziemii | B10: ρ | C10: =Podsumowanie!B2 -> 1.2255 | D10: kg/m3 | G10: 144 | H10: =G10/C$19 -> 0.42315604 | I10: =C$17*(1-0.605*H10+0.725*H10^2) -> 8563.3365 | J10: =OFFSET(D29,A29-2,0,1,1) -> -0.11190394 | K10: =OFFSET(D28,A29-2,0,1,1) -> 8.1240744 | L10: =G10*SIN(RADIANS(K10)) -> 20.349678
A11: Ciężar samolotu | B11: Q | C11: =Podsumowanie!B8 -> 31784.4 | D11: N | G11: 158 | H11: =G11/C$19 -> 0.46429621 | I11: =C$17*(1-0.605*H11+0.725*H11^2) -> 8578.8195 | J11: =OFFSET(D30,A30-2,0,1,1) -> -0.32870527 | K11: =OFFSET(D29,A30-2,0,1,1) -> 6.6470959 | L11: =G11*SIN(RADIANS(K11)) -> 18.289075
A12: Prędkość dźwięku na poziomie morza | B12: a0 | C12: =Podsumowanie!B13 -> 340.3 | D12: m/s | G12: 171 | H12: =G12/C$19 -> 0.5024978 | I12: =C$17*(1-0.605*H12+0.725*H12^2) -> 8614.7317 | J12: =OFFSET(D31,A31-2,0,1,1) -> -0.48502182 | K12: =OFFSET(D30,A31-2,0,1,1) -> 5.0895245 | L12: =G12*SIN(RADIANS(K12)) -> 15.169784
A13: Tempratura na poziomie morza | B13: T0 | C13: =Podsumowanie!B18 -> 288.15 | D13: K | G13: 185 | H13: =G13/C$19 -> 0.54363797 | I13: =C$17*(1-0.605*H13+0.725*H13^2) -> 8676.5981 | J13: =OFFSET(D32,A32-2,0,1,1) -> -0.61871805 | K13: =OFFSET(D31,A32-2,0,1,1) -> 3.1816993 | L13: =G13*SIN(RADIANS(K13)) -> 10.26798
A14: kąt pochylenia osi silnika fi | B14: φ | C14: =Podsumowanie!B30 -> 0.017453293 | D14: rad | G14: 200 | H14: =G14/C$19 -> 0.58771672 | I14: =C$17*(1-0.605*H14+0.725*H14^2) -> 8769.5723 | J14: =OFFSET(D33,A33-2,0,1,1) -> -0.73299149 | K14: =OFFSET(D32,A33-2,0,1,1) -> 0.82007733 | L14: =G14*SIN(RADIANS(K14)) -> 2.8625122
A15: maksymalny współczynnik siły nośnej | B15: Czmax | C15: =Podsumowanie!B16 -> 1.405 | D15: - | G15: 213 | H15: =G15/C$19 -> 0.62591831 | I15: =C$17*(1-0.605*H15+0.725*H15^2) -> 8872.4827 | J15: =OFFSET(D34,A34-2,0,1,1) -> -0.81415613 | K15: =OFFSET(D33,A34-2,0,1,1) -> -1.5554526 | L15: =G15*SIN(RADIANS(K15)) -> -5.7817646
A16: gęstość powietrza na wysokości h | B16: ρh | C16: =C10*(1-C1/44300)^4.256 -> 1.2255 | D16: kg/m3 | G16: 227 | H16: =G16/C$19 -> 0.66705848 | I16: =C$17*(1-0.605*H16+0.725*H16^2) -> 9006.5009 | J16: =OFFSET(D35,A35-2,0,1,1) -> -0.88779143 | K16: =OFFSET(D34,A35-2,0,1,1) -> -4.5515949 | L16: =G16*SIN(RADIANS(K16)) -> -18.013991
A17: Moc na wysokości przelotowej | B17: Ph | C17: =C3*(C16/C10)^0.85 -> 9800 | D17: N | G17: 240 | H17: =G17/C$19 -> 0.70526006 | I17: =C$17*(1-0.605*H17+0.725*H17^2) -> 9152.4815 | J17: =OFFSET(D36,A36-2,0,1,1) -> -0.94663824 | K17: =OFFSET(D35,A36-2,0,1,1) -> -7.8694159 | L17: =G17*SIN(RADIANS(K17)) -> -32.859792
A18: Temperatura na wysokości h | B18: Th | C18: =C13-6.5*C1/1000 -> 288.15 | D18: K
A19: Prędkość dźwięku na wysokości h | B19: ah | C19: =C12*SQRT(C18/C13) -> 340.3 | D19: m/s
A20: Maksymalny ciężar samolotu | B20: Qmax | C20: =Podsumowanie!B9 -> 37670.4 | D20: N
A21: 1 | B21: =-I3*COS(C21+C22-C$14)+0.5*C$16*C$4*C$2*(C22-C$5)*G3^2*SIN(C21)+0.5*C$16*C$4*((C$8+1/PI()/C$7*C$2^2*(C22-C$5)^2)/SQRT(1-H3^2))*G3^2*COS(C21) -> -0.00019383592 | C21: 0.19696798 | D21: =DEGREES(C21) -> 11.285434 | F21: Metoda mocy, m=mśr, h=0km
A22: 2 | B22: =I3*SIN(C21+C22-C$14)+0.5*C$16*C$4*C$2*(C22-C$5)*G3^2*COS(C21)-0.5*C$16*C$4*(C$8+1/PI()/C$7*C$2^2*(C22-C$5)^2)/SQRT(1-H3^2)*G3^2*SIN(C21)-C$11 -> 3.4022378e-08 | C22: 0.18550904 | D22: =DEGREES(C22) -> 10.628885 | F22: Cz | G22: Cx | H22: Cx~ | I22: E | J22: V [m/s] | K22: Ma | L22: Pn [N] | M22: Ps [N] | N22: ΔP [N] | O22: w [m/s] | P22: γ [°] | Q22: α [°]
A23: 3 | B23: =-I4*COS(C23+C24-C$14)+0.5*C$16*C$4*C$2*(C24-C$5)*G4^2*SIN(C23)+0.5*C$16*C$4*(C$8+1/PI()/C$7*C$2^2*(C24-C$5)^2)/SQRT(1-H4^2)*G4^2*COS(C23) -> -9.4564712e-10 | C23: 0.21851409 | D23: =DEGREES(C23) -> 12.519935 | F23: 1.405 | G23: 0.1406 | H23: =G23/SQRT(1-K23^2) -> 0.14189847 | I23: =F23^3/H23^2 -> 137.74427 | J23: =SQRT((2*C$11)/(C$4*C$16*F23)) -> 45.931239 | K23: =J23/C$19 -> 0.13497279 | L23: =C$11*SQRT((2*C$11)/(C$16*C$4*I23))/J23 -> 3210.0767 | M23: =C$17*(1-0.605*K23+0.725*K23^2) -> 9129.1828 | N23: =(M23-L23) -> 5919.1061 | O23: =N23/C$11*J23 -> 8.5536263 | P23: =DEGREES(ASIN(O23/J23)) -> 10.732664 | Q23: 12.989
A24: 4 | B24: =I4*SIN(C23+C24-C$14)+0.5*C$16*C$4*C$2*(C24-C$5)*G4^2*COS(C23)-0.5*C$16*C$4*(C$8+1/PI()/C$7*C$2^2*(C24-C$5)^2)/SQRT(1-H4^2)*G4^2*SIN(C23)-C$11 -> -2.3764005e-07 | C24: 0.089782808 | D24: =DEGREES(C24) -> 5.144176 | F24: 1.356 | G24: 0.1324 | H24: =G24/SQRT(1-K24^2) -> 0.13366756 | I24: =F24^3/H24^2 -> 139.54909 | J24: =SQRT((2*C$11)/(C$4*C$16*F24)) -> 46.753753 | K24: =J24/C$19 -> 0.13738981 | L24: =C$11*SQRT((2*C$11)/(C$16*C$4*I24))/J24 -> 3133.144 | M24: =C$17*(1-0.605*K24+0.725*K24^2) -> 9119.5295 | N24: =(M24-L24) -> 5986.3855 | O24: =N24/C$11*J24 -> 8.8057661 | P24: =DEGREES(ASIN(O24/J24)) -> 10.856129 | Q24: 11.238
A25: 5 | B25: =-I5*COS(C25+C26-C$14)+0.5*C$16*C$4*C$2*(C26-C$5)*G5^2*SIN(C25)+0.5*C$16*C$4*(C$8+1/PI()/C$7*C$2^2*(C26-C$5)^2)/SQRT(1-H5^2)*G5^2*COS(C25) -> -1.6575541e-09 | C25: 0.21790236 | D25: =DEGREES(C25) -> 12.484886 | F25: 1.302 | G25: 0.1231 | H25: =G25/SQRT(1-K25^2) -> 0.12432814 | I25: =F25^3/H25^2 -> 142.78878 | J25: =SQRT((2*C$11)/(C$4*C$16*F25)) -> 47.713451 | K25: =J25/C$19 -> 0.14020997 | L25: =C$11*SQRT((2*C$11)/(C$16*C$4*I25))/J25 -> 3035.0962 | M25: =C$17*(1-0.605*K25+0.725*K25^2) -> 9108.3711 | N25: =(M25-L25) -> 6073.2749 | O25: =N25/C$11*J25 -> 9.1169538 | P25: =DEGREES(ASIN(O25/J25)) -> 11.015656 | Q25: 10.575
A26: 6 | B26: =I5*SIN(C25+C26-C$14)+0.5*C$16*C$4*C$2*(C26-C$5)*G5^2*COS(C25)-0.5*C$16*C$4*(C$8+1/PI()/C$7*C$2^2*(C26-C$5)^2)/SQRT(1-H5^2)*G5^2*SIN(C25)-C$11 -> -6.5301356e-07 | C26: 0.052765894 | D26: =DEGREES(C26) -> 3.023263 | F26: 1.193 | G26: 0.1061 | H26: =G26/SQRT(1-K26^2) -> 0.10725684 | I26: =F26^3/H26^2 -> 147.59491 | J26: =SQRT((2*C$11)/(C$4*C$16*F26)) -> 49.845517 | K26: =J26/C$19 -> 0.14647522 | L26: =C$11*SQRT((2*C$11)/(C$16*C$4*I26))/J26 -> 2857.581 | M26: =C$17*(1-0.605*K26+0.725*K26^2) -> 9083.9861 | N26: =(M26-L26) -> 6226.4051 | O26: =N26/C$11*J26 -> 9.7644876 | P26: =DEGREES(ASIN(O26/J26)) -> 11.297012 | Q26: 9.576
A27: 7 | B27: =-I6*COS(C27+C28-C$14)+0.5*C$16*C$4*C$2*(C28-C$5)*G6^2*SIN(C27)+0.5*C$16*C$4*(C$8+1/PI()/C$7*C$2^2*(C28-C$5)^2)/SQRT(1-H6^2)*G6^2*COS(C27) -> -1.4256329e-10 | C27: 0.21039645 | D27: =DEGREES(C27) -> 12.054829 | F27: 1.095 | G27: 0.0919 | H27: =G27/SQRT(1-K27^2) -> 0.092993293 | I27: =F27^3/H27^2 -> 151.82354 | J27: =SQRT((2*C$11)/(C$4*C$16*F27)) -> 52.028256 | K27: =J27/C$19 -> 0.15288938 | L27: =C$11*SQRT((2*C$11)/(C$16*C$4*I27))/J27 -> 2699.3023 | M27: =C$17*(1-0.605*K27+0.725*K27^2) -> 9059.5994 | N27: =(M27-L27) -> 6360.2971 | O27: =N27/C$11*J27 -> 10.411245 | P27: =DEGREES(ASIN(O27/J27)) -> 11.543246 | Q27: 8.687
A28: 8 | B28: =I6*SIN(C27+C28-C$14)+0.5*C$16*C$4*C$2*(C28-C$5)*G6^2*COS(C27)-0.5*C$16*C$4*(C$8+1/PI()/C$7*C$2^2*(C28-C$5)^2)/SQRT(1-H6^2)*G6^2*SIN(C27)-C$11 -> -1.8103747e-06 | C28: 0.032408683 | D28: =DEGREES(C28) -> 1.8568808 | F28: 0.997 | G28: 0.0794 | H28: =G28/SQRT(1-K28^2) -> 0.080439265 | I28: =F28^3/H28^2 -> 153.16139 | J28: =SQRT((2*C$11)/(C$4*C$16*F28)) -> 54.525386 | K28: =J28/C$19 -> 0.1602274 | L28: =C$11*SQRT((2*C$11)/(C$16*C$4*I28))/J28 -> 2564.407 | M28: =C$17*(1-0.605*K28+0.725*K28^2) -> 9032.4171 | N28: =(M28-L28) -> 6468.0101 | O28: =N28/C$11*J28 -> 11.095718 | P28: =DEGREES(ASIN(O28/J28)) -> 11.741492 | Q28: 8.017
A29: 9 | B29: =-I7*COS(C29+C30-C$14)+0.5*C$16*C$4*C$2*(C30-C$5)*G7^2*SIN(C29)+0.5*C$16*C$4*(C$8+1/PI()/C$7*C$2^2*(C30-C$5)^2)/SQRT(1-H7^2)*G7^2*COS(C29) -> 2.0840162e-08 | C29: 0.1975812 | D29: =DEGREES(C29) -> 11.320569 | F29: 0.801 | G29: 0.0576 | H29: =G29/SQRT(1-K29^2) -> 0.058542959 | I29: =F29^3/H29^2 -> 149.9506 | J29: =SQRT((2*C$11)/(C$4*C$16*F29)) -> 60.831716 | K29: =J29/C$19 -> 0.17875908 | L29: =C$11*SQRT((2*C$11)/(C$16*C$4*I29))/J29 -> 2323.0372 | M29: =C$17*(1-0.605*K29+0.725*K29^2) -> 8967.1763 | N29: =(M29-L29) -> 6644.1391 | O29: =N29/C$11*J29 -> 12.716124 | P29: =DEGREES(ASIN(O29/J29)) -> 12.065967 | Q29: 6.131
A30: 10 | B30: =I7*SIN(C29+C30-C$14)+0.5*C$16*C$4*C$2*(C30-C$5)*G7^2*COS(C29)-0.5*C$16*C$4*(C$8+1/PI()/C$7*C$2^2*(C30-C$5)^2)/SQRT(1-H7^2)*G7^2*SIN(C29)-C$11 -> -5.0979761e-06 | C30: 0.018331438 | D30: =DEGREES(C30) -> 1.050314 | F30: 0.611 | G30: 0.0406 | H30: =G30/SQRT(1-K30^2) -> 0.041478087 | I30: =F30^3/H30^2 -> 132.58249 | J30: =SQRT((2*C$11)/(C$4*C$16*F30)) -> 69.650738 | K30: =J30/C$19 -> 0.20467452 | L30: =C$11*SQRT((2*C$11)/(C$16*C$4*I30))/J30 -> 2157.7023 | M30: =C$17*(1-0.605*K30+0.725*K30^2) -> 8884.125 | N30: =(M30-L30) -> 6726.4227 | O30: =N30/C$11*J30 -> 14.739945 | P30: =DEGREES(ASIN(O30/J30)) -> 12.217689 | Q30: 4.573
A31: 11 | B31: =-I8*COS(C31+C32-C$14)+0.5*C$16*C$4*C$2*(C32-C$5)*G8^2*SIN(C31)+0.5*C$16*C$4*(C$8+1/PI()/C$7*C$2^2*(C32-C$5)^2)/SQRT(1-H8^2)*G8^2*COS(C31) -> 9.9874796e-08 | C31: 0.18233527 | D31: =DEGREES(C31) -> 10.447041 | F31: 0.491 | G31: 0.0317 | H31: =G31/SQRT(1-K31^2) -> 0.032560035 | I31: =F31^3/H31^2 -> 111.65412 | J31: =SQRT((2*C$11)/(C$4*C$16*F31)) -> 77.697238 | K31: =J31/C$19 -> 0.22831983 | L31: =C$11*SQRT((2*C$11)/(C$16*C$4*I31))/J31 -> 2107.7417 | M31: =C$17*(1-0.605*K31+0.725*K31^2) -> 8816.675 | N31: =(M31-L31) -> 6708.9333 | O31: =N31/C$11*J31 -> 16.400045 | P31: =DEGREES(ASIN(O31/J31)) -> 12.185433 | Q31: 3.354
A32: 12 | B32: =I8*SIN(C31+C32-C$14)+0.5*C$16*C$4*C$2*(C32-C$5)*G8^2*COS(C31)-0.5*C$16*C$4*(C$8+1/PI()/C$7*C$2^2*(C32-C$5)^2)/SQRT(1-H8^2)*G8^2*SIN(C31)-C$11 -> -1.0193486e-05 | C32: 0.0094660419 | D32: =DEGREES(C32) -> 0.54236425 | F32: 0.388 | G32: 0.0252 | H32: =G32/SQRT(1-K32^2) -> 0.026074728 | I32: =F32^3/H32^2 -> 85.912348 | J32: =SQRT((2*C$11)/(C$4*C$16*F32)) -> 87.40383 | K32: =J32/C$19 -> 0.25684346 | L32: =C$11*SQRT((2*C$11)/(C$16*C$4*I32))/J32 -> 2136.0041 | M32: =C$17*(1-0.605*K32+0.725*K32^2) -> 8745.8818 | N32: =(M32-L32) -> 6609.8776 | O32: =N32/C$11*J32 -> 18.176483 | P32: =DEGREES(ASIN(O32/J32)) -> 12.002818 | Q32: 2.574
A33: 13 | B33: =-I9*COS(C33+C34-C$14)+0.5*C$16*C$4*C$2*(C34-C$5)*G9^2*SIN(C33)+0.5*C$16*C$4*(C$8+1/PI()/C$7*C$2^2*(C34-C$5)^2)/SQRT(1-H9^2)*G9^2*COS(C33) -> 1.3112412e-07 | C33: 0.16427887 | D33: =DEGREES(C33) -> 9.412486 | F33: 0.246 | G33: 0.0188 | H33: =G33/SQRT(1-K33^2) -> 0.019861657 | I33: =F33^3/H33^2 -> 37.737609 | J33: =SQRT((2*C$11)/(C$4*C$16*F33)) -> 109.76876 | K33: =J33/C$19 -> 0.32256469 | L33: =C$11*SQRT((2*C$11)/(C$16*C$4*I33))/J33 -> 2566.2229 | M33: =C$17*(1-0.605*K33+0.725*K33^2) -> 8626.7748 | N33: =(M33-L33) -> 6060.5519 | O33: =N33/C$11*J33 -> 20.930371 | P33: =DEGREES(ASIN(O33/J33)) -> 10.992292 | Q33: 1.242
A34: 14 | B34: =I9*SIN(C33+C34-C$14)+0.5*C$16*C$4*C$2*(C34-C$5)*G9^2*COS(C33)-0.5*C$16*C$4*(C$8+1/PI()/C$7*C$2^2*(C34-C$5)^2)/SQRT(1-H9^2)*G9^2*SIN(C33)-C$11 -> -7.4457712e-06 | C34: 0.0030943947 | D34: =DEGREES(C34) -> 0.17729576 | F34: 0.2 | G34: 0.0175 | H34: =G34/SQRT(1-K34^2) -> 0.018740215 | I34: =F34^3/H34^2 -> 22.779324 | J34: =SQRT((2*C$11)/(C$4*C$16*F34)) -> 121.73945 | K34: =J34/C$19 -> 0.35774154 | L34: =C$11*SQRT((2*C$11)/(C$16*C$4*I34))/J34 -> 2978.2325 | M34: =C$17*(1-0.605*K34+0.725*K34^2) -> 8588.2413 | N34: =(M34-L34) -> 5610.0087 | O34: =N34/C$11*J34 -> 21.487251 | P34: =DEGREES(ASIN(O34/J34)) -> 10.166074 | Q34: 0.688
A35: 15 | B35: =-I10*COS(C35+C36-C$14)+0.5*C$16*C$4*C$2*(C36-C$5)*G10^2*SIN(C35)+0.5*C$16*C$4*(C$8+1/PI()/C$7*C$2^2*(C36-C$5)^2)/SQRT(1-H10^2)*G10^2*COS(C35) -> 5.2766563e-07 | C35: 0.14179185 | D35: =DEGREES(C35) -> 8.1240744 | F35: 0.151 | G35: 0.0163 | H35: =G35/SQRT(1-K35^2) -> 0.017886281 | I35: =F35^3/H35^2 -> 10.761945 | J35: =SQRT((2*C$11)/(C$4*C$16*F35)) -> 140.10636 | K35: =J35/C$19 -> 0.41171425 | L35: =C$11*SQRT((2*C$11)/(C$16*C$4*I35))/J35 -> 3764.9318 | M35: =C$17*(1-0.605*K35+0.725*K35^2) -> 8563.305 | N35: =(M35-L35) -> 4798.3732 | O35: =N35/C$11*J35 -> 21.151339 | P35: =DEGREES(ASIN(O35/J35)) -> 8.6829291 | Q35: 0.237
A36: 16 | B36: =I10*SIN(C35+C36-C$14)+0.5*C$16*C$4*C$2*(C36-C$5)*G10^2*COS(C35)-0.5*C$16*C$4*(C$8+1/PI()/C$7*C$2^2*(C36-C$5)^2)/SQRT(1-H10^2)*G10^2*SIN(C35)-C$11 -> -2.9235816e-05 | C36: -0.0019530922 | D36: =DEGREES(C36) -> -0.11190394 | F36: 0.12 | G36: 0.0161 | H36: =G36/SQRT(1-K36^2) -> 0.018151848 | I36: =F36^3/H36^2 -> 5.2444753 | J36: =SQRT((2*C$11)/(C$4*C$16*F36)) -> 157.16495 | K36: =J36/C$19 -> 0.46184235 | L36: =C$11*SQRT((2*C$11)/(C$16*C$4*I36))/J36 -> 4807.88 | M36: =C$17*(1-0.605*K36+0.725*K36^2) -> 8577.2215 | N36: =(M36-L36) -> 3769.3415 | O36: =N36/C$11*J36 -> 18.638338 | P36: =DEGREES(ASIN(O36/J36)) -> 6.8107881 | Q36: -0.039
A37: 17 | B37: =-I11*COS(C37+C38-C$14)+0.5*C$16*C$4*C$2*(C38-C$5)*G11^2*SIN(C37)+0.5*C$16*C$4*(C$8+1/PI()/C$7*C$2^2*(C38-C$5)^2)/SQRT(1-H11^2)*G11^2*COS(C37) -> -3.4561099e-06 | C37: 0.11601371 | D37: =DEGREES(C37) -> 6.6470959 | F37: 0.094 | G37: 0.0157 | H37: =G37/SQRT(1-K37^2) -> 0.018404423 | I37: =F37^3/H37^2 -> 2.4521055 | J37: =SQRT((2*C$11)/(C$4*C$16*F37)) -> 177.57523 | K37: =J37/C$19 -> 0.52181967 | L37: =C$11*SQRT((2*C$11)/(C$16*C$4*I37))/J37 -> 6223.1227 | M37: =C$17*(1-0.605*K37+0.725*K37^2) -> 8640.7926 | N37: =(M37-L37) -> 2417.6699 | O37: =N37/C$11*J37 -> 13.507201 | P37: =DEGREES(ASIN(O37/J37)) -> 4.3623981 | Q37: -0.28
A38: 18 | B38: =I11*SIN(C37+C38-C$14)+0.5*C$16*C$4*C$2*(C38-C$5)*G11^2*COS(C37)-0.5*C$16*C$4*(C$8+1/PI()/C$7*C$2^2*(C38-C$5)^2)/SQRT(1-H11^2)*G11^2*SIN(C37)-C$11 -> -1.159533e-07 | C38: -0.0057369892 | D38: =DEGREES(C38) -> -0.32870527 | F38: 0.079 | G38: 0.0156 | H38: =G38/SQRT(1-K38^2) -> 0.018973631 | I38: =F38^3/H38^2 -> 1.3695578 | J38: =SQRT((2*C$11)/(C$4*C$16*F38)) -> 193.70141 | K38: =J38/C$19 -> 0.56920778 | L38: =C$11*SQRT((2*C$11)/(C$16*C$4*I38))/J38 -> 7633.7402 | M38: =C$17*(1-0.605*K38+0.725*K38^2) -> 8727.1693 | N38: =(M38-L38) -> 1093.4291 | O38: =N38/C$11*J38 -> 6.6636074 | P38: =DEGREES(ASIN(O38/J38)) -> 1.9714463 | Q38: -0.417
A39: 19 | B39: =-I12*COS(C39+C40-C$14)+0.5*C$16*C$4*C$2*(C40-C$5)*G12^2*SIN(C39)+0.5*C$16*C$4*(C$8+1/PI()/C$7*C$2^2*(C40-C$5)^2)/SQRT(1-H12^2)*G12^2*COS(C39) -> -1.0428234e-05 | C39: 0.08882896 | D39: =DEGREES(C39) -> 5.0895245 | F39: 0.064 | G39: 0.0154 | H39: =G39/SQRT(1-K39^2) -> 0.019880228 | I39: =F39^3/H39^2 -> 0.66328046 | J39: =SQRT((2*C$11)/(C$4*C$16*F39)) -> 215.20697 | K39: =J39/C$19 -> 0.63240368 | L39: =C$11*SQRT((2*C$11)/(C$16*C$4*I39))/J39 -> 9873.1425 | M39: =C$17*(1-0.605*K39+0.725*K39^2) -> 8892.0126 | N39: =(M39-L39) -> -981.12988 | O39: =N39/C$11*J39 -> -6.6430699 | P39: =DEGREES(ASIN(O39/J39)) -> -1.7689034 | Q39: -0.555
A40: 20 | B40: =I12*SIN(C39+C40-C$14)+0.5*C$16*C$4*C$2*(C40-C$5)*G12^2*COS(C39)-0.5*C$16*C$4*(C$8+1/PI()/C$7*C$2^2*(C40-C$5)^2)/SQRT(1-H12^2)*G12^2*SIN(C39)-C$11 -> -4.0423038e-07 | C40: -0.0084652276 | D40: =DEGREES(C40) -> -0.48502182 | F40: 0.053 | G40: 0.0153 | H40: =G40/SQRT(1-K40^2) -> 0.021277511 | I40: =F40^3/H40^2 -> 0.328841 | J40: =SQRT((2*C$11)/(C$4*C$16*F40)) -> 236.48761 | K40: =J40/C$19 -> 0.69493861 | L40: =C$11*SQRT((2*C$11)/(C$16*C$4*I40))/J40 -> 12760.244 | M40: =C$17*(1-0.605*K40+0.725*K40^2) -> 9110.9953 | N40: =(M40-L40) -> -3649.2484 | O40: =N40/C$11*J40 -> -27.151748 | P40: =DEGREES(ASIN(O40/J40)) -> -6.592814 | Q40: -0.658
A41: 21 | B41: =-I13*COS(C41+C42-C$14)+0.5*C$16*C$4*C$2*(C42-C$5)*G13^2*SIN(C41)+0.5*C$16*C$4*(C$8+1/PI()/C$7*C$2^2*(C42-C$5)^2)/SQRT(1-H13^2)*G13^2*COS(C41) -> -1.3680594e-05 | C41: 0.055531129 | D41: =DEGREES(C41) -> 3.1816993 | F41: 0.045 | G41: 0.0155 | H41: =G41/SQRT(1-K41^2) -> 0.023604245 | I41: =F41^3/H41^2 -> 0.16355255 | J41: =SQRT((2*C$11)/(C$4*C$16*F41)) -> 256.64929 | K41: =J41/C$19 -> 0.7541854 | L41: =C$11*SQRT((2*C$11)/(C$16*C$4*I41))/J41 -> 16672.15 | M41: =C$17*(1-0.605*K41+0.725*K41^2) -> 9369.7276 | N41: =(M41-L41) -> -7302.4227 | O41: =N41/C$11*J41 -> -58.964825 | P41: =DEGREES(ASIN(O41/J41)) -> -13.282274 | Q41: -0.754
A42: 22 | B42: =I13*SIN(C41+C42-C$14)+0.5*C$16*C$4*C$2*(C42-C$5)*G13^2*COS(C41)-0.5*C$16*C$4*(C$8+1/PI()/C$7*C$2^2*(C42-C$5)^2)/SQRT(1-H13^2)*G13^2*SIN(C41)-C$11 -> -1.1582888e-06 | C42: -0.010798667 | D42: =DEGREES(C42) -> -0.61871805
A43: 23 | B43: =-I14*COS(C43+C44-C$14)+0.5*C$16*C$4*C$2*(C44-C$5)*G14^2*SIN(C43)+0.5*C$16*C$4*(C$8+1/PI()/C$7*C$2^2*(C44-C$5)^2)/SQRT(1-H14^2)*G14^2*COS(C43) -> -6.9345237e-05 | C43: 0.01431305 | D43: =DEGREES(C43) -> 0.82007733 | F43: Metoda mocy, m=m0, h=0km
A44: 24 | B44: =I14*SIN(C43+C44-C$14)+0.5*C$16*C$4*C$2*(C44-C$5)*G14^2*COS(C43)-0.5*C$16*C$4*(C$8+1/PI()/C$7*C$2^2*(C44-C$5)^2)/SQRT(1-H14^2)*G14^2*SIN(C43)-C$11 -> -8.2509396e-06 | C44: -0.012793115 | D44: =DEGREES(C44) -> -0.73299149 | F44: Cz | G44: Cx | H44: Cx~ | I44: E | J44: V [m/s] | K44: Ma | L44: Pn [N] | M44: Ps [N] | N44: ΔP [N] | O44: w [m/s] | P44: γ [°] | Q44: α [°]
A45: 25 | B45: =-I15*COS(C45+C46-C$14)+0.5*C$16*C$4*C$2*(C46-C$5)*G15^2*SIN(C45)+0.5*C$16*C$4*(C$8+1/PI()/C$7*C$2^2*(C46-C$5)^2)/SQRT(1-H15^2)*G15^2*COS(C45) -> 4.8113046e-05 | C45: -0.027147769 | D45: =DEGREES(C45) -> -1.5554526 | F45: =F23 -> 1.405 | G45: =G23 -> 0.1406 | H45: =G45/SQRT(1-K45^2) -> 0.1421429 | I45: =F45^3/H45^2 -> 137.27095 | J45: =SQRT((2*C$20)/(C$4*C$16*F45)) -> 50.0036 | K45: =J45/C$19 -> 0.14693976 | L45: =C$20*SQRT((2*C$20)/(C$16*C$4*I45))/J45 -> 3811.0888 | M45: =C$17*(1-0.605*K45+0.725*K45^2) -> 9082.2003 | N45: =(M45-L45) -> 5271.1115 | O45: =N45/C$20*J45 -> 6.9968609 | P45: =DEGREES(ASIN(O45/J45)) -> 8.0436304 | Q45: =Q23 -> 12.989
A46: 26 | B46: =I15*SIN(C45+C46-C$14)+0.5*C$16*C$4*C$2*(C46-C$5)*G15^2*COS(C45)-0.5*C$16*C$4*(C$8+1/PI()/C$7*C$2^2*(C46-C$5)^2)/SQRT(1-H15^2)*G15^2*SIN(C45)-C$11 -> 6.4764354e-06 | C46: -0.014209705 | D46: =DEGREES(C46) -> -0.81415613 | F46: =F24 -> 1.356 | G46: =G24 -> 0.1324 | H46: =G46/SQRT(1-K46^2) -> 0.13390632 | I46: =F46^3/H46^2 -> 139.05191 | J46: =SQRT((2*C$20)/(C$4*C$16*F46)) -> 50.899039 | K46: =J46/C$19 -> 0.14957108 | L46: =C$20*SQRT((2*C$20)/(C$16*C$4*I46))/J46 -> 3719.9885 | M46: =C$17*(1-0.605*K46+0.725*K46^2) -> 9072.1426 | N46: =(M46-L46) -> 5352.1541 | O46: =N46/C$20*J46 -> 7.2316594 | P46: =DEGREES(ASIN(O46/J46)) -> 8.1681382 | Q46: =Q24 -> 11.238
A47: 27 | B47: =-I16*COS(C47+C48-C$14)+0.5*C$16*C$4*C$2*(C48-C$5)*G16^2*SIN(C47)+0.5*C$16*C$4*(C$8+1/PI()/C$7*C$2^2*(C48-C$5)^2)/SQRT(1-H16^2)*G16^2*COS(C47) -> 0.0013211008 | C47: -0.079440316 | D47: =DEGREES(C47) -> -4.5515949 | F47: =F25 -> 1.302 | G47: =G25 -> 0.1231 | H47: =G47/SQRT(1-K47^2) -> 0.12455963 | I47: =F47^3/H47^2 -> 142.25853 | J47: =SQRT((2*C$20)/(C$4*C$16*F47)) -> 51.943827 | K47: =J47/C$19 -> 0.15264128 | L47: =C$20*SQRT((2*C$20)/(C$16*C$4*I47))/J47 -> 3603.8488 | M47: =C$17*(1-0.605*K47+0.725*K47^2) -> 9060.5318 | N47: =(M47-L47) -> 5456.683 | O47: =N47/C$20*J47 -> 7.5242364 | P47: =DEGREES(ASIN(O47/J47)) -> 8.3287861 | Q47: =Q25 -> 10.575
A48: 28 | B48: =I16*SIN(C47+C48-C$14)+0.5*C$16*C$4*C$2*(C48-C$5)*G16^2*COS(C47)-0.5*C$16*C$4*(C$8+1/PI()/C$7*C$2^2*(C48-C$5)^2)/SQRT(1-H16^2)*G16^2*SIN(C47)-C$11 -> 2.8757415e-05 | C48: -0.015494883 | D48: =DEGREES(C48) -> -0.88779143 | F48: =F26 -> 1.193 | G48: =G26 -> 0.1061 | H48: =G48/SQRT(1-K48^2) -> 0.10747525 | I48: =F48^3/H48^2 -> 146.99563 | J48: =SQRT((2*C$20)/(C$4*C$16*F48)) -> 54.264925 | K48: =J48/C$19 -> 0.15946202 | L48: =C$20*SQRT((2*C$20)/(C$16*C$4*I48))/J48 -> 3393.6593 | M48: =C$17*(1-0.605*K48+0.725*K48^2) -> 9035.2166 | N48: =(M48-L48) -> 5641.5573 | O48: =N48/C$20*J48 -> 8.1267703 | P48: =DEGREES(ASIN(O48/J48)) -> 8.6130772 | Q48: =Q26 -> 9.576
A49: 29 | B49: =-I17*COS(C49+C50-C$14)+0.5*C$16*C$4*C$2*(C50-C$5)*G17^2*SIN(C49)+0.5*C$16*C$4*(C$8+1/PI()/C$7*C$2^2*(C50-C$5)^2)/SQRT(1-H17^2)*G17^2*COS(C49) -> -1.8562021e-05 | C49: -0.13734722 | D49: =DEGREES(C49) -> -7.8694159 | F49: =F27 -> 1.095 | G49: =G27 -> 0.0919 | H49: =G49/SQRT(1-K49^2) -> 0.09320007 | I49: =F49^3/H49^2 -> 151.1506 | J49: =SQRT((2*C$20)/(C$4*C$16*F49)) -> 56.64119 | K49: =J49/C$19 -> 0.16644487 | L49: =C$20*SQRT((2*C$20)/(C$16*C$4*I49))/J49 -> 3206.2867 | M49: =C$17*(1-0.605*K49+0.725*K49^2) -> 9009.9845 | N49: =(M49-L49) -> 5803.6978 | O49: =N49/C$20*J49 -> 8.7264365 | P49: =DEGREES(ASIN(O49/J49)) -> 8.8625852 | Q49: =Q27 -> 8.687
A50: 30 | B50: =I17*SIN(C49+C50-C$14)+0.5*C$16*C$4*C$2*(C50-C$5)*G17^2*COS(C49)-0.5*C$16*C$4*(C$8+1/PI()/C$7*C$2^2*(C50-C$5)^2)/SQRT(1-H17^2)*G17^2*SIN(C49)-C$11 -> -1.8798819e-06 | C50: -0.016521954 | D50: =DEGREES(C50) -> -0.94663824 | F50: =F28 -> 0.997 | G50: =G28 -> 0.0794 | H50: =G50/SQRT(1-K50^2) -> 0.080636238 | I50: =F50^3/H50^2 -> 152.41404 | J50: =SQRT((2*C$20)/(C$4*C$16*F50)) -> 59.359721 | K50: =J50/C$19 -> 0.1744335 | L50: =C$20*SQRT((2*C$20)/(C$16*C$4*I50))/J50 -> 3046.7395 | M50: =C$17*(1-0.605*K50+0.725*K50^2) -> 8981.9679 | N50: =(M50-L50) -> 5935.2284 | O50: =N50/C$20*J50 -> 9.3525288 | P50: =DEGREES(ASIN(O50/J50)) -> 9.0651136 | Q50: =Q28 -> 8.017
F51: =F29 -> 0.801 | G51: =G29 -> 0.0576 | H51: =G51/SQRT(1-K51^2) -> 0.058722717 | I51: =F51^3/H51^2 -> 149.03397 | J51: =SQRT((2*C$20)/(C$4*C$16*F51)) -> 66.225184 | K51: =J51/C$19 -> 0.19460824 | L51: =C$20*SQRT((2*C$20)/(C$16*C$4*I51))/J51 -> 2761.6832 | M51: =C$17*(1-0.605*K51+0.725*K51^2) -> 8915.2509 | N51: =(M51-L51) -> 6153.5677 | O51: =N51/C$20*J51 -> 10.818073 | P51: =DEGREES(ASIN(O51/J51)) -> 9.4015623 | Q51: =Q29 -> 6.131
F52: =F30 -> 0.611 | G52: =G30 -> 0.0406 | H52: =G52/SQRT(1-K52^2) -> 0.041647036 | I52: =F52^3/H52^2 -> 131.50899 | J52: =SQRT((2*C$20)/(C$4*C$16*F52)) -> 75.826119 | K52: =J52/C$19 -> 0.22282139 | L52: =C$20*SQRT((2*C$20)/(C$16*C$4*I52))/J52 -> 2567.6931 | M52: =C$17*(1-0.605*K52+0.725*K52^2) -> 8831.6508 | N52: =(M52-L52) -> 6263.9576 | O52: =N52/C$20*J52 -> 12.608616 | P52: =DEGREES(ASIN(O52/J52)) -> 9.5717908 | Q52: =Q30 -> 4.573
F53: =F31 -> 0.491 | G53: =G31 -> 0.0317 | H53: =G53/SQRT(1-K53^2) -> 0.032727118 | I53: =F53^3/H53^2 -> 110.51697 | J53: =SQRT((2*C$20)/(C$4*C$16*F53)) -> 84.586038 | K53: =J53/C$19 -> 0.24856315 | L53: =C$20*SQRT((2*C$20)/(C$16*C$4*I53))/J53 -> 2510.8831 | M53: =C$17*(1-0.605*K53+0.725*K53^2) -> 8765.2419 | N53: =(M53-L53) -> 6254.3587 | O53: =N53/C$20*J53 -> 14.04369 | P53: =DEGREES(ASIN(O53/J53)) -> 9.5569853 | Q53: =Q31 -> 3.354
F54: =F32 -> 0.388 | G54: =G32 -> 0.0252 | H54: =G54/SQRT(1-K54^2) -> 0.026246938 | I54: =F54^3/H54^2 -> 84.788682 | J54: =SQRT((2*C$20)/(C$4*C$16*F54)) -> 95.153237 | K54: =J54/C$19 -> 0.27961574 | L54: =C$20*SQRT((2*C$20)/(C$16*C$4*I54))/J54 -> 2548.28 | M54: =C$17*(1-0.605*K54+0.725*K54^2) -> 8697.6624 | N54: =(M54-L54) -> 6149.3824 | O54: =N54/C$20*J54 -> 15.532982 | P54: =DEGREES(ASIN(O54/J54)) -> 9.3951099 | Q54: =Q32 -> 2.574
F55: =F33 -> 0.246 | G55: =G33 -> 0.0188 | H55: =G55/SQRT(1-K55^2) -> 0.020078735 | I55: =F55^3/H55^2 -> 36.926032 | J55: =SQRT((2*C$20)/(C$4*C$16*F55)) -> 119.50109 | K55: =J55/C$19 -> 0.35116395 | L55: =C$20*SQRT((2*C$20)/(C$16*C$4*I55))/J55 -> 3074.6909 | M55: =C$17*(1-0.605*K55+0.725*K55^2) -> 8594.11 | N55: =(M55-L55) -> 5519.4191 | O55: =N55/C$20*J55 -> 17.509148 | P55: =DEGREES(ASIN(O55/J55)) -> 8.4252352 | Q55: =Q33 -> 1.242
F56: =F34 -> 0.2 | G56: =G34 -> 0.0175 | H56: =G56/SQRT(1-K56^2) -> 0.019000188 | I56: =F56^3/H56^2 -> 22.160226 | J56: =SQRT((2*C$20)/(C$4*C$16*F56)) -> 132.53312 | K56: =J56/C$19 -> 0.38945966 | L56: =C$20*SQRT((2*C$20)/(C$16*C$4*I56))/J56 -> 3578.7234 | M56: =C$17*(1-0.605*K56+0.725*K56^2) -> 8568.5717 | N56: =(M56-L56) -> 4989.8483 | O56: =N56/C$20*J56 -> 17.555433 | P56: =DEGREES(ASIN(O56/J56)) -> 7.6118112 | Q56: =Q34 -> 0.688
F57: =F35 -> 0.151 | G57: =G35 -> 0.0163 | H57: =G57/SQRT(1-K57^2) -> 0.018234204 | I57: =F57^3/H57^2 -> 10.35517 | J57: =SQRT((2*C$20)/(C$4*C$16*F57)) -> 152.52849 | K57: =J57/C$19 -> 0.44821771 | L57: =C$20*SQRT((2*C$20)/(C$16*C$4*I57))/J57 -> 4548.9387 | M57: =C$17*(1-0.605*K57+0.725*K57^2) -> 8569.9054 | N57: =(M57-L57) -> 4020.9667 | O57: =N57/C$20*J57 -> 16.281005 | P57: =DEGREES(ASIN(O57/J57)) -> 6.1274679 | Q57: =Q35 -> 0.237
F58: =F36 -> 0.12 | G58: =G36 -> 0.0161 | H58: =G58/SQRT(1-K58^2) -> 0.018625454 | I58: =F58^3/H58^2 -> 4.9811542 | J58: =SQRT((2*C$20)/(C$4*C$16*F58)) -> 171.09953 | K58: =J58/C$19 -> 0.50279026 | L58: =C$20*SQRT((2*C$20)/(C$16*C$4*I58))/J58 -> 5846.9027 | M58: =C$17*(1-0.605*K58+0.725*K58^2) -> 8615.0867 | N58: =(M58-L58) -> 2768.184 | O58: =N58/C$20*J58 -> 12.573134 | P58: =DEGREES(ASIN(O58/J58)) -> 4.2141403 | Q58: =Q36 -> -0.039
F59: =F37 -> 0.094 | G59: =G37 -> 0.0157 | H59: =G59/SQRT(1-K59^2) -> 0.019077252 | I59: =F59^3/H59^2 -> 2.2821906 | J59: =SQRT((2*C$20)/(C$4*C$16*F59)) -> 193.31943 | K59: =J59/C$19 -> 0.56808531 | L59: =C$20*SQRT((2*C$20)/(C$16*C$4*I59))/J59 -> 7645.1885 | M59: =C$17*(1-0.605*K59+0.725*K59^2) -> 8724.7543 | N59: =(M59-L59) -> 1079.5658 | O59: =N59/C$20*J59 -> 5.5401867 | P59: =DEGREES(ASIN(O59/J59)) -> 1.6422187 | Q59: =Q37 -> -0.28
F60: =F38 -> 0.079 | G60: =G38 -> 0.0156 | H60: =G60/SQRT(1-K60^2) -> 0.019876193 | I60: =F60^3/H60^2 -> 1.2480008 | J60: =SQRT((2*C$20)/(C$4*C$16*F60)) -> 210.87538 | K60: =J60/C$19 -> 0.61967494 | L60: =C$20*SQRT((2*C$20)/(C$16*C$4*I60))/J60 -> 9477.7738 | M60: =C$17*(1-0.605*K60+0.725*K60^2) -> 8854.2462 | N60: =(M60-L60) -> -623.52757 | O60: =N60/C$20*J60 -> -3.4904492 | P60: =DEGREES(ASIN(O60/J60)) -> -0.94841387 | Q60: =Q38 -> -0.417
F61: =F39 -> 0.064 | G61: =G39 -> 0.0154 | H61: =G61/SQRT(1-K61^2) -> 0.021233732 | I61: =F61^3/H61^2 -> 0.58141635 | J61: =SQRT((2*C$20)/(C$4*C$16*F61)) -> 234.28768 | K61: =J61/C$19 -> 0.68847392 | L61: =C$20*SQRT((2*C$20)/(C$16*C$4*I61))/J61 -> 12498.175 | M61: =C$17*(1-0.605*K61+0.725*K61^2) -> 9085.7821 | N61: =(M61-L61) -> -3412.3927 | O61: =N61/C$20*J61 -> -21.223071 | P61: =DEGREES(ASIN(O61/J61)) -> -5.1972925 | Q61: =Q39 -> -0.555
F62: =F40 -> 0.053 | G62: =G40 -> 0.0153 | H62: =G62/SQRT(1-K62^2) -> 0.023396928 | I62: =F62^3/H62^2 -> 0.27196306 | J62: =SQRT((2*C$20)/(C$4*C$16*F62)) -> 257.4551 | K62: =J62/C$19 -> 0.75655333 | L62: =C$20*SQRT((2*C$20)/(C$16*C$4*I62))/J62 -> 16629.654 | M62: =C$17*(1-0.605*K62+0.725*K62^2) -> 9381.1051 | N62: =(M62-L62) -> -7248.5486 | O62: =N62/C$20*J62 -> -49.53958 | P62: =DEGREES(ASIN(O62/J62)) -> -11.094062 | Q62: =Q40 -> -0.658
F63: =F41 -> 0.045 | G63: =G41 -> 0.0155 | H63: =G63/SQRT(1-K63^2) -> 0.027152403 | I63: =F63^3/H63^2 -> 0.12360072 | J63: =SQRT((2*C$20)/(C$4*C$16*F63)) -> 279.40436 | K63: =J63/C$19 -> 0.82105306 | L63: =C$20*SQRT((2*C$20)/(C$16*C$4*I63))/J63 -> 22729.819 | M63: =C$17*(1-0.605*K63+0.725*K63^2) -> 9721.6568 | N63: =(M63-L63) -> -13008.162 | O63: =N63/C$20*J63 -> -96.482577 | P63: =DEGREES(ASIN(O63/J63)) -> -20.201039 | Q63: =Q41 -> -0.754
G65: Metoda ciągu, m=m0, h=0km
B66: Równanie 1 | C66: gamma | D66: alfa | E66: Równ 2 | G66: V [m/s] | H66: Ma | I66: Ps [N] | J66: α [°] | K66: γ [°] | L66: w [m/s]
B67: =-I67*COS(C67+D67-C$14)+0.5*C$16*C$4*C$2*(D67-C$5)*G67^2*SIN(C67)+0.5*C$16*C$4*((C$8+1/PI()/C$7*C$2^2*(D67-C$5)^2)/SQRT(1-H67^2))*G67^2*COS(C67) -> 0.00027745332 | C67: 0.14793343 | D67: 0.18896085 | E67: =I67*SIN(C67+D67-C$14)+0.5*C$16*C$4*C$2*(D67-C$5)*G67^2*COS(C67)-0.5*C$16*C$4*(C$8+1/PI()/C$7*C$2^2*(D67-C$5)^2)/SQRT(1-H67^2)*G67^2*SIN(C67)-C$20 -> -1.7484126e-08 | G67: =SQRT(2*C$20/C$4/C$16/C$15) -> 50.0036 | H67: =G67/C$19 -> 0.14693976 | I67: =C$17*(1-0.605*H67+0.725*H67^2) -> 9082.2003 | J67: =DEGREES(D67) -> 10.826659 | K67: =DEGREES(C67) -> 8.4759614 | L67: =G67*SIN(RADIANS(K67)) -> 7.3702532
B68: =-I68*COS(C68+D68-C$14)+0.5*C$16*C$4*C$2*(D68-C$5)*G68^2*SIN(C68)+0.5*C$16*C$4*((C$8+1/PI()/C$7*C$2^2*(D68-C$5)^2)/SQRT(1-H68^2))*G68^2*COS(C68) -> -3.1686795e-08 | C68: 0.16773259 | D68: 0.11208488 | E68: =I68*SIN(C68+D68-C$14)+0.5*C$16*C$4*C$2*(D68-C$5)*G68^2*COS(C68)-0.5*C$16*C$4*(C$8+1/PI()/C$7*C$2^2*(D68-C$5)^2)/SQRT(1-H68^2)*G68^2*SIN(C68)-C$20 -> 0 | G68: =G4 -> 63 | H68: =G68/C$19 -> 0.18513077 | I68: =C$17*(1-0.605*H68+0.725*H68^2) -> 8945.8722 | J68: =DEGREES(D68) -> 6.4219904 | K68: =DEGREES(C68) -> 9.6103695 | L68: =G68*SIN(RADIANS(K68)) -> 10.517673
B69: =-I69*COS(C69+D69-C$14)+0.5*C$16*C$4*C$2*(D69-C$5)*G69^2*SIN(C69)+0.5*C$16*C$4*((C$8+1/PI()/C$7*C$2^2*(D69-C$5)^2)/SQRT(1-H69^2))*G69^2*COS(C69) -> 1.8363426e-07 | C69: 0.17245658 | D69: 0.067776598 | E69: =I69*SIN(C69+D69-C$14)+0.5*C$16*C$4*C$2*(D69-C$5)*G69^2*COS(C69)-0.5*C$16*C$4*(C$8+1/PI()/C$7*C$2^2*(D69-C$5)^2)/SQRT(1-H69^2)*G69^2*SIN(C69)-C$20 -> 0 | G69: =G5 -> 77 | H69: =G69/C$19 -> 0.22627094 | I69: =C$17*(1-0.605*H69+0.725*H69^2) -> 8822.2052 | J69: =DEGREES(D69) -> 3.883313 | K69: =DEGREES(C69) -> 9.8810343 | L69: =G69*SIN(RADIANS(K69)) -> 13.213432
B70: =-I70*COS(C70+D70-C$14)+0.5*C$16*C$4*C$2*(D70-C$5)*G70^2*SIN(C70)+0.5*C$16*C$4*((C$8+1/PI()/C$7*C$2^2*(D70-C$5)^2)/SQRT(1-H70^2))*G70^2*COS(C70) -> 8.2377028e-08 | C70: 0.16902788 | D70: 0.043410082 | E70: =I70*SIN(C70+D70-C$14)+0.5*C$16*C$4*C$2*(D70-C$5)*G70^2*COS(C70)-0.5*C$16*C$4*(C$8+1/PI()/C$7*C$2^2*(D70-C$5)^2)/SQRT(1-H70^2)*G70^2*SIN(C70)-C$20 -> 0 | G70: =G6 -> 90 | H70: =G70/C$19 -> 0.26447252 | I70: =C$17*(1-0.605*H70+0.725*H70^2) -> 8728.9067 | J70: =DEGREES(D70) -> 2.4872145 | K70: =DEGREES(C70) -> 9.684584 | L70: =G70*SIN(RADIANS(K70)) -> 15.140174
B71: =-I71*COS(C71+D71-C$14)+0.5*C$16*C$4*C$2*(D71-C$5)*G71^2*SIN(C71)+0.5*C$16*C$4*((C$8+1/PI()/C$7*C$2^2*(D71-C$5)^2)/SQRT(1-H71^2))*G71^2*COS(C71) -> 1.0735766e-07 | C71: 0.16024778 | D71: 0.026565394 | E71: =I71*SIN(C71+D71-C$14)+0.5*C$16*C$4*C$2*(D71-C$5)*G71^2*COS(C71)-0.5*C$16*C$4*(C$8+1/PI()/C$7*C$2^2*(D71-C$5)^2)/SQRT(1-H71^2)*G71^2*SIN(C71)-C$20 -> 0 | G71: =G7 -> 104 | H71: =G71/C$19 -> 0.30561269 | I71: =C$17*(1-0.605*H71+0.725*H71^2) -> 8651.6231 | J71: =DEGREES(D71) -> 1.5220849 | K71: =DEGREES(C71) -> 9.1815215 | L71: =G71*SIN(RADIANS(K71)) -> 16.594533
B72: =-I72*COS(C72+D72-C$14)+0.5*C$16*C$4*C$2*(D72-C$5)*G72^2*SIN(C72)+0.5*C$16*C$4*((C$8+1/PI()/C$7*C$2^2*(D72-C$5)^2)/SQRT(1-H72^2))*G72^2*COS(C72) -> -6.669552e-07 | C72: 0.14868234 | D72: 0.015961928 | E72: =I72*SIN(C72+D72-C$14)+0.5*C$16*C$4*C$2*(D72-C$5)*G72^2*COS(C72)-0.5*C$16*C$4*(C$8+1/PI()/C$7*C$2^2*(D72-C$5)^2)/SQRT(1-H72^2)*G72^2*SIN(C72)-C$20 -> 0 | G72: =G8 -> 117 | H72: =G72/C$19 -> 0.34381428 | I72: =C$17*(1-0.605*H72+0.725*H72^2) -> 8601.3948 | J72: =DEGREES(D72) -> 0.91455113 | K72: =DEGREES(C72) -> 8.5188708 | L72: =G72*SIN(RADIANS(K72)) -> 17.331812
B73: =-I73*COS(C73+D73-C$14)+0.5*C$16*C$4*C$2*(D73-C$5)*G73^2*SIN(C73)+0.5*C$16*C$4*((C$8+1/PI()/C$7*C$2^2*(D73-C$5)^2)/SQRT(1-H73^2))*G73^2*COS(C73) -> 1.690596e-07 | C73: 0.1343918 | D73: 0.0083452943 | E73: =I73*SIN(C73+D73-C$14)+0.5*C$16*C$4*C$2*(D73-C$5)*G73^2*COS(C73)-0.5*C$16*C$4*(C$8+1/PI()/C$7*C$2^2*(D73-C$5)^2)/SQRT(1-H73^2)*G73^2*SIN(C73)-C$20 -> 0 | G73: =G9 -> 130 | H73: =G73/C$19 -> 0.38201587 | I73: =C$17*(1-0.605*H73+0.725*H73^2) -> 8571.9041 | J73: =DEGREES(D73) -> 0.47815014 | K73: =DEGREES(C73) -> 7.7000828 | L73: =G73*SIN(RADIANS(K73)) -> 17.41839
B74: =-I74*COS(C74+D74-C$14)+0.5*C$16*C$4*C$2*(D74-C$5)*G74^2*SIN(C74)+0.5*C$16*C$4*((C$8+1/PI()/C$7*C$2^2*(D74-C$5)^2)/SQRT(1-H74^2))*G74^2*COS(C74) -> -7.210383e-08 | C74: 0.11617174 | D74: 0.0023157981 | E74: =I74*SIN(C74+D74-C$14)+0.5*C$16*C$4*C$2*(D74-C$5)*G74^2*COS(C74)-0.5*C$16*C$4*(C$8+1/PI()/C$7*C$2^2*(D74-C$5)^2)/SQRT(1-H74^2)*G74^2*SIN(C74)-C$20 -> 0 | G74: =G10 -> 144 | H74: =G74/C$19 -> 0.42315604 | I74: =C$17*(1-0.605*H74+0.725*H74^2) -> 8563.3365 | J74: =DEGREES(D74) -> 0.13268546 | K74: =DEGREES(C74) -> 6.6561502 | L74: =G74*SIN(RADIANS(K74)) -> 16.691127
B75: =-I75*COS(C75+D75-C$14)+0.5*C$16*C$4*C$2*(D75-C$5)*G75^2*SIN(C75)+0.5*C$16*C$4*((C$8+1/PI()/C$7*C$2^2*(D75-C$5)^2)/SQRT(1-H75^2))*G75^2*COS(C75) -> 2.9948569e-07 | C75: 0.094983333 | D75: -0.002200084 | E75: =I75*SIN(C75+D75-C$14)+0.5*C$16*C$4*C$2*(D75-C$5)*G75^2*COS(C75)-0.5*C$16*C$4*(C$8+1/PI()/C$7*C$2^2*(D75-C$5)^2)/SQRT(1-H75^2)*G75^2*SIN(C75)-C$20 -> 0 | G75: =G11 -> 158 | H75: =G75/C$19 -> 0.46429621 | I75: =C$17*(1-0.605*H75+0.725*H75^2) -> 8578.8195 | J75: =DEGREES(D75) -> -0.12605553 | K75: =DEGREES(C75) -> 5.4421441 | L75: =G75*SIN(RADIANS(K75)) -> 14.984811
B76: =-I76*COS(C76+D76-C$14)+0.5*C$16*C$4*C$2*(D76-C$5)*G76^2*SIN(C76)+0.5*C$16*C$4*((C$8+1/PI()/C$7*C$2^2*(D76-C$5)^2)/SQRT(1-H76^2))*G76^2*COS(C76) -> 0 | C76: 0.072441829 | D76: -0.0054522853 | E76: =I76*SIN(C76+D76-C$14)+0.5*C$16*C$4*C$2*(D76-C$5)*G76^2*COS(C76)-0.5*C$16*C$4*(C$8+1/PI()/C$7*C$2^2*(D76-C$5)^2)/SQRT(1-H76^2)*G76^2*SIN(C76)-C$20 -> 0 | G76: =G12 -> 171 | H76: =G76/C$19 -> 0.5024978 | I76: =C$17*(1-0.605*H76+0.725*H76^2) -> 8614.7317 | J76: =DEGREES(D76) -> -0.31239294 | K76: =DEGREES(C76) -> 4.1506111 | L76: =G76*SIN(RADIANS(K76)) -> 12.376721
B77: =-I77*COS(C77+D77-C$14)+0.5*C$16*C$4*C$2*(D77-C$5)*G77^2*SIN(C77)+0.5*C$16*C$4*((C$8+1/PI()/C$7*C$2^2*(D77-C$5)^2)/SQRT(1-H77^2))*G77^2*COS(C77) -> 0 | C77: 0.044668824 | D77: -0.0082294828 | E77: =I77*SIN(C77+D77-C$14)+0.5*C$16*C$4*C$2*(D77-C$5)*G77^2*COS(C77)-0.5*C$16*C$4*(C$8+1/PI()/C$7*C$2^2*(D77-C$5)^2)/SQRT(1-H77^2)*G77^2*SIN(C77)-C$20 -> 0 | G77: =G13 -> 185 | H77: =G77/C$19 -> 0.54363797 | I77: =C$17*(1-0.605*H77+0.725*H77^2) -> 8676.5981 | J77: =DEGREES(D77) -> -0.47151463 | K77: =DEGREES(C77) -> 2.5593351 | L77: =G77*SIN(RADIANS(K77)) -> 8.2609846
B78: =-I78*COS(C78+D78-C$14)+0.5*C$16*C$4*C$2*(D78-C$5)*G78^2*SIN(C78)+0.5*C$16*C$4*((C$8+1/PI()/C$7*C$2^2*(D78-C$5)^2)/SQRT(1-H78^2))*G78^2*COS(C78) -> 2.3646862e-11 | C78: 0.01014424 | D78: -0.0105975 | E78: =I78*SIN(C78+D78-C$14)+0.5*C$16*C$4*C$2*(D78-C$5)*G78^2*COS(C78)-0.5*C$16*C$4*(C$8+1/PI()/C$7*C$2^2*(D78-C$5)^2)/SQRT(1-H78^2)*G78^2*SIN(C78)-C$20 -> 0 | G78: =G14 -> 200 | H78: =G78/C$19 -> 0.58771672 | I78: =C$17*(1-0.605*H78+0.725*H78^2) -> 8769.5723 | J78: =DEGREES(D78) -> -0.607192 | K78: =DEGREES(C78) -> 0.58122217 | L78: =G78*SIN(RADIANS(K78)) -> 2.0288133
B79: =-I79*COS(C79+D79-C$14)+0.5*C$16*C$4*C$2*(D79-C$5)*G79^2*SIN(C79)+0.5*C$16*C$4*((C$8+1/PI()/C$7*C$2^2*(D79-C$5)^2)/SQRT(1-H79^2))*G79^2*COS(C79) -> 0 | C79: -0.024673189 | D79: -0.012273589 | E79: =I79*SIN(C79+D79-C$14)+0.5*C$16*C$4*C$2*(D79-C$5)*G79^2*COS(C79)-0.5*C$16*C$4*(C$8+1/PI()/C$7*C$2^2*(D79-C$5)^2)/SQRT(1-H79^2)*G79^2*SIN(C79)-C$20 -> 0 | G79: =G15 -> 213 | H79: =G79/C$19 -> 0.62591831 | I79: =C$17*(1-0.605*H79+0.725*H79^2) -> 8872.4827 | J79: =DEGREES(D79) -> -0.70322484 | K79: =DEGREES(C79) -> -1.4136696 | L79: =G79*SIN(RADIANS(K79)) -> -5.254856
... B81: =-I81*COS(C81+D81-C$14)+0.5*C$16*C$4*C$2*(D81-C$5)*G81^2*SIN(C81)+0.5*C$16*C$4*((C$8+1/PI()/C$7*C$2^2*(D81-C$5)^2)/SQRT(1-H81^2))*G81^2*COS(C81) -> 0 | C81: -0.11732384 | D81: -0.014985728 | E81: =I81*SIN(C81+D81-C$14)+0.5*C$16*C$4*C$2*(D81-C$5)*G81^2*COS(C81)-0.5*C$16*C$4*(C$8+1/PI()/C$7*C$2^2*(D81-C$5)^2)/SQRT(1-H81^2)*G81^2*SIN(C81)-C$20 -> 0 | G81: =G17 -> 240 | H81: =G81/C$19 -> 0.70526006 | I81: =C$17*(1-0.605*H81+0.725*H81^2) -> 9152.4815 | J81: =DEGREES(D81) -> -0.85861897 | K81: =DEGREES(C81) -> -6.722161 | L81: =G81*SIN(RADIANS(K81)) -> -28.093168

Sheet h=2km
A1: wysokość lotu | B1: h | C1: 2000 | D1: m | G1: Metoda ciągu, m=mśr, h=2km
A2: Współczynnik kierunkowy prostej Cz(a) | B2: a∞ | C2: =Podsumowanie!B17 -> 6.231 | D2: 1/rad | G2: V [m/s] | H2: Ma | I2: Ps [N] | J2: α [°] | K2: γ [°] | L2: w [m/s]
A3: Ciąg silnika przy ziemii | B3: Pr-0 | C3: =Podsumowanie!B10 -> 9800 | D3: N | G3: =SQRT(2*C$11/C$4/C$16/C$15) -> 50.676077 | H3: =G3/C$19 -> 0.1523932 | I3: =C$17*(1-0.605*H3+0.725*H3^2) -> 7666.8543 | J3: =OFFSET(D24,A24-2,0,1,1) -> 10.826329 | K3: =OFFSET(D23,A24-2,0,1,1) -> 8.4785895 | L3: =G3*SIN(RADIANS(K3)) -> 7.4716718
A4: Powierzchnia nośna | B4: S | C4: =Podsumowanie!B3 -> 17.5 | D4: m2 | G4: 63 | H4: =G4/C$19 -> 0.18945373 | I4: =C$17*(1-0.605*H4+0.725*H4^2) -> 7557.1003 | J4: =OFFSET(D25,A25-2,0,1,1) -> 6.6280075 | K4: =OFFSET(D24,A25-2,0,1,1) -> 9.5688619 | L4: =G4*SIN(RADIANS(K4)) -> 10.472671
A5: Kąt zerowej siły nośnej | B5: α0 | C5: =Podsumowanie!B31 -> -0.024783675 | D5: rad | G5: 77 | H5: =G5/C$19 -> 0.23155456 | I5: =C$17*(1-0.605*H5+0.725*H5^2) -> 7452.4544 | J5: =OFFSET(D26,A26-2,0,1,1) -> 4.0236866 | K5: =OFFSET(D25,A26-2,0,1,1) -> 9.8775863 | L5: =G5*SIN(RADIANS(K5)) -> 13.208866
A6: masa samolotu | B6: m | C6: =Podsumowanie!B7 -> 3240 | D6: kg | G6: 90 | H6: =G6/C$19 -> 0.27064818 | I6: =C$17*(1-0.605*H6+0.725*H6^2) -> 7374.3648 | J6: =OFFSET(D27,A27-2,0,1,1) -> 2.5909548 | K6: =OFFSET(D26,A27-2,0,1,1) -> 9.7101638 | L6: =G6*SIN(RADIANS(K6)) -> 15.179781
A7: wydłużenie Oswalda | B7: Λe | C7: =Podsumowanie!B14 -> 5.134 | D7: - | G7: 104 | H7: =G7/C$19 -> 0.31274901 | I7: =C$17*(1-0.605*H7+0.725*H7^2) -> 7310.8178 | J7: =OFFSET(D28,A28-2,0,1,1) -> 1.6003078 | K7: =OFFSET(D27,A28-2,0,1,1) -> 9.2363886 | L7: =G7*SIN(RADIANS(K7)) -> 16.692841
A8: Minimalny współczynnik Cx z danych | B8: (Cx)min | C8: =Podsumowanie!B15 -> 0.01533 | D8: - | G8: 117 | H8: =G8/C$19 -> 0.35184264 | I8: =C$17*(1-0.605*H8+0.725*H8^2) -> 7270.8914 | J8: =OFFSET(D29,A29-2,0,1,1) -> 0.97665003 | K8: =OFFSET(D28,A29-2,0,1,1) -> 8.6009478 | L8: =G8*SIN(RADIANS(K8)) -> 17.497549
A9: Obroty silnika | B9: ns | C9: =Podsumowanie!B12 -> 243.33333 | D9: 1/s | G9: 130 | H9: =G9/C$19 -> 0.39093626 | I9: =C$17*(1-0.605*H9+0.725*H9^2) -> 7249.34 | J9: =OFFSET(D30,A30-2,0,1,1) -> 0.52865466 | K9: =OFFSET(D29,A30-2,0,1,1) -> 7.810049 | L9: =G9*SIN(RADIANS(K9)) -> 17.665614
A10: gęstość powietrza przy ziemii | B10: ρ | C10: =Podsumowanie!B2 -> 1.2255 | D10: kg/m3 | G10: 144 | H10: =G10/C$19 -> 0.43303709 | I10: =C$17*(1-0.605*H10+0.725*H10^2) -> 7246.6802 | J10: =OFFSET(D31,A31-2,0,1,1) -> 0.17402183 | K10: =OFFSET(D30,A31-2,0,1,1) -> 6.7969124 | L10: =G10*SIN(RADIANS(K10)) -> 17.042466
A11: Ciężar samolotu | B11: Q | C11: =Podsumowanie!B8 -> 31784.4 | D11: N | G11: 158 | H11: =G11/C$19 -> 0.47513792 | I11: =C$17*(1-0.605*H11+0.725*H11^2) -> 7265.3309 | J11: =OFFSET(D32,A32-2,0,1,1) -> -0.091562506 | K11: =OFFSET(D31,A32-2,0,1,1) -> 5.6138786 | L11: =G11*SIN(RADIANS(K11)) -> 15.456187
A12: Prędkość dźwięku na poziomie morza | B12: a0 | C12: =Podsumowanie!B13 -> 340.3 | D12: m/s | G12: 171 | H12: =G12/C$19 -> 0.51423155 | I12: =C$17*(1-0.605*H12+0.725*H12^2) -> 7301.731 | J12: =OFFSET(D33,A33-2,0,1,1) -> -0.28280151 | K12: =OFFSET(D32,A33-2,0,1,1) -> 4.3501277 | L12: =G12*SIN(RADIANS(K12)) -> 12.970543
A13: Tempratura na poziomie morza | B13: T0 | C13: =Podsumowanie!B18 -> 288.15 | D13: K | G13: 185 | H13: =G13/C$19 -> 0.55633237 | I13: =C$17*(1-0.605*H13+0.725*H13^2) -> 7361.4806 | J13: =OFFSET(D34,A34-2,0,1,1) -> -0.44607788 | K13: =OFFSET(D33,A34-2,0,1,1) -> 2.7856377 | L13: =G13*SIN(RADIANS(K13)) -> 8.9908887
A14: kąt pochylenia osi silnika fi | B14: φ | C14: =Podsumowanie!B30 -> 0.017453293 | D14: rad | G14: 200 | H14: =G14/C$19 -> 0.6014404 | I14: =C$17*(1-0.605*H14+0.725*H14^2) -> 7449.1462 | J14: =OFFSET(D35,A35-2,0,1,1) -> -0.58526482 | K14: =OFFSET(D34,A35-2,0,1,1) -> 0.82856333 | L14: =G14*SIN(RADIANS(K14)) -> 2.8921308
A15: maksymalny współczynnik siły nośnej | B15: Czmax | C15: =Podsumowanie!B16 -> 1.405 | D15: - | G15: 213 | H15: =G15/C$19 -> 0.64053403 | I15: =C$17*(1-0.605*H15+0.725*H15^2) -> 7544.9113 | J15: =OFFSET(D36,A36-2,0,1,1) -> -0.68376206 | K15: =OFFSET(D35,A36-2,0,1,1) -> -1.1601237 | L15: =G15*SIN(RADIANS(K15)) -> -4.3125246
A16: gęstość powietrza na wysokości h | B16: ρh | C16: =C10*(1-C1/44300)^4.256 -> 1.0067547 | D16: kg/m3 | G16: 227 | H16: =G16/C$19 -> 0.68263486 | I16: =C$17*(1-0.605*H16+0.725*H16^2) -> 7668.5925 | J16: =OFFSET(D37,A37-2,0,1,1) -> -0.77266716 | K16: =OFFSET(D36,A37-2,0,1,1) -> -3.6951687 | L16: =G16*SIN(RADIANS(K16)) -> -14.629733
A17: Moc na wysokości przelotowej | B17: Ph | C17: =C3*(C16/C10)^0.85 -> 8291.7246 | D17: N | G17: 240 | H17: =G17/C$19 -> 0.72172848 | I17: =C$17*(1-0.605*H17+0.725*H17^2) -> 7802.5209 | J17: =OFFSET(D38,A38-2,0,1,1) -> -0.84319312 | K17: =OFFSET(D37,A38-2,0,1,1) -> -6.5363174 | L17: =G17*SIN(RADIANS(K17)) -> -27.319914
A18: Temperatura na wysokości h | B18: Th | C18: =C13-6.5*C1/1000 -> 275.15 | D18: K
A19: Prędkość dźwięku na wysokości h | B19: ah | C19: =C12*SQRT(C18/C13) -> 332.53503 | D19: m/s
A20: Maksymalny ciężar samolotu | B20: Qmax | C20: =Podsumowanie!B9 -> 37670.4 | D20: N
A23: 1 | B23: =-I3*COS(C23+C24-C$14)+0.5*C$16*C$4*C$2*(C24-C$5)*G3^2*SIN(C23)+0.5*C$16*C$4*((C$8+1/PI()/C$7*C$2^2*(C24-C$5)^2)/SQRT(1-H3^2))*G3^2*COS(C23) -> 5.6366474e-05 | C23: 0.1479793 | D23: =DEGREES(C23) -> 8.4785895 | F23: Metoda mocy, m=mśr, h=2km
A24: 2 | B24: =I3*SIN(C23+C24-C$14)+0.5*C$16*C$4*C$2*(C24-C$5)*G3^2*COS(C23)-0.5*C$16*C$4*(C$8+1/PI()/C$7*C$2^2*(C24-C$5)^2)/SQRT(1-H3^2)*G3^2*SIN(C23)-C$11 -> -4.3168257e-08 | C24: 0.1889551 | D24: =DEGREES(C24) -> 10.826329 | F24: Cz | G24: Cx | H24: Cx~ | I24: E | J24: V [m/s] | K24: Ma | L24: Pn [N] | M24: Ps [N] | N24: ΔP [N] | O24: w [m/s] | P24: γ [°] | Q24: α [°]
A25: 3 | B25: =-I4*COS(C25+C26-C$14)+0.5*C$16*C$4*C$2*(C26-C$5)*G4^2*SIN(C25)+0.5*C$16*C$4*(C$8+1/PI()/C$7*C$2^2*(C26-C$5)^2)/SQRT(1-H4^2)*G4^2*COS(C25) -> 3.0386469e-05 | C25: 0.16700815 | D25: =DEGREES(C25) -> 9.5688619 | F25: 1.405 | G25: 0.1406 | H25: =G25/SQRT(1-K25^2) -> 0.14226162 | I25: =F25^3/H25^2 -> 137.04192 | J25: =SQRT((2*C$11)/(C$4*C$16*F25)) -> 50.676077 | K25: =J25/C$19 -> 0.1523932 | L25: =C$11*SQRT((2*C$11)/(C$16*C$4*I25))/J25 -> 3218.2921 | M25: =C$17*(1-0.605*K25+0.725*K25^2) -> 7666.8543 | N25: =(M25-L25) -> 4448.5622 | O25: =N25/C$11*J25 -> 7.0926519 | P25: =DEGREES(ASIN(O25/J25)) -> 8.0455637 | Q25: 12.989
A26: 4 | B26: =I4*SIN(C25+C26-C$14)+0.5*C$16*C$4*C$2*(C26-C$5)*G4^2*COS(C25)-0.5*C$16*C$4*(C$8+1/PI()/C$7*C$2^2*(C26-C$5)^2)/SQRT(1-H4^2)*G4^2*SIN(C25)-C$11 -> 1.5592377e-08 | C26: 0.11568055 | D26: =DEGREES(C26) -> 6.6280075 | F26: 1.356 | G26: 0.1324 | H26: =G26/SQRT(1-K26^2) -> 0.1340223 | I26: =F26^3/H26^2 -> 138.81133 | J26: =SQRT((2*C$11)/(C$4*C$16*F26)) -> 51.58356 | K26: =J26/C$19 -> 0.15512218 | L26: =C$11*SQRT((2*C$11)/(C$16*C$4*I26))/J26 -> 3141.459 | M26: =C$17*(1-0.605*K26+0.725*K26^2) -> 7658.2093 | N26: =(M26-L26) -> 4516.7503 | O26: =N26/C$11*J26 -> 7.3303273 | P26: =DEGREES(ASIN(O26/J26)) -> 8.169723 | Q26: 11.238
A27: 5 | B27: =-I5*COS(C27+C28-C$14)+0.5*C$16*C$4*C$2*(C28-C$5)*G5^2*SIN(C27)+0.5*C$16*C$4*(C$8+1/PI()/C$7*C$2^2*(C28-C$5)^2)/SQRT(1-H5^2)*G5^2*COS(C27) -> 2.0313232e-05 | C27: 0.1723964 | D27: =DEGREES(C27) -> 9.8775863 | F27: 1.302 | G27: 0.1231 | H27: =G27/SQRT(1-K27^2) -> 0.12467211 | I27: =F27^3/H27^2 -> 142.00196 | J27: =SQRT((2*C$11)/(C$4*C$16*F27)) -> 52.642397 | K27: =J27/C$19 -> 0.15830632 | L27: =C$11*SQRT((2*C$11)/(C$16*C$4*I27))/J27 -> 3043.4932 | M27: =C$17*(1-0.605*K27+0.725*K27^2) -> 7648.2355 | N27: =(M27-L27) -> 4604.7423 | O27: =N27/C$11*J27 -> 7.6265298 | P27: =DEGREES(ASIN(O27/J27)) -> 8.3299995 | Q27: 10.575
A28: 6 | B28: =I5*SIN(C27+C28-C$14)+0.5*C$16*C$4*C$2*(C28-C$5)*G5^2*COS(C27)-0.5*C$16*C$4*(C$8+1/PI()/C$7*C$2^2*(C28-C$5)^2)/SQRT(1-H5^2)*G5^2*SIN(C27)-C$11 -> 5.8207661e-11 | C28: 0.07022658 | D28: =DEGREES(C28) -> 4.0236866 | F28: 1.193 | G28: 0.1061 | H28: =G28/SQRT(1-K28^2) -> 0.10758141 | I28: =F28^3/H28^2 -> 146.70566 | J28: =SQRT((2*C$11)/(C$4*C$16*F28)) -> 54.994712 | K28: =J28/C$19 -> 0.16538021 | L28: =C$11*SQRT((2*C$11)/(C$16*C$4*I28))/J28 -> 2866.2284 | M28: =C$17*(1-0.605*K28+0.725*K28^2) -> 7626.5141 | N28: =(M28-L28) -> 4760.2857 | O28: =N28/C$11*J28 -> 8.2364474 | P28: =DEGREES(ASIN(O28/J28)) -> 8.6134814 | Q28: 9.576
A29: 7 | B29: =-I6*COS(C29+C30-C$14)+0.5*C$16*C$4*C$2*(C30-C$5)*G6^2*SIN(C29)+0.5*C$16*C$4*(C$8+1/PI()/C$7*C$2^2*(C30-C$5)^2)/SQRT(1-H6^2)*G6^2*COS(C29) -> -1.0951294e-05 | C29: 0.16947433 | D29: =DEGREES(C29) -> 9.7101638 | F29: 1.095 | G29: 0.0919 | H29: =G29/SQRT(1-K29^2) -> 0.093300619 | I29: =F29^3/H29^2 -> 150.82499 | J29: =SQRT((2*C$11)/(C$4*C$16*F29)) -> 57.402934 | K29: =J29/C$19 -> 0.17262222 | L29: =C$11*SQRT((2*C$11)/(C$16*C$4*I29))/J29 -> 2708.223 | M29: =C$17*(1-0.605*K29+0.725*K29^2) -> 7604.8996 | N29: =(M29-L29) -> 4896.6766 | O29: =N29/C$11*J29 -> 8.8434454 | P29: =DEGREES(ASIN(O29/J29)) -> 8.8622323 | Q29: 8.687
A30: 8 | B30: =I6*SIN(C29+C30-C$14)+0.5*C$16*C$4*C$2*(C30-C$5)*G6^2*COS(C29)-0.5*C$16*C$4*(C$8+1/PI()/C$7*C$2^2*(C30-C$5)^2)/SQRT(1-H6^2)*G6^2*SIN(C29)-C$11 -> 0 | C30: 0.045220693 | D30: =DEGREES(C30) -> 2.5909548 | F30: 0.997 | G30: 0.0794 | H30: =G30/SQRT(1-K30^2) -> 0.080732067 | I30: =F30^3/H30^2 -> 152.05242 | J30: =SQRT((2*C$11)/(C$4*C$16*F30)) -> 60.158025 | K30: =J30/C$19 -> 0.18090734 | L30: =C$11*SQRT((2*C$11)/(C$16*C$4*I30))/J30 -> 2573.7415 | M30: =C$17*(1-0.605*K30+0.725*K30^2) -> 7580.9453 | N30: =(M30-L30) -> 5007.2038 | O30: =N30/C$11*J30 -> 9.477086 | P30: =DEGREES(ASIN(O30/J30)) -> 9.0639358 | Q30: 8.017
A31: 9 | B31: =-I7*COS(C31+C32-C$14)+0.5*C$16*C$4*C$2*(C32-C$5)*G7^2*SIN(C31)+0.5*C$16*C$4*(C$8+1/PI()/C$7*C$2^2*(C32-C$5)^2)/SQRT(1-H7^2)*G7^2*COS(C31) -> 6.7889108e-05 | C31: 0.16120539 | D31: =DEGREES(C31) -> 9.2363886 | F31: 0.801 | G31: 0.0576 | H31: =G31/SQRT(1-K31^2) -> 0.058810292 | I31: =F31^3/H31^2 -> 148.59044 | J31: =SQRT((2*C$11)/(C$4*C$16*F31)) -> 67.115819 | K31: =J31/C$19 -> 0.20183083 | L31: =C$11*SQRT((2*C$11)/(C$16*C$4*I31))/J31 -> 2333.6453 | M31: =C$17*(1-0.605*K31+0.725*K31^2) -> 7524.1242 | N31: =(M31-L31) -> 5190.4789 | O31: =N31/C$11*J31 -> 10.960196 | P31: =DEGREES(ASIN(O31/J31)) -> 9.39865 | Q31: 6.131
A32: 10 | B32: =I7*SIN(C31+C32-C$14)+0.5*C$16*C$4*C$2*(C32-C$5)*G7^2*COS(C31)-0.5*C$16*C$4*(C$8+1/PI()/C$7*C$2^2*(C32-C$5)^2)/SQRT(1-H7^2)*G7^2*SIN(C31)-C$11 -> -2.9067451e-09 | C32: 0.027930641 | D32: =DEGREES(C32) -> 1.6003078 | F32: 0.611 | G32: 0.0406 | H32: =G32/SQRT(1-K32^2) -> 0.04172953 | I32: =F32^3/H32^2 -> 130.98955 | J32: =SQRT((2*C$11)/(C$4*C$16*F32)) -> 76.845873 | K32: =J32/C$19 -> 0.23109106 | L32: =C$11*SQRT((2*C$11)/(C$16*C$4*I32))/J32 -> 2170.7824 | M32: =C$17*(1-0.605*K32+0.725*K32^2) -> 7453.4904 | N32: =(M32-L32) -> 5282.708 | O32: =N32/C$11*J32 -> 12.772124 | P32: =DEGREES(ASIN(O32/J32)) -> 9.5672093 | Q32: 4.573
A33: 11 | B33: =-I8*COS(C33+C34-C$14)+0.5*C$16*C$4*C$2*(C34-C$5)*G8^2*SIN(C33)+0.5*C$16*C$4*(C$8+1/PI()/C$7*C$2^2*(C34-C$5)^2)/SQRT(1-H8^2)*G8^2*COS(C33) -> -1.1880229e-06 | C33: 0.15011486 | D33: =DEGREES(C33) -> 8.6009478 | F33: 0.491 | G33: 0.0317 | H33: =G33/SQRT(1-K33^2) -> 0.032808893 | I33: =F33^3/H33^2 -> 109.96673 | J33: =SQRT((2*C$11)/(C$4*C$16*F33)) -> 85.723601 | K33: =J33/C$19 -> 0.25778819 | L33: =C$11*SQRT((2*C$11)/(C$16*C$4*I33))/J33 -> 2123.8513 | M33: =C$17*(1-0.605*K33+0.725*K33^2) -> 7398.0246 | N33: =(M33-L33) -> 5274.1733 | O33: =N33/C$11*J33 -> 14.224624 | P33: =DEGREES(ASIN(O33/J33)) -> 9.5516077 | Q33: 3.354
A34: 12 | B34: =I8*SIN(C33+C34-C$14)+0.5*C$16*C$4*C$2*(C34-C$5)*G8^2*COS(C33)-0.5*C$16*C$4*(C$8+1/PI()/C$7*C$2^2*(C34-C$5)^2)/SQRT(1-H8^2)*G8^2*SIN(C33)-C$11 -> 0 | C34: 0.017045759 | D34: =DEGREES(C34) -> 0.97665003 | F34: 0.388 | G34: 0.0252 | H34: =G34/SQRT(1-K34^2) -> 0.026331499 | I34: =F34^3/H34^2 -> 84.244976 | J34: =SQRT((2*C$11)/(C$4*C$16*F34)) -> 96.432914 | K34: =J34/C$19 -> 0.28999325 | L34: =C$11*SQRT((2*C$11)/(C$16*C$4*I34))/J34 -> 2157.0384 | M34: =C$17*(1-0.605*K34+0.725*K34^2) -> 7342.519 | N34: =(M34-L34) -> 5185.4806 | O34: =N34/C$11*J34 -> 15.732592 | P34: =DEGREES(ASIN(O34/J34)) -> 9.3895175 | Q34: 2.574
A35: 13 | B35: =-I9*COS(C35+C36-C$14)+0.5*C$16*C$4*C$2*(C36-C$5)*G9^2*SIN(C35)+0.5*C$16*C$4*(C$8+1/PI()/C$7*C$2^2*(C36-C$5)^2)/SQRT(1-H9^2)*G9^2*COS(C35) -> 8.9820987e-06 | C35: 0.13631107 | D35: =DEGREES(C35) -> 7.810049 | F35: 0.246 | G35: 0.0188 | H35: =G35/SQRT(1-K35^2) -> 0.020186359 | I35: =F35^3/H35^2 -> 36.533336 | J35: =SQRT((2*C$11)/(C$4*C$16*F35)) -> 121.10821 | K35: =J35/C$19 -> 0.36419686 | L35: =C$11*SQRT((2*C$11)/(C$16*C$4*I35))/J35 -> 2608.1761 | M35: =C$17*(1-0.605*K35+0.725*K35^2) -> 7262.095 | N35: =(M35-L35) -> 4653.9189 | O35: =N35/C$11*J35 -> 17.732844 | P35: =DEGREES(ASIN(O35/J35)) -> 8.4196027 | Q35: 1.242
A36: 14 | B36: =I9*SIN(C35+C36-C$14)+0.5*C$16*C$4*C$2*(C36-C$5)*G9^2*COS(C35)-0.5*C$16*C$4*(C$8+1/PI()/C$7*C$2^2*(C36-C$5)^2)/SQRT(1-H9^2)*G9^2*SIN(C35)-C$11 -> 1.6589183e-09 | C36: 0.0092267645 | D36: =DEGREES(C36) -> 0.52865466 | F36: 0.2 | G36: 0.0175 | H36: =G36/SQRT(1-K36^2) -> 0.019129927 | I36: =F36^3/H36^2 -> 21.860665 | J36: =SQRT((2*C$11)/(C$4*C$16*F36)) -> 134.31551 | K36: =J36/C$19 -> 0.40391386 | L36: =C$11*SQRT((2*C$11)/(C$16*C$4*I36))/J36 -> 3040.1662 | M36: =C$17*(1-0.605*K36+0.725*K36^2) -> 7246.2481 | N36: =(M36-L36) -> 4206.0818 | O36: =N36/C$11*J36 -> 17.774192 | P36: =DEGREES(ASIN(O36/J36)) -> 7.6043499 | Q36: 0.688
A37: 15 | B37: =-I10*COS(C37+C38-C$14)+0.5*C$16*C$4*C$2*(C38-C$5)*G10^2*SIN(C37)+0.5*C$16*C$4*(C$8+1/PI()/C$7*C$2^2*(C38-C$5)^2)/SQRT(1-H10^2)*G10^2*COS(C37) -> 1.3621734e-06 | C37: 0.1186285 | D37: =DEGREES(C37) -> 6.7969124 | F37: 0.151 | G37: 0.0163 | H37: =G37/SQRT(1-K37^2) -> 0.018410006 | I37: =F37^3/H37^2 -> 10.158345 | J37: =SQRT((2*C$11)/(C$4*C$16*F37)) -> 154.57978 | K37: =J37/C$19 -> 0.46485262 | L37: =C$11*SQRT((2*C$11)/(C$16*C$4*I37))/J37 -> 3875.1722 | M37: =C$17*(1-0.605*K37+0.725*K37^2) -> 7258.8073 | N37: =(M37-L37) -> 3383.6351 | O37: =N37/C$11*J37 -> 16.455921 | P37: =DEGREES(ASIN(O37/J37)) -> 6.1110504 | Q37: 0.237
A38: 16 | B38: =I10*SIN(C37+C38-C$14)+0.5*C$16*C$4*C$2*(C38-C$5)*G10^2*COS(C37)-0.5*C$16*C$4*(C$8+1/PI()/C$7*C$2^2*(C38-C$5)^2)/SQRT(1-H10^2)*G10^2*SIN(C37)-C$11 -> 1.3096724e-10 | C38: 0.003037254 | D38: =DEGREES(C38) -> 0.17402183 | F38: 0.12 | G38: 0.0161 | H38: =G38/SQRT(1-K38^2) -> 0.018868334 | I38: =F38^3/H38^2 -> 4.8537415 | J38: =SQRT((2*C$11)/(C$4*C$16*F38)) -> 173.40057 | K38: =J38/C$19 -> 0.52145055 | L38: =C$11*SQRT((2*C$11)/(C$16*C$4*I38))/J38 -> 4997.6555 | M38: =C$17*(1-0.605*K38+0.725*K38^2) -> 7310.4625 | N38: =(M38-L38) -> 2312.807 | O38: =N38/C$11*J38 -> 12.617575 | P38: =DEGREES(ASIN(O38/J38)) -> 4.1728426 | Q38: -0.039
A39: 17 | B39: =-I11*COS(C39+C40-C$14)+0.5*C$16*C$4*C$2*(C40-C$5)*G11^2*SIN(C39)+0.5*C$16*C$4*(C$8+1/PI()/C$7*C$2^2*(C40-C$5)^2)/SQRT(1-H11^2)*G11^2*COS(C39) -> 0.00013035587 | C39: 0.097980666 | D39: =DEGREES(C39) -> 5.6138786 | F39: 0.094 | G39: 0.0157 | H39: =G39/SQRT(1-K39^2) -> 0.019430455 | I39: =F39^3/H39^2 -> 2.1999743 | J39: =SQRT((2*C$11)/(C$4*C$16*F39)) -> 195.9193 | K39: =J39/C$19 -> 0.58916892 | L39: =C$11*SQRT((2*C$11)/(C$16*C$4*I39))/J39 -> 6570.057 | M39: =C$17*(1-0.605*K39+0.725*K39^2) -> 7422.8747 | N39: =(M39-L39) -> 852.81766 | O39: =N39/C$11*J39 -> 5.2567751 | P39: =DEGREES(ASIN(O39/J39)) -> 1.5375064 | Q39: -0.28
A40: 18 | B40: =I11*SIN(C39+C40-C$14)+0.5*C$16*C$4*C$2*(C40-C$5)*G11^2*COS(C39)-0.5*C$16*C$4*(C$8+1/PI()/C$7*C$2^2*(C40-C$5)^2)/SQRT(1-H11^2)*G11^2*SIN(C39)-C$11 -> 2.0372681e-10 | C40: -0.0015980672 | D40: =DEGREES(C40) -> -0.091562506 | F40: 0.079 | G40: 0.0156 | H40: =G40/SQRT(1-K40^2) -> 0.020361803 | I40: =F40^3/H40^2 -> 1.1891833 | J40: =SQRT((2*C$11)/(C$4*C$16*F40)) -> 213.71136 | K40: =J40/C$19 -> 0.64267323 | L40: =C$11*SQRT((2*C$11)/(C$16*C$4*I40))/J40 -> 8192.2493 | M40: =C$17*(1-0.605*K40+0.725*K40^2) -> 7550.6818 | N40: =(M40-L40) -> -641.56743 | O40: =N40/C$11*J40 -> -4.3137592 | P40: =DEGREES(ASIN(O40/J40)) -> -1.1565926 | Q40: -0.417
A41: 19 | B41: =-I12*COS(C41+C42-C$14)+0.5*C$16*C$4*C$2*(C42-C$5)*G12^2*SIN(C41)+0.5*C$16*C$4*(C$8+1/PI()/C$7*C$2^2*(C42-C$5)^2)/SQRT(1-H12^2)*G12^2*COS(C41) -> 4.6176881e-05 | C41: 0.075924051 | D41: =DEGREES(C41) -> 4.3501277 | F41: 0.064 | G41: 0.0154 | H41: =G41/SQRT(1-K41^2) -> 0.021996241 | I41: =F41^3/H41^2 -> 0.54180495 | J41: =SQRT((2*C$11)/(C$4*C$16*F41)) -> 237.43851 | K41: =J41/C$19 -> 0.71402558 | L41: =C$11*SQRT((2*C$11)/(C$16*C$4*I41))/J41 -> 10924.021 | M41: =C$17*(1-0.605*K41+0.725*K41^2) -> 7774.6784 | N41: =(M41-L41) -> -3149.3424 | O41: =N41/C$11*J41 -> -23.526484 | P41: =DEGREES(ASIN(O41/J41)) -> -5.6864563 | Q41: -0.555
A42: 20 | B42: =I12*SIN(C41+C42-C$14)+0.5*C$16*C$4*C$2*(C42-C$5)*G12^2*COS(C41)-0.5*C$16*C$4*(C$8+1/PI()/C$7*C$2^2*(C42-C$5)^2)/SQRT(1-H12^2)*G12^2*SIN(C41)-C$11 -> 3.0195224e-10 | C42: -0.0049358175 | D42: =DEGREES(C42) -> -0.28280151 | F42: 0.053 | G42: 0.0153 | H42: =G42/SQRT(1-K42^2) -> 0.024678922 | I42: =F42^3/H42^2 -> 0.24444166 | J42: =SQRT((2*C$11)/(C$4*C$16*F42)) -> 260.91751 | K42: =J42/C$19 -> 0.78463165 | L42: =C$11*SQRT((2*C$11)/(C$16*C$4*I42))/J42 -> 14800.089 | M42: =C$17*(1-0.605*K42+0.725*K42^2) -> 8056.5862 | N42: =(M42-L42) -> -6743.5033 | O42: =N42/C$11*J42 -> -55.357284 | P42: =DEGREES(ASIN(O42/J42)) -> -12.249194 | Q42: -0.658
A43: 21 | B43: =-I13*COS(C43+C44-C$14)+0.5*C$16*C$4*C$2*(C44-C$5)*G13^2*SIN(C43)+0.5*C$16*C$4*(C$8+1/PI()/C$7*C$2^2*(C44-C$5)^2)/SQRT(1-H13^2)*G13^2*COS(C43) -> 1.0572734e-05 | C43: 0.04861855 | D43: =DEGREES(C43) -> 2.7856377 | F43: 0.045 | G43: 0.0155 | H43: =G43/SQRT(1-K43^2) -> 0.029562455 | I43: =F43^3/H43^2 -> 0.10426932 | J43: =SQRT((2*C$11)/(C$4*C$16*F43)) -> 283.16195 | K43: =J43/C$19 -> 0.85152519 | L43: =C$11*SQRT((2*C$11)/(C$16*C$4*I43))/J43 -> 20880.553 | M43: =C$17*(1-0.605*K43+0.725*K43^2) -> 8378.9638 | N43: =(M43-L43) -> -12501.589 | O43: =N43/C$11*J43 -> -111.37459 | P43: =DEGREES(ASIN(O43/J43)) -> -23.16153 | Q43: -0.754
A44: 22 | B44: =I13*SIN(C43+C44-C$14)+0.5*C$16*C$4*C$2*(C44-C$5)*G13^2*COS(C43)-0.5*C$16*C$4*(C$8+1/PI()/C$7*C$2^2*(C44-C$5)^2)/SQRT(1-H13^2)*G13^2*SIN(C43)-C$11 -> 1.200533e-10 | C44: -0.0077855278 | D44: =DEGREES(C44) -> -0.44607788
A45: 23 | B45: =-I14*COS(C45+C46-C$14)+0.5*C$16*C$4*C$2*(C46-C$5)*G14^2*SIN(C45)+0.5*C$16*C$4*(C$8+1/PI()/C$7*C$2^2*(C46-C$5)^2)/SQRT(1-H14^2)*G14^2*COS(C45) -> 0.00030620968 | C45: 0.014461158 | D45: =DEGREES(C45) -> 0.82856333 | F45: Metoda mocy, m=m0, h=2km
A46: 24 | B46: =I14*SIN(C45+C46-C$14)+0.5*C$16*C$4*C$2*(C46-C$5)*G14^2*COS(C45)-0.5*C$16*C$4*(C$8+1/PI()/C$7*C$2^2*(C46-C$5)^2)/SQRT(1-H14^2)*G14^2*SIN(C45)-C$11 -> -0.0042434446 | C46: -0.010214798 | D46: =DEGREES(C46) -> -0.58526482 | F46: Cz | G46: Cx | H46: Cx~ | I46: E | J46: V [m/s] | K46: Ma | L46: Pn [N] | M46: Ps [N] | N46: ΔP [N] | O46: w [m/s] | P46: γ [°] | Q46: α [°]
A47: 25 | B47: =-I15*COS(C47+C48-C$14)+0.5*C$16*C$4*C$2*(C48-C$5)*G15^2*SIN(C47)+0.5*C$16*C$4*(C$8+1/PI()/C$7*C$2^2*(C48-C$5)^2)/SQRT(1-H15^2)*G15^2*COS(C47) -> -0.00043450441 | C47: -0.020247978 | D47: =DEGREES(C47) -> -1.1601237 | F47: =F25 -> 1.405 | G47: =G25 -> 0.1406 | H47: =G47/SQRT(1-K47^2) -> 0.14257585 | I47: =F47^3/H47^2 -> 136.43854 | J47: =SQRT((2*C$20)/(C$4*C$16*F47)) -> 55.169125 | K47: =J47/C$19 -> 0.1659047 | L47: =C$20*SQRT((2*C$20)/(C$16*C$4*I47))/J47 -> 3822.6969 | M47: =C$17*(1-0.605*K47+0.725*K47^2) -> 7624.9275 | N47: =(M47-L47) -> 3802.2306 | O47: =N47/C$20*J47 -> 5.5684499 | P47: =DEGREES(ASIN(O47/J47)) -> 5.7929667 | Q47: =Q25 -> 12.989
A48: 26 | B48: =I15*SIN(C47+C48-C$14)+0.5*C$16*C$4*C$2*(C48-C$5)*G15^2*COS(C47)-0.5*C$16*C$4*(C$8+1/PI()/C$7*C$2^2*(C48-C$5)^2)/SQRT(1-H15^2)*G15^2*SIN(C47)-C$11 -> -5.9285852e-05 | C48: -0.011933899 | D48: =DEGREES(C48) -> -0.68376206 | F48: =F26 -> 1.356 | G48: =G26 -> 0.1324 | H48: =G48/SQRT(1-K48^2) -> 0.13432932 | I48: =F48^3/H48^2 -> 138.17753 | J48: =SQRT((2*C$20)/(C$4*C$16*F48)) -> 56.157067 | K48: =J48/C$19 -> 0.16887564 | L48: =C$20*SQRT((2*C$20)/(C$16*C$4*I48))/J48 -> 3731.7399 | M48: =C$17*(1-0.605*K48+0.725*K48^2) -> 7616.0029 | N48: =(M48-L48) -> 3884.263 | O48: =N48/C$20*J48 -> 5.7904566 | P48: =DEGREES(ASIN(O48/J48)) -> 5.9183905 | Q48: =Q26 -> 11.238
A49: 27 | B49: =-I16*COS(C49+C50-C$14)+0.5*C$16*C$4*C$2*(C50-C$5)*G16^2*SIN(C49)+0.5*C$16*C$4*(C$8+1/PI()/C$7*C$2^2*(C50-C$5)^2)/SQRT(1-H16^2)*G16^2*COS(C49) -> -0.0015897412 | C49: -0.064492861 | D49: =DEGREES(C49) -> -3.6951687 | F49: =F27 -> 1.302 | G49: =G27 -> 0.1231 | H49: =G49/SQRT(1-K49^2) -> 0.1249699 | I49: =F49^3/H49^2 -> 141.326 | J49: =SQRT((2*C$20)/(C$4*C$16*F49)) -> 57.309783 | K49: =J49/C$19 -> 0.1723421 | L49: =C$20*SQRT((2*C$20)/(C$16*C$4*I49))/J49 -> 3615.7191 | M49: =C$17*(1-0.605*K49+0.725*K49^2) -> 7605.724 | N49: =(M49-L49) -> 3990.0048 | O49: =N49/C$20*J49 -> 6.0701854 | P49: =DEGREES(ASIN(O49/J49)) -> 6.0801071 | Q49: =Q27 -> 10.575
A50: 28 | B50: =I16*SIN(C49+C50-C$14)+0.5*C$16*C$4*C$2*(C50-C$5)*G16^2*COS(C49)-0.5*C$16*C$4*(C$8+1/PI()/C$7*C$2^2*(C50-C$5)^2)/SQRT(1-H16^2)*G16^2*SIN(C49)-C$11 -> -0.00028256019 | C50: -0.013485586 | D50: =DEGREES(C50) -> -0.77266716 | F50: =F28 -> 1.193 | G50: =G28 -> 0.1061 | H50: =G50/SQRT(1-K50^2) -> 0.10786261 | I50: =F50^3/H50^2 -> 145.94172 | J50: =SQRT((2*C$20)/(C$4*C$16*F50)) -> 59.870659 | K50: =J50/C$19 -> 0.18004317 | L50: =C$20*SQRT((2*C$20)/(C$16*C$4*I50))/J50 -> 3405.8909 | M50: =C$17*(1-0.605*K50+0.725*K50^2) -> 7583.4053 | N50: =(M50-L50) -> 4177.5144 | O50: =N50/C$20*J50 -> 6.6394447 | P50: =DEGREES(ASIN(O50/J50)) -> 6.3669957 | Q50: =Q28 -> 9.576
A51: 29 | B51: =-I17*COS(C51+C52-C$14)+0.5*C$16*C$4*C$2*(C52-C$5)*G17^2*SIN(C51)+0.5*C$16*C$4*(C$8+1/PI()/C$7*C$2^2*(C52-C$5)^2)/SQRT(1-H17^2)*G17^2*COS(C51) -> -0.00045647985 | C51: -0.11408026 | D51: =DEGREES(C51) -> -6.5363174 | F51: =F29 -> 1.095 | G51: =G29 -> 0.0919 | H51: =G51/SQRT(1-K51^2) -> 0.09356709 | I51: =F51^3/H51^2 -> 149.96714 | J51: =SQRT((2*C$20)/(C$4*C$16*F51)) -> 62.492399 | K51: =J51/C$19 -> 0.18792727 | L51: =C$20*SQRT((2*C$20)/(C$16*C$4*I51))/J51 -> 3218.913 | M51: =C$17*(1-0.605*K51+0.725*K51^2) -> 7561.2948 | N51: =(M51-L51) -> 4342.3818 | O51: =N51/C$20*J51 -> 7.2036894 | P51: =DEGREES(ASIN(O51/J51)) -> 6.6193743 | Q51: =Q29 -> 8.687
A52: 30 | B52: =I17*SIN(C51+C52-C$14)+0.5*C$16*C$4*C$2*(C52-C$5)*G17^2*COS(C51)-0.5*C$16*C$4*(C$8+1/PI()/C$7*C$2^2*(C52-C$5)^2)/SQRT(1-H17^2)*G17^2*SIN(C51)-C$11 -> 0.00168418 | C52: -0.014716496 | D52: =DEGREES(C52) -> -0.84319312 | F52: =F30 -> 0.997 | G52: =G30 -> 0.0794 | H52: =G52/SQRT(1-K52^2) -> 0.080986184 | I52: =F52^3/H52^2 -> 151.0997 | J52: =SQRT((2*C$20)/(C$4*C$16*F52)) -> 65.491763 | K52: =J52/C$19 -> 0.19694696 | L52: =C$20*SQRT((2*C$20)/(C$16*C$4*I52))/J52 -> 3059.9618 | M52: =C$17*(1-0.605*K52+0.725*K52^2) -> 7536.9162 | N52: =(M52-L52) -> 4476.9544 | O52: =N52/C$20*J52 -> 7.7833958 | P52: =DEGREES(ASIN(O52/J52)) -> 6.8254729 | Q52: =Q30 -> 8.017
F53: =F31 -> 0.801 | G53: =G31 -> 0.0576 | H53: =G53/SQRT(1-K53^2) -> 0.059042907 | I53: =F53^3/H53^2 -> 147.42193 | J53: =SQRT((2*C$20)/(C$4*C$16*F53)) -> 73.066449 | K53: =J53/C$19 -> 0.21972557 | L53: =C$20*SQRT((2*C$20)/(C$16*C$4*I53))/J53 -> 2776.7415 | M53: =C$17*(1-0.605*K53+0.725*K53^2) -> 7479.7039 | N53: =(M53-L53) -> 4702.9624 | O53: =N53/C$20*J53 -> 9.1219834 | P53: =DEGREES(ASIN(O53/J53)) -> 7.1718069 | Q53: =Q31 -> 6.131
F54: =F32 -> 0.611 | G54: =G32 -> 0.0406 | H54: =G54/SQRT(1-K54^2) -> 0.041949235 | I54: =F54^3/H54^2 -> 129.62105 | J54: =SQRT((2*C$20)/(C$4*C$16*F54)) -> 83.65919 | K54: =J54/C$19 -> 0.25158008 | L54: =C$20*SQRT((2*C$20)/(C$16*C$4*I54))/J54 -> 2586.3248 | M54: =C$17*(1-0.605*K54+0.725*K54^2) -> 7410.1579 | N54: =(M54-L54) -> 4823.8331 | O54: =N54/C$20*J54 -> 10.712867 | P54: =DEGREES(ASIN(O54/J54)) -> 7.357136 | Q54: =Q32 -> 4.573
F55: =F33 -> 0.491 | G55: =G33 -> 0.0317 | H55: =G55/SQRT(1-K55^2) -> 0.033027306 | I55: =F55^3/H55^2 -> 108.5171 | J55: =SQRT((2*C$20)/(C$4*C$16*F55)) -> 93.324036 | K55: =J55/C$19 -> 0.28064423 | L55: =C$20*SQRT((2*C$20)/(C$16*C$4*I55))/J55 -> 2533.9141 | M55: =C$17*(1-0.605*K55+0.725*K55^2) -> 7357.3476 | N55: =(M55-L55) -> 4823.4335 | O55: =N55/C$20*J55 -> 11.949496 | P55: =DEGREES(ASIN(O55/J55)) -> 7.3565231 | Q55: =Q33 -> 3.354
F56: =F34 -> 0.388 | G56: =G34 -> 0.0252 | H56: =G56/SQRT(1-K56^2) -> 0.026558255 | I56: =F56^3/H56^2 -> 82.812537 | J56: =SQRT((2*C$20)/(C$4*C$16*F56)) -> 104.98286 | K56: =J56/C$19 -> 0.31570467 | L56: =C$20*SQRT((2*C$20)/(C$16*C$4*I56))/J56 -> 2578.5054 | M56: =C$17*(1-0.605*K56+0.725*K56^2) -> 7307.1571 | N56: =(M56-L56) -> 4728.6516 | O56: =N56/C$20*J56 -> 13.178182 | P56: =DEGREES(ASIN(O56/J56)) -> 7.2111894 | Q56: =Q34 -> 2.574
F57: =F35 -> 0.246 | G57: =G35 -> 0.0188 | H57: =G57/SQRT(1-K57^2) -> 0.020478406 | I57: =F57^3/H57^2 -> 35.498746 | J57: =SQRT((2*C$20)/(C$4*C$16*F57)) -> 131.84592 | K57: =J57/C$19 -> 0.39648733 | L57: =C$20*SQRT((2*C$20)/(C$16*C$4*I57))/J57 -> 3135.8933 | M57: =C$17*(1-0.605*K57+0.725*K57^2) -> 7247.7696 | N57: =(M57-L57) -> 4111.8763 | O57: =N57/C$20*J57 -> 14.391515 | P57: =DEGREES(ASIN(O57/J57)) -> 6.266552 | Q57: =Q35 -> 1.242
F58: =F36 -> 0.2 | G58: =G36 -> 0.0175 | H58: =G58/SQRT(1-K58^2) -> 0.019484884 | I58: =F58^3/H58^2 -> 21.071446 | J58: =SQRT((2*C$20)/(C$4*C$16*F58)) -> 146.2242 | K58: =J58/C$19 -> 0.43972572 | L58: =C$20*SQRT((2*C$20)/(C$16*C$4*I58))/J58 -> 3670.0169 | M58: =C$17*(1-0.605*K58+0.725*K58^2) -> 7248.2194 | N58: =(M58-L58) -> 3578.2025 | O58: =N58/C$20*J58 -> 13.889415 | P58: =DEGREES(ASIN(O58/J58)) -> 5.450578 | Q58: =Q36 -> 0.688
F59: =F37 -> 0.151 | G59: =G37 -> 0.0163 | H59: =G59/SQRT(1-K59^2) -> 0.018898684 | I59: =F59^3/H59^2 -> 9.6397931 | J59: =SQRT((2*C$20)/(C$4*C$16*F59)) -> 168.28515 | K59: =J59/C$19 -> 0.50606743 | L59: =C$20*SQRT((2*C$20)/(C$16*C$4*I59))/J59 -> 4714.7085 | M59: =C$17*(1-0.605*K59+0.725*K59^2) -> 7292.6114 | N59: =(M59-L59) -> 2577.9029 | O59: =N59/C$20*J59 -> 11.516277 | P59: =DEGREES(ASIN(O59/J59)) -> 3.9239956 | Q59: =Q37 -> 0.237
F60: =F38 -> 0.12 | G60: =G38 -> 0.0161 | H60: =G60/SQRT(1-K60^2) -> 0.019556708 | I60: =F60^3/H60^2 -> 4.5180623 | J60: =SQRT((2*C$20)/(C$4*C$16*F60)) -> 188.77463 | K60: =J60/C$19 -> 0.56768346 | L60: =C$20*SQRT((2*C$20)/(C$16*C$4*I60))/J60 -> 6139.2419 | M60: =C$17*(1-0.605*K60+0.725*K60^2) -> 7381.2375 | N60: =(M60-L60) -> 1241.9956 | O60: =N60/C$20*J60 -> 6.2239121 | P60: =DEGREES(ASIN(O60/J60)) -> 1.889388 | Q60: =Q38 -> -0.039
F61: =F39 -> 0.094 | G61: =G39 -> 0.0157 | H61: =G61/SQRT(1-K61^2) -> 0.020463979 | I61: =F61^3/H61^2 -> 1.9833685 | J61: =SQRT((2*C$20)/(C$4*C$16*F61)) -> 213.28992 | K61: =J61/C$19 -> 0.64140588 | L61: =C$20*SQRT((2*C$20)/(C$16*C$4*I61))/J61 -> 8200.9177 | M61: =C$17*(1-0.605*K61+0.725*K61^2) -> 7547.2565 | N61: =(M61-L61) -> -653.66123 | O61: =N61/C$20*J61 -> -3.7010319 | P61: =DEGREES(ASIN(O61/J61)) -> -0.99425304 | Q61: =Q39 -> -0.28
F62: =F40 -> 0.079 | G62: =G40 -> 0.0156 | H62: =G62/SQRT(1-K62^2) -> 0.021834005 | I62: =F62^3/H62^2 -> 1.0342236 | J62: =SQRT((2*C$20)/(C$4*C$16*F62)) -> 232.65946 | K62: =J62/C$19 -> 0.69965399 | L62: =C$20*SQRT((2*C$20)/(C$16*C$4*I62))/J62 -> 10411.338 | M62: =C$17*(1-0.605*K62+0.725*K62^2) -> 7724.6388 | N62: =(M62-L62) -> -2686.6992 | O62: =N62/C$20*J62 -> -16.593559 | P62: =DEGREES(ASIN(O62/J62)) -> -4.0898778 | Q62: =Q40 -> -0.417
F63: =F41 -> 0.064 | G63: =G41 -> 0.0154 | H63: =G63/SQRT(1-K63^2) -> 0.02447981 | I63: =F63^3/H63^2 -> 0.43744539 | J63: =SQRT((2*C$20)/(C$4*C$16*F63)) -> 258.49031 | K63: =J63/C$19 -> 0.77733259 | L63: =C$20*SQRT((2*C$20)/(C$16*C$4*I63))/J63 -> 14408.816 | M63: =C$17*(1-0.605*K63+0.725*K63^2) -> 8024.6656 | N63: =(M63-L63) -> -6384.1505 | O63: =N63/C$20*J63 -> -43.807368 | P63: =DEGREES(ASIN(O63/J63)) -> -9.7572333 | Q63: =Q41 -> -0.555
F64: =F42 -> 0.053 | G64: =G42 -> 0.0153 | H64: =G64/SQRT(1-K64^2) -> 0.029426097 | I64: =F64^3/H64^2 -> 0.17193421 | J64: =SQRT((2*C$20)/(C$4*C$16*F64)) -> 284.051 | K64: =J64/C$19 -> 0.85419874 | L64: =C$20*SQRT((2*C$20)/(C$16*C$4*I64))/J64 -> 20914.959 | M64: =C$17*(1-0.605*K64+0.725*K64^2) -> 8392.9665 | N64: =(M64-L64) -> -12521.993 | O64: =N64/C$20*J64 -> -94.421204 | P64: =DEGREES(ASIN(O64/J64)) -> -19.415078 | Q64: =Q42 -> -0.658
F65: =F43 -> 0.045 | G65: =G43 -> 0.0155 | H65: =G65/SQRT(1-K65^2) -> 0.041332896 | I65: =F65^3/H65^2 -> 0.053339122 | J65: =SQRT((2*C$20)/(C$4*C$16*F65)) -> 308.26769 | K65: =J65/C$19 -> 0.92702321 | L65: =C$20*SQRT((2*C$20)/(C$16*C$4*I65))/J65 -> 34600.594 | M65: =C$17*(1-0.605*K65+0.725*K65^2) -> 8807.434 | N65: =(M65-L65) -> -25793.16 | O65: =N65/C$20*J65 -> -211.07283 | P65: =DEGREES(ASIN(O65/J65)) -> -43.212514 | Q65: =Q43 -> -0.754
G67: Metoda ciągu, m=m0, h=2km
B68: Równanie 1 | C68: gamma | D68: alfa | E68: Równ 2 | G68: V [m/s] | H68: Ma | I68: Ps [N] | J68: α [°] | K68: γ [°] | L68: w [m/s]
B69: =-I69*COS(C69+D69-C$14)+0.5*C$16*C$4*C$2*(D69-C$5)*G69^2*SIN(C69)+0.5*C$16*C$4*((C$8+1/PI()/C$7*C$2^2*(D69-C$5)^2)/SQRT(1-H69^2))*G69^2*COS(C69) -> -0.00025570793 | C69: 0.10721994 | D69: 0.19150319 | E69: =I69*SIN(C69+D69-C$14)+0.5*C$16*C$4*C$2*(D69-C$5)*G69^2*COS(C69)-0.5*C$16*C$4*(C$8+1/PI()/C$7*C$2^2*(D69-C$5)^2)/SQRT(1-H69^2)*G69^2*SIN(C69)-C$20 -> -2.0403684e-05 | G69: =SQRT(2*C$20/C$4/C$16/C$15) -> 55.169125 | H69: =G69/C$19 -> 0.1659047 | I69: =C$17*(1-0.605*H69+0.725*H69^2) -> 7624.9275 | J69: =DEGREES(D69) -> 10.972325 | K69: =DEGREES(C69) -> 6.1432501 | L69: =G69*SIN(RADIANS(K69)) -> 5.9039031
B70: =-I70*COS(C70+D70-C$14)+0.5*C$16*C$4*C$2*(D70-C$5)*G70^2*SIN(C70)+0.5*C$16*C$4*((C$8+1/PI()/C$7*C$2^2*(D70-C$5)^2)/SQRT(1-H70^2))*G70^2*COS(C70) -> 1.6555758e-05 | C70: 0.12114768 | D70: 0.14253518 | E70: =I70*SIN(C70+D70-C$14)+0.5*C$16*C$4*C$2*(D70-C$5)*G70^2*COS(C70)-0.5*C$16*C$4*(C$8+1/PI()/C$7*C$2^2*(D70-C$5)^2)/SQRT(1-H70^2)*G70^2*SIN(C70)-C$20 -> 0 | G70: =G4 -> 63 | H70: =G70/C$19 -> 0.18945373 | I70: =C$17*(1-0.605*H70+0.725*H70^2) -> 7557.1003 | J70: =DEGREES(D70) -> 8.1666645 | K70: =DEGREES(C70) -> 6.9412507 | L70: =G70*SIN(RADIANS(K70)) -> 7.6136479
B71: =-I71*COS(C71+D71-C$14)+0.5*C$16*C$4*C$2*(D71-C$5)*G71^2*SIN(C71)+0.5*C$16*C$4*((C$8+1/PI()/C$7*C$2^2*(D71-C$5)^2)/SQRT(1-H71^2))*G71^2*COS(C71) -> -1.809687e-05 | C71: 0.13196719 | D71: 0.088340148 | E71: =I71*SIN(C71+D71-C$14)+0.5*C$16*C$4*C$2*(D71-C$5)*G71^2*COS(C71)-0.5*C$16*C$4*(C$8+1/PI()/C$7*C$2^2*(D71-C$5)^2)/SQRT(1-H71^2)*G71^2*SIN(C71)-C$20 -> 0 | G71: =G5 -> 77 | H71: =G71/C$19 -> 0.23155456 | I71: =C$17*(1-0.605*H71+0.725*H71^2) -> 7452.4544 | J71: =DEGREES(D71) -> 5.0615176 | K71: =DEGREES(C71) -> 7.561163 | L71: =G71*SIN(RADIANS(K71)) -> 10.132005
B72: =-I72*COS(C72+D72-C$14)+0.5*C$16*C$4*C$2*(D72-C$5)*G72^2*SIN(C72)+0.5*C$16*C$4*((C$8+1/PI()/C$7*C$2^2*(D72-C$5)^2)/SQRT(1-H72^2))*G72^2*COS(C72) -> 1.2357467e-05 | C72: 0.132959 | D72: 0.058515401 | E72: =I72*SIN(C72+D72-C$14)+0.5*C$16*C$4*C$2*(D72-C$5)*G72^2*COS(C72)-0.5*C$16*C$4*(C$8+1/PI()/C$7*C$2^2*(D72-C$5)^2)/SQRT(1-H72^2)*G72^2*SIN(C72)-C$20 -> 0 | G72: =G6 -> 90 | H72: =G72/C$19 -> 0.27064818 | I72: =C$17*(1-0.605*H72+0.725*H72^2) -> 7374.3648 | J72: =DEGREES(D72) -> 3.3526855 | K72: =DEGREES(C72) -> 7.6179893 | L72: =G72*SIN(RADIANS(K72)) -> 11.931084
B73: =-I73*COS(C73+D73-C$14)+0.5*C$16*C$4*C$2*(D73-C$5)*G73^2*SIN(C73)+0.5*C$16*C$4*((C$8+1/PI()/C$7*C$2^2*(D73-C$5)^2)/SQRT(1-H73^2))*G73^2*COS(C73) -> -2.4207252e-05 | C73: 0.12838141 | D73: 0.037894265 | E73: =I73*SIN(C73+D73-C$14)+0.5*C$16*C$4*C$2*(D73-C$5)*G73^2*COS(C73)-0.5*C$16*C$4*(C$8+1/PI()/C$7*C$2^2*(D73-C$5)^2)/SQRT(1-H73^2)*G73^2*SIN(C73)-C$20 -> 0 | G73: =G7 -> 104 | H73: =G73/C$19 -> 0.31274901 | I73: =C$17*(1-0.605*H73+0.725*H73^2) -> 7310.8178 | J73: =DEGREES(D73) -> 2.1711814 | K73: =DEGREES(C73) -> 7.3557131 | L73: =G73*SIN(RADIANS(K73)) -> 13.315021
B74: =-I74*COS(C74+D74-C$14)+0.5*C$16*C$4*C$2*(D74-C$5)*G74^2*SIN(C74)+0.5*C$16*C$4*((C$8+1/PI()/C$7*C$2^2*(D74-C$5)^2)/SQRT(1-H74^2))*G74^2*COS(C74) -> -1.7712498e-05 | C74: 0.1205413 | D74: 0.024915098 | E74: =I74*SIN(C74+D74-C$14)+0.5*C$16*C$4*C$2*(D74-C$5)*G74^2*COS(C74)-0.5*C$16*C$4*(C$8+1/PI()/C$7*C$2^2*(D74-C$5)^2)/SQRT(1-H74^2)*G74^2*SIN(C74)-C$20 -> -7.2759576e-11 | G74: =G8 -> 117 | H74: =G74/C$19 -> 0.35184264 | I74: =C$17*(1-0.605*H74+0.725*H74^2) -> 7270.8914 | J74: =DEGREES(D74) -> 1.42753 | K74: =DEGREES(C74) -> 6.9065077 | L74: =G74*SIN(RADIANS(K74)) -> 14.069203
B75: =-I75*COS(C75+D75-C$14)+0.5*C$16*C$4*C$2*(D75-C$5)*G75^2*SIN(C75)+0.5*C$16*C$4*((C$8+1/PI()/C$7*C$2^2*(D75-C$5)^2)/SQRT(1-H75^2))*G75^2*COS(C75) -> 0.00013426869 | C75: 0.10998841 | D75: 0.015594629 | E75: =I75*SIN(C75+D75-C$14)+0.5*C$16*C$4*C$2*(D75-C$5)*G75^2*COS(C75)-0.5*C$16*C$4*(C$8+1/PI()/C$7*C$2^2*(D75-C$5)^2)/SQRT(1-H75^2)*G75^2*SIN(C75)-C$20 -> 3.3469405e-10 | G75: =G9 -> 130 | H75: =G75/C$19 -> 0.39093626 | I75: =C$17*(1-0.605*H75+0.725*H75^2) -> 7249.34 | J75: =DEGREES(D75) -> 0.89350642 | K75: =DEGREES(C75) -> 6.3018717 | L75: =G75*SIN(RADIANS(K75)) -> 14.269682
B76: =-I76*COS(C76+D76-C$14)+0.5*C$16*C$4*C$2*(D76-C$5)*G76^2*SIN(C76)+0.5*C$16*C$4*((C$8+1/PI()/C$7*C$2^2*(D76-C$5)^2)/SQRT(1-H76^2))*G76^2*COS(C76) -> 4.0858695e-05 | C76: 0.095935079 | D76: 0.0082197087 | E76: =I76*SIN(C76+D76-C$14)+0.5*C$16*C$4*C$2*(D76-C$5)*G76^2*COS(C76)-0.5*C$16*C$4*(C$8+1/PI()/C$7*C$2^2*(D76-C$5)^2)/SQRT(1-H76^2)*G76^2*SIN(C76)-C$20 -> 3.1286618e-10 | G76: =G10 -> 144 | H76: =G76/C$19 -> 0.43303709 | I76: =C$17*(1-0.605*H76+0.725*H76^2) -> 7246.6802 | J76: =DEGREES(D76) -> 0.47095462 | K76: =DEGREES(C76) -> 5.4966751 | L76: =G76*SIN(RADIANS(K76)) -> 13.793471
B77: =-I77*COS(C77+D77-C$14)+0.5*C$16*C$4*C$2*(D77-C$5)*G77^2*SIN(C77)+0.5*C$16*C$4*((C$8+1/PI()/C$7*C$2^2*(D77-C$5)^2)/SQRT(1-H77^2))*G77^2*COS(C77) -> -0.00012448475 | C77: 0.079157714 | D77: 0.0026998453 | E77: =I77*SIN(C77+D77-C$14)+0.5*C$16*C$4*C$2*(D77-C$5)*G77^2*COS(C77)-0.5*C$16*C$4*(C$8+1/PI()/C$7*C$2^2*(D77-C$5)^2)/SQRT(1-H77^2)*G77^2*SIN(C77)-C$20 -> -1.4551915e-10 | G77: =G11 -> 158 | H77: =G77/C$19 -> 0.47513792 | I77: =C$17*(1-0.605*H77+0.725*H77^2) -> 7265.3309 | J77: =DEGREES(D77) -> 0.15468974 | K77: =DEGREES(C77) -> 4.5354029 | L77: =G77*SIN(RADIANS(K77)) -> 12.493862
B78: =-I78*COS(C78+D78-C$14)+0.5*C$16*C$4*C$2*(D78-C$5)*G78^2*SIN(C78)+0.5*C$16*C$4*((C$8+1/PI()/C$7*C$2^2*(D78-C$5)^2)/SQRT(1-H78^2))*G78^2*COS(C78) -> 6.6482154e-05 | C78: 0.061002802 | D78: -0.0012718562 | E78: =I78*SIN(C78+D78-C$14)+0.5*C$16*C$4*C$2*(D78-C$5)*G78^2*COS(C78)-0.5*C$16*C$4*(C$8+1/PI()/C$7*C$2^2*(D78-C$5)^2)/SQRT(1-H78^2)*G78^2*SIN(C78)-C$20 -> 5.8207661e-11 | G78: =G12 -> 171 | H78: =G78/C$19 -> 0.51423155 | I78: =C$17*(1-0.605*H78+0.725*H78^2) -> 7301.731 | J78: =DEGREES(D78) -> -0.072871991 | K78: =DEGREES(C78) -> 3.4952031 | L78: =G78*SIN(RADIANS(K78)) -> 10.425011
B79: =-I79*COS(C79+D79-C$14)+0.5*C$16*C$4*C$2*(D79-C$5)*G79^2*SIN(C79)+0.5*C$16*C$4*((C$8+1/PI()/C$7*C$2^2*(D79-C$5)^2)/SQRT(1-H79^2))*G79^2*COS(C79) -> 1.8531793e-05 | C79: 0.038338934 | D79: -0.0046593232 | E79: =I79*SIN(C79+D79-C$14)+0.5*C$16*C$4*C$2*(D79-C$5)*G79^2*COS(C79)-0.5*C$16*C$4*(C$8+1/PI()/C$7*C$2^2*(D79-C$5)^2)/SQRT(1-H79^2)*G79^2*SIN(C79)-C$20 -> 0 | G79: =G13 -> 185 | H79: =G79/C$19 -> 0.55633237 | I79: =C$17*(1-0.605*H79+0.725*H79^2) -> 7361.4806 | J79: =DEGREES(D79) -> -0.26695956 | K79: =DEGREES(C79) -> 2.1966591 | L79: =G79*SIN(RADIANS(K79)) -> 7.0909654
B80: =-I80*COS(C80+D80-C$14)+0.5*C$16*C$4*C$2*(D80-C$5)*G80^2*SIN(C80)+0.5*C$16*C$4*((C$8+1/PI()/C$7*C$2^2*(D80-C$5)^2)/SQRT(1-H80^2))*G80^2*COS(C80) -> 5.8149924e-05 | C80: 0.0098192905 | D80: -0.0075423341 | E80: =I80*SIN(C80+D80-C$14)+0.5*C$16*C$4*C$2*(D80-C$5)*G80^2*COS(C80)-0.5*C$16*C$4*(C$8+1/PI()/C$7*C$2^2*(D80-C$5)^2)/SQRT(1-H80^2)*G80^2*SIN(C80)-C$20 -> 0 | G80: =G14 -> 200 | H80: =G80/C$19 -> 0.6014404 | I80: =C$17*(1-0.605*H80+0.725*H80^2) -> 7449.1462 | J80: =DEGREES(D80) -> -0.43214391 | K80: =DEGREES(C80) -> 0.56260391 | L80: =G80*SIN(RADIANS(K80)) -> 1.9638265
B81: =-I81*COS(C81+D81-C$14)+0.5*C$16*C$4*C$2*(D81-C$5)*G81^2*SIN(C81)+0.5*C$16*C$4*((C$8+1/PI()/C$7*C$2^2*(D81-C$5)^2)/SQRT(1-H81^2))*G81^2*COS(C81) -> 2.8759985e-05 | C81: -0.019269425 | D81: -0.0095776404 | E81: =I81*SIN(C81+D81-C$14)+0.5*C$16*C$4*C$2*(D81-C$5)*G81^2*COS(C81)-0.5*C$16*C$4*(C$8+1/PI()/C$7*C$2^2*(D81-C$5)^2)/SQRT(1-H81^2)*G81^2*SIN(C81)-C$20 -> 0 | G81: =G15 -> 213 | H81: =G81/C$19 -> 0.64053403 | I81: =C$17*(1-0.605*H81+0.725*H81^2) -> 7544.9113 | J81: =DEGREES(D81) -> -0.54875837 | K81: =DEGREES(C81) -> -1.1040567 | L81: =G81*SIN(RADIANS(K81)) -> -4.1041335
... B83: =-I83*COS(C83+D83-C$14)+0.5*C$16*C$4*C$2*(D83-C$5)*G83^2*SIN(C83)+0.5*C$16*C$4*((C$8+1/PI()/C$7*C$2^2*(D83-C$5)^2)/SQRT(1-H83^2))*G83^2*COS(C83) -> -2.7764327e-07 | C83: -0.098113914 | D83: -0.012851359 | E83: =I83*SIN(C83+D83-C$14)+0.5*C$16*C$4*C$2*(D83-C$5)*G83^2*COS(C83)-0.5*C$16*C$4*(C$8+1/PI()/C$7*C$2^2*(D83-C$5)^2)/SQRT(1-H83^2)*G83^2*SIN(C83)-C$20 -> 0 | G83: =G17 -> 240 | H83: =G83/C$19 -> 0.72172848 | I83: =C$17*(1-0.605*H83+0.725*H83^2) -> 7802.5209 | J83: =DEGREES(D83) -> -0.73632863 | K83: =DEGREES(C83) -> -5.6215132 | L83: =G83*SIN(RADIANS(K83)) -> -23.509578

Sheet h=4km
A1: wysokość lotu | B1: h | C1: 4000 | D1: m | G1: Metoda ciągu, m=mśr, h=4km
A2: Współczynnik kierunkowy prostej Cz(a) | B2: a∞ | C2: =Podsumowanie!B17 -> 6.231 | D2: 1/rad | G2: V [m/s] | H2: Ma | I2: Ps [N] | J2: α [°] | K2: γ [°] | L2: w [m/s]
A3: Ciąg silnika przy ziemii | B3: Pr-0 | C3: =Podsumowanie!B10 -> 9800 | D3: N | G3: =SQRT(2*C$11/C$4/C$16/C$15) -> 56.177984 | H3: =G3/C$19 -> 0.17307669 | I3: =C$17*(1-0.605*H3+0.725*H3^2) -> 6381.4569 | J3: =OFFSET(D24,A24-2,0,1,1) -> 10.978223 | K3: =OFFSET(D23,A24-2,0,1,1) -> 6.0389378 | L3: =G3*SIN(RADIANS(K3)) -> 5.910166
A4: Powierzchnia nośna | B4: S | C4: =Podsumowanie!B3 -> 17.5 | D4: m2 | G4: 63 | H4: =G4/C$19 -> 0.19409439 | I4: =C$17*(1-0.605*H4+0.725*H4^2) -> 6331.9031 | J4: =OFFSET(D25,A25-2,0,1,1) -> 8.5141171 | K4: =OFFSET(D24,A25-2,0,1,1) -> 6.7470711 | L4: =G4*SIN(RADIANS(K4)) -> 7.4016579
A5: Kąt zerowej siły nośnej | B5: α0 | C5: =Podsumowanie!B31 -> -0.024783675 | D5: rad | G5: 77 | H5: =G5/C$19 -> 0.23722648 | I5: =C$17*(1-0.605*H5+0.725*H5^2) -> 6244.1696 | J5: =OFFSET(D26,A26-2,0,1,1) -> 5.2979583 | K5: =OFFSET(D25,A26-2,0,1,1) -> 7.4263028 | L5: =G5*SIN(RADIANS(K5)) -> 9.9523139
A6: masa samolotu | B6: m | C6: =Podsumowanie!B7 -> 3240 | D6: kg | G6: 90 | H6: =G6/C$19 -> 0.2772777 | I6: =C$17*(1-0.605*H6+0.725*H6^2) -> 6179.5116 | J6: =OFFSET(D27,A27-2,0,1,1) -> 3.5272076 | K6: =OFFSET(D26,A27-2,0,1,1) -> 7.5251819 | L6: =G6*SIN(RADIANS(K6)) -> 11.786573
A7: wydłużenie Oswalda | B7: Λe | C7: =Podsumowanie!B14 -> 5.134 | D7: - | G7: 104 | H7: =G7/C$19 -> 0.32040979 | I7: =C$17*(1-0.605*H7+0.725*H7^2) -> 6127.9817 | J7: =OFFSET(D28,A28-2,0,1,1) -> 2.3026021 | K7: =OFFSET(D27,A28-2,0,1,1) -> 7.3024799 | L7: =G7*SIN(RADIANS(K7)) -> 13.219184
A8: Minimalny współczynnik Cx z danych | B8: (Cx)min | C8: =Podsumowanie!B15 -> 0.01533 | D8: - | G8: 117 | H8: =G8/C$19 -> 0.36046101 | I8: =C$17*(1-0.605*H8+0.725*H8^2) -> 6096.9414 | J8: =OFFSET(D29,A29-2,0,1,1) -> 1.531728 | K8: =OFFSET(D28,A29-2,0,1,1) -> 6.8881377 | L8: =G8*SIN(RADIANS(K8)) -> 14.031962
A9: Obroty silnika | B9: ns | C9: =Podsumowanie!B12 -> 243.33333 | D9: 1/s | G9: 130 | H9: =G9/C$19 -> 0.40051223 | I9: =C$17*(1-0.605*H9+0.725*H9^2) -> 6082.0874 | J9: =OFFSET(D30,A30-2,0,1,1) -> 0.97813098 | K9: =OFFSET(D29,A30-2,0,1,1) -> 6.3180724 | L9: =G9*SIN(RADIANS(K9)) -> 14.306217
A10: gęstość powietrza przy ziemii | B10: ρ | C10: =Podsumowanie!B2 -> 1.2255 | D10: kg/m3 | G10: 144 | H10: =G10/C$19 -> 0.44364432 | I10: =C$17*(1-0.605*H10+0.725*H10^2) -> 6084.1925 | J10: =OFFSET(D31,A31-2,0,1,1) -> 0.54009659 | K10: =OFFSET(D30,A31-2,0,1,1) -> 5.5503884 | L10: =G10*SIN(RADIANS(K10)) -> 13.92784
A11: Ciężar samolotu | B11: Q | C11: =Podsumowanie!B8 -> 31784.4 | D11: N | G11: 158 | H11: =G11/C$19 -> 0.4867764 | I11: =C$17*(1-0.605*H11+0.725*H11^2) -> 6105.0699 | J11: =OFFSET(D32,A32-2,0,1,1) -> 0.21226573 | K11: =OFFSET(D31,A32-2,0,1,1) -> 4.6267699 | L11: =G11*SIN(RADIANS(K11)) -> 12.745012
A12: Prędkość dźwięku na poziomie morza | B12: a0 | C12: =Podsumowanie!B13 -> 340.3 | D12: m/s | G12: 171 | H12: =G12/C$19 -> 0.52682763 | I12: =C$17*(1-0.605*H12+0.725*H12^2) -> 6141.2649 | J12: =OFFSET(D33,A33-2,0,1,1) -> -0.023590103 | K12: =OFFSET(D32,A33-2,0,1,1) -> 3.620859 | L12: =G12*SIN(RADIANS(K12)) -> 10.799309
A13: Tempratura na poziomie morza | B13: T0 | C13: =Podsumowanie!B18 -> 288.15 | D13: K | G13: 185 | H13: =G13/C$19 -> 0.56995971 | I13: =C$17*(1-0.605*H13+0.725*H13^2) -> 6198.3459 | J13: =OFFSET(D34,A34-2,0,1,1) -> -0.22471762 | K13: =OFFSET(D33,A34-2,0,1,1) -> 2.3567478 | L13: =G13*SIN(RADIANS(K13)) -> 7.607461
A14: kąt pochylenia osi silnika fi | B14: φ | C14: =Podsumowanie!B30 -> 0.017453293 | D14: rad | G14: 200 | H14: =G14/C$19 -> 0.61617266 | I14: =C$17*(1-0.605*H14+0.725*H14^2) -> 6280.3357 | J14: =OFFSET(D35,A35-2,0,1,1) -> -0.3958547 | K14: =OFFSET(D34,A35-2,0,1,1) -> 0.75297087 | L14: =G14*SIN(RADIANS(K14)) -> 2.6282885
A15: maksymalny współczynnik siły nośnej | B15: Czmax | C15: =Podsumowanie!B16 -> 1.405 | D15: - | G15: 213 | H15: =G15/C$19 -> 0.65622389 | I15: =C$17*(1-0.605*H15+0.725*H15^2) -> 6368.8248 | J15: =OFFSET(D36,A36-2,0,1,1) -> -0.51664549 | K15: =OFFSET(D35,A36-2,0,1,1) -> -0.8984376 | L15: =G15*SIN(RADIANS(K15)) -> -3.339851
A16: gęstość powietrza na wysokości h | B16: ρh | C16: =C10*(1-C1/44300)^4.256 -> 0.81921394 | D16: kg/m3 | G16: 227 | H16: =G16/C$19 -> 0.69935597 | I16: =C$17*(1-0.605*H16+0.725*H16^2) -> 6482.2226 | J16: =OFFSET(D37,A37-2,0,1,1) -> -0.62526658 | K16: =OFFSET(D36,A37-2,0,1,1) -> -3.0328061 | L16: =G16*SIN(RADIANS(K16)) -> -12.010056
A17: Moc na wysokości przelotowej | B17: Ph | C17: =C3*(C16/C10)^0.85 -> 6959.0105 | D17: N | G17: 240 | H17: =G17/C$19 -> 0.7394072 | I17: =C$17*(1-0.605*H17+0.725*H17^2) -> 6604.3294 | J17: =OFFSET(D38,A38-2,0,1,1) -> -0.71095776 | K17: =OFFSET(D37,A38-2,0,1,1) -> -5.4630551 | L17: =G17*SIN(RADIANS(K17)) -> -22.848934
A18: Temperatura na wysokości h | B18: Th | C18: =C13-6.5*C1/1000 -> 262.15 | D18: K
A19: Prędkość dźwięku na wysokości h | B19: ah | C19: =C12*SQRT(C18/C13) -> 324.58434 | D19: m/s
A20: Maksymalny ciężar samolotu | B20: Qmax | C20: =Podsumowanie!B9 -> 37670.4 | D20: N
A23: 1 | B23: =-I3*COS(C23+C24-C$14)+0.5*C$16*C$4*C$2*(C24-C$5)*G3^2*SIN(C23)+0.5*C$16*C$4*((C$8+1/PI()/C$7*C$2^2*(C24-C$5)^2)/SQRT(1-H3^2))*G3^2*COS(C23) -> 0.0010387723 | C23: 0.10539935 | D23: =DEGREES(C23) -> 6.0389378 | F23: Metoda mocy, m=mśr, h=4km
A24: 2 | B24: =I3*SIN(C23+C24-C$14)+0.5*C$16*C$4*C$2*(C24-C$5)*G3^2*COS(C23)-0.5*C$16*C$4*(C$8+1/PI()/C$7*C$2^2*(C24-C$5)^2)/SQRT(1-H3^2)*G3^2*SIN(C23)-C$11 -> -2.2835593e-08 | C24: 0.19160614 | D24: =DEGREES(C24) -> 10.978223 | F24: Cz | G24: Cx | H24: Cx~ | I24: E | J24: V [m/s] | K24: Ma | L24: Pn [N] | M24: Ps [N] | N24: ΔP [N] | O24: w [m/s] | P24: γ [°] | Q24: α [°]
A25: 3 | B25: =-I4*COS(C25+C26-C$14)+0.5*C$16*C$4*C$2*(C26-C$5)*G4^2*SIN(C25)+0.5*C$16*C$4*(C$8+1/PI()/C$7*C$2^2*(C26-C$5)^2)/SQRT(1-H4^2)*G4^2*COS(C25) -> 6.9457553e-05 | C25: 0.11775861 | D25: =DEGREES(C25) -> 6.7470711 | F25: 1.405 | G25: 0.1406 | H25: =G25/SQRT(1-K25^2) -> 0.1427544 | I25: =F25^3/H25^2 -> 136.09744 | J25: =SQRT((2*C$11)/(C$4*C$16*F25)) -> 56.177984 | K25: =J25/C$19 -> 0.17307669 | L25: =C$11*SQRT((2*C$11)/(C$16*C$4*I25))/J25 -> 3229.4398 | M25: =C$17*(1-0.605*K25+0.725*K25^2) -> 6381.4569 | N25: =(M25-L25) -> 3152.0171 | O25: =N25/C$11*J25 -> 5.5710968 | P25: =DEGREES(ASIN(O25/J25)) -> 5.6913016 | Q25: 12.989
A26: 4 | B26: =I4*SIN(C25+C26-C$14)+0.5*C$16*C$4*C$2*(C26-C$5)*G4^2*COS(C25)-0.5*C$16*C$4*(C$8+1/PI()/C$7*C$2^2*(C26-C$5)^2)/SQRT(1-H4^2)*G4^2*SIN(C25)-C$11 -> 1.2732926e-10 | C26: 0.14859938 | D26: =DEGREES(C26) -> 8.5141171 | F26: 1.356 | G26: 0.1324 | H26: =G26/SQRT(1-K26^2) -> 0.13450382 | I26: =F26^3/H26^2 -> 137.81924 | J26: =SQRT((2*C$11)/(C$4*C$16*F26)) -> 57.183992 | K26: =J26/C$19 -> 0.17617606 | L26: =C$11*SQRT((2*C$11)/(C$16*C$4*I26))/J26 -> 3152.7457 | M26: =C$17*(1-0.605*K26+0.725*K26^2) -> 6373.8693 | N26: =(M26-L26) -> 3221.1236 | O26: =N26/C$11*J26 -> 5.7951922 | P26: =DEGREES(ASIN(O26/J26)) -> 5.8165065 | Q26: 11.238
A27: 5 | B27: =-I5*COS(C27+C28-C$14)+0.5*C$16*C$4*C$2*(C28-C$5)*G5^2*SIN(C27)+0.5*C$16*C$4*(C$8+1/PI()/C$7*C$2^2*(C28-C$5)^2)/SQRT(1-H5^2)*G5^2*COS(C27) -> -3.9759248e-05 | C27: 0.12961343 | D27: =DEGREES(C27) -> 7.4263028 | F27: 1.302 | G27: 0.1231 | H27: =G27/SQRT(1-K27^2) -> 0.1251392 | I27: =F27^3/H27^2 -> 140.94388 | J27: =SQRT((2*C$11)/(C$4*C$16*F27)) -> 58.357788 | K27: =J27/C$19 -> 0.17979237 | L27: =C$11*SQRT((2*C$11)/(C$16*C$4*I27))/J27 -> 3054.8957 | M27: =C$17*(1-0.605*K27+0.725*K27^2) -> 6365.1387 | N27: =(M27-L27) -> 3310.2429 | O27: =N27/C$11*J27 -> 6.0777758 | P27: =DEGREES(ASIN(O27/J27)) -> 5.9780112 | Q27: 10.575
A28: 6 | B28: =I5*SIN(C27+C28-C$14)+0.5*C$16*C$4*C$2*(C28-C$5)*G5^2*COS(C27)-0.5*C$16*C$4*(C$8+1/PI()/C$7*C$2^2*(C28-C$5)^2)/SQRT(1-H5^2)*G5^2*SIN(C27)-C$11 -> 0 | C28: 0.092466816 | D28: =DEGREES(C28) -> 5.2979583 | F28: 1.193 | G28: 0.1061 | H28: =G28/SQRT(1-K28^2) -> 0.10802256 | I28: =F28^3/H28^2 -> 145.50986 | J28: =SQRT((2*C$11)/(C$4*C$16*F28)) -> 60.965494 | K28: =J28/C$19 -> 0.18782635 | L28: =C$11*SQRT((2*C$11)/(C$16*C$4*I28))/J28 -> 2877.9817 | M28: =C$17*(1-0.605*K28+0.725*K28^2) -> 6346.2149 | N28: =(M28-L28) -> 3468.2332 | O28: =N28/C$11*J28 -> 6.6524002 | P28: =DEGREES(ASIN(O28/J28)) -> 6.2644439 | Q28: 9.576
A29: 7 | B29: =-I6*COS(C29+C30-C$14)+0.5*C$16*C$4*C$2*(C30-C$5)*G6^2*SIN(C29)+0.5*C$16*C$4*(C$8+1/PI()/C$7*C$2^2*(C30-C$5)^2)/SQRT(1-H6^2)*G6^2*COS(C29) -> -0.00013468608 | C29: 0.1313392 | D29: =DEGREES(C29) -> 7.5251819 | F29: 1.095 | G29: 0.0919 | H29: =G29/SQRT(1-K29^2) -> 0.093718739 | I29: =F29^3/H29^2 -> 149.4822 | J29: =SQRT((2*C$11)/(C$4*C$16*F29)) -> 63.635177 | K29: =J29/C$19 -> 0.19605128 | L29: =C$11*SQRT((2*C$11)/(C$16*C$4*I29))/J29 -> 2720.3597 | M29: =C$17*(1-0.605*K29+0.725*K29^2) -> 6327.5161 | N29: =(M29-L29) -> 3607.1564 | O29: =N29/C$11*J29 -> 7.2218458 | P29: =DEGREES(ASIN(O29/J29)) -> 6.5164382 | Q29: 8.687
A30: 8 | B30: =I6*SIN(C29+C30-C$14)+0.5*C$16*C$4*C$2*(C30-C$5)*G6^2*COS(C29)-0.5*C$16*C$4*(C$8+1/PI()/C$7*C$2^2*(C30-C$5)^2)/SQRT(1-H6^2)*G6^2*SIN(C29)-C$11 -> -5.8207661e-11 | C30: 0.061561386 | D30: =DEGREES(C30) -> 3.5272076 | F30: 0.997 | G30: 0.0794 | H30: =G30/SQRT(1-K30^2) -> 0.081130901 | I30: =F30^3/H30^2 -> 150.56113 | J30: =SQRT((2*C$11)/(C$4*C$16*F30)) -> 66.689389 | K30: =J30/C$19 -> 0.20546089 | L30: =C$11*SQRT((2*C$11)/(C$16*C$4*I30))/J30 -> 2586.4564 | M30: =C$17*(1-0.605*K30+0.725*K30^2) -> 6306.9612 | N30: =(M30-L30) -> 3720.5048 | O30: =N30/C$11*J30 -> 7.8062884 | P30: =DEGREES(ASIN(O30/J30)) -> 6.7221357 | Q30: 8.017
A31: 9 | B31: =-I7*COS(C31+C32-C$14)+0.5*C$16*C$4*C$2*(C32-C$5)*G7^2*SIN(C31)+0.5*C$16*C$4*(C$8+1/PI()/C$7*C$2^2*(C32-C$5)^2)/SQRT(1-H7^2)*G7^2*COS(C31) -> -7.8921598e-06 | C31: 0.12745232 | D31: =DEGREES(C31) -> 7.3024799 | F31: 0.801 | G31: 0.0576 | H31: =G31/SQRT(1-K31^2) -> 0.059175631 | I31: =F31^3/H31^2 -> 146.76137 | J31: =SQRT((2*C$11)/(C$4*C$16*F31)) -> 74.402591 | K31: =J31/C$19 -> 0.22922421 | L31: =C$11*SQRT((2*C$11)/(C$16*C$4*I31))/J31 -> 2348.1422 | M31: =C$17*(1-0.605*K31+0.725*K31^2) -> 6259.0284 | N31: =(M31-L31) -> 3910.8862 | O31: =N31/C$11*J31 -> 9.1548075 | P31: =DEGREES(ASIN(O31/J31)) -> 7.067825 | Q31: 6.131
A32: 10 | B32: =I7*SIN(C31+C32-C$14)+0.5*C$16*C$4*C$2*(C32-C$5)*G7^2*COS(C31)-0.5*C$16*C$4*(C$8+1/PI()/C$7*C$2^2*(C32-C$5)^2)/SQRT(1-H7^2)*G7^2*SIN(C31)-C$11 -> -5.0931703e-11 | C32: 0.040187989 | D32: =DEGREES(C32) -> 2.3026021 | F32: 0.611 | G32: 0.0406 | H32: =G32/SQRT(1-K32^2) -> 0.04207498 | I32: =F32^3/H32^2 -> 128.84744 | J32: =SQRT((2*C$11)/(C$4*C$16*F32)) -> 85.189037 | K32: =J32/C$19 -> 0.26245578 | L32: =C$11*SQRT((2*C$11)/(C$16*C$4*I32))/J32 -> 2188.7528 | M32: =C$17*(1-0.605*K32+0.725*K32^2) -> 6201.5532 | N32: =(M32-L32) -> 4012.8004 | O32: =N32/C$11*J32 -> 10.755169 | P32: =DEGREES(ASIN(O32/J32)) -> 7.2529835 | Q32: 4.573
A33: 11 | B33: =-I8*COS(C33+C34-C$14)+0.5*C$16*C$4*C$2*(C34-C$5)*G8^2*SIN(C33)+0.5*C$16*C$4*(C$8+1/PI()/C$7*C$2^2*(C34-C$5)^2)/SQRT(1-H8^2)*G8^2*COS(C33) -> 6.441137e-05 | C33: 0.12022068 | D33: =DEGREES(C33) -> 6.8881377 | F33: 0.491 | G33: 0.0317 | H33: =G33/SQRT(1-K33^2) -> 0.033152721 | I33: =F33^3/H33^2 -> 107.69762 | J33: =SQRT((2*C$11)/(C$4*C$16*F33)) -> 95.030622 | K33: =J33/C$19 -> 0.29277636 | L33: =C$11*SQRT((2*C$11)/(C$16*C$4*I33))/J33 -> 2146.1086 | M33: =C$17*(1-0.605*K33+0.725*K33^2) -> 6158.8346 | N33: =(M33-L33) -> 4012.7259 | O33: =N33/C$11*J33 -> 11.997453 | P33: =DEGREES(ASIN(O33/J33)) -> 7.2528483 | Q33: 3.354
A34: 12 | B34: =I8*SIN(C33+C34-C$14)+0.5*C$16*C$4*C$2*(C34-C$5)*G8^2*COS(C33)-0.5*C$16*C$4*(C$8+1/PI()/C$7*C$2^2*(C34-C$5)^2)/SQRT(1-H8^2)*G8^2*SIN(C33)-C$11 -> 1.5643309e-10 | C34: 0.026733697 | D34: =DEGREES(C34) -> 1.531728 | F34: 0.388 | G34: 0.0252 | H34: =G34/SQRT(1-K34^2) -> 0.026689061 | I34: =F34^3/H34^2 -> 82.002781 | J34: =SQRT((2*C$11)/(C$4*C$16*F34)) -> 106.90265 | K34: =J34/C$19 -> 0.32935244 | L34: =C$11*SQRT((2*C$11)/(C$16*C$4*I34))/J34 -> 2186.3294 | M34: =C$17*(1-0.605*K34+0.725*K34^2) -> 6119.6475 | N34: =(M34-L34) -> 3933.3181 | O34: =N34/C$11*J34 -> 13.229198 | P34: =DEGREES(ASIN(O34/J34)) -> 7.1085731 | Q34: 2.574
A35: 13 | B35: =-I9*COS(C35+C36-C$14)+0.5*C$16*C$4*C$2*(C36-C$5)*G9^2*SIN(C35)+0.5*C$16*C$4*(C$8+1/PI()/C$7*C$2^2*(C36-C$5)^2)/SQRT(1-H9^2)*G9^2*COS(C35) -> -0.00010086471 | C35: 0.11027117 | D35: =DEGREES(C35) -> 6.3180724 | F35: 0.246 | G35: 0.0188 | H35: =G35/SQRT(1-K35^2) -> 0.020649214 | I35: =F35^3/H35^2 -> 34.913894 | J35: =SQRT((2*C$11)/(C$4*C$16*F35)) -> 134.25695 | K35: =J35/C$19 -> 0.4136273 | L35: =C$11*SQRT((2*C$11)/(C$16*C$4*I35))/J35 -> 2667.9791 | M35: =C$17*(1-0.605*K35+0.725*K35^2) -> 6080.7413 | N35: =(M35-L35) -> 3412.7622 | O35: =N35/C$11*J35 -> 14.415469 | P35: =DEGREES(ASIN(O35/J35)) -> 6.1638586 | Q35: 1.242
A36: 14 | B36: =I9*SIN(C35+C36-C$14)+0.5*C$16*C$4*C$2*(C36-C$5)*G9^2*COS(C35)-0.5*C$16*C$4*(C$8+1/PI()/C$7*C$2^2*(C36-C$5)^2)/SQRT(1-H9^2)*G9^2*SIN(C35)-C$11 -> -2.1827873e-10 | C36: 0.017071606 | D36: =DEGREES(C36) -> 0.97813098 | F36: 0.2 | G36: 0.0175 | H36: =G36/SQRT(1-K36^2) -> 0.019694495 | I36: =F36^3/H36^2 -> 20.625301 | J36: =SQRT((2*C$11)/(C$4*C$16*F36)) -> 148.89816 | K36: =J36/C$19 -> 0.45873487 | L36: =C$11*SQRT((2*C$11)/(C$16*C$4*I36))/J36 -> 3129.8885 | M36: =C$17*(1-0.605*K36+0.725*K36^2) -> 6089.3619 | N36: =(M36-L36) -> 2959.4734 | O36: =N36/C$11*J36 -> 13.864038 | P36: =DEGREES(ASIN(O36/J36)) -> 5.3425992 | Q36: 0.688
A37: 15 | B37: =-I10*COS(C37+C38-C$14)+0.5*C$16*C$4*C$2*(C38-C$5)*G10^2*SIN(C37)+0.5*C$16*C$4*(C$8+1/PI()/C$7*C$2^2*(C38-C$5)^2)/SQRT(1-H10^2)*G10^2*COS(C37) -> 4.0434786e-05 | C37: 0.096872552 | D37: =DEGREES(C37) -> 5.5503884 | F37: 0.151 | G37: 0.0163 | H37: =G37/SQRT(1-K37^2) -> 0.019192753 | I37: =F37^3/H37^2 -> 9.3466563 | J37: =SQRT((2*C$11)/(C$4*C$16*F37)) -> 171.36252 | K37: =J37/C$19 -> 0.5279445 | L37: =C$11*SQRT((2*C$11)/(C$16*C$4*I37))/J37 -> 4039.9348 | M37: =C$17*(1-0.605*K37+0.725*K37^2) -> 6142.5062 | N37: =(M37-L37) -> 2102.5714 | O37: =N37/C$11*J37 -> 11.335811 | P37: =DEGREES(ASIN(O37/J37)) -> 3.7929457 | Q37: 0.237
A38: 16 | B38: =I10*SIN(C37+C38-C$14)+0.5*C$16*C$4*C$2*(C38-C$5)*G10^2*COS(C37)-0.5*C$16*C$4*(C$8+1/PI()/C$7*C$2^2*(C38-C$5)^2)/SQRT(1-H10^2)*G10^2*SIN(C37)-C$11 -> 6.9121597e-11 | C38: 0.0094264638 | D38: =DEGREES(C38) -> 0.54009659 | F38: 0.12 | G38: 0.0161 | H38: =G38/SQRT(1-K38^2) -> 0.019980807 | I38: =F38^3/H38^2 -> 4.3283033 | J38: =SQRT((2*C$11)/(C$4*C$16*F38)) -> 192.22669 | K38: =J38/C$19 -> 0.59222417 | L38: =C$11*SQRT((2*C$11)/(C$16*C$4*I38))/J38 -> 5292.3164 | M38: =C$17*(1-0.605*K38+0.725*K38^2) -> 6235.1568 | N38: =(M38-L38) -> 942.84037 | O38: =N38/C$11*J38 -> 5.7021396 | P38: =DEGREES(ASIN(O38/J38)) -> 1.6998496 | Q38: -0.039
A39: 17 | B39: =-I11*COS(C39+C40-C$14)+0.5*C$16*C$4*C$2*(C40-C$5)*G11^2*SIN(C39)+0.5*C$16*C$4*(C$8+1/PI()/C$7*C$2^2*(C40-C$5)^2)/SQRT(1-H11^2)*G11^2*COS(C39) -> 6.2819822e-06 | C39: 0.080752368 | D39: =DEGREES(C39) -> 4.6267699 | F39: 0.094 | G39: 0.0157 | H39: =G39/SQRT(1-K39^2) -> 0.02112651 | I39: =F39^3/H39^2 -> 1.8609215 | J39: =SQRT((2*C$11)/(C$4*C$16*F39)) -> 217.19028 | K39: =J39/C$19 -> 0.66913357 | L39: =C$11*SQRT((2*C$11)/(C$16*C$4*I39))/J39 -> 7143.5472 | M39: =C$17*(1-0.605*K39+0.725*K39^2) -> 6400.7969 | N39: =(M39-L39) -> -742.75029 | O39: =N39/C$11*J39 -> -5.0753874 | P39: =DEGREES(ASIN(O39/J39)) -> -1.3390321 | Q39: -0.28
A40: 18 | B40: =I11*SIN(C39+C40-C$14)+0.5*C$16*C$4*C$2*(C40-C$5)*G11^2*COS(C39)-0.5*C$16*C$4*(C$8+1/PI()/C$7*C$2^2*(C40-C$5)^2)/SQRT(1-H11^2)*G11^2*SIN(C39)-C$11 -> 0 | C40: 0.003704736 | D40: =DEGREES(C40) -> 0.21226573 | F40: 0.079 | G40: 0.0156 | H40: =G40/SQRT(1-K40^2) -> 0.022821891 | I40: =F40^3/H40^2 -> 0.94662513 | J40: =SQRT((2*C$11)/(C$4*C$16*F40)) -> 236.91402 | K40: =J40/C$19 -> 0.72989973 | L40: =C$11*SQRT((2*C$11)/(C$16*C$4*I40))/J40 -> 9182.0266 | M40: =C$17*(1-0.605*K40+0.725*K40^2) -> 6573.8782 | N40: =(M40-L40) -> -2608.1484 | O40: =N40/C$11*J40 -> -19.440573 | P40: =DEGREES(ASIN(O40/J40)) -> -4.7068408 | Q40: -0.417
A41: 19 | B41: =-I12*COS(C41+C42-C$14)+0.5*C$16*C$4*C$2*(C42-C$5)*G12^2*SIN(C41)+0.5*C$16*C$4*(C$8+1/PI()/C$7*C$2^2*(C42-C$5)^2)/SQRT(1-H12^2)*G12^2*COS(C41) -> -0.00014789506 | C41: 0.063195911 | D41: =DEGREES(C41) -> 3.620859 | F41: 0.064 | G41: 0.0154 | H41: =G41/SQRT(1-K41^2) -> 0.02631874 | I41: =F41^3/H41^2 -> 0.37845107 | J41: =SQRT((2*C$11)/(C$4*C$16*F41)) -> 263.21724 | K41: =J41/C$19 -> 0.81093634 | L41: =C$11*SQRT((2*C$11)/(C$16*C$4*I41))/J41 -> 13070.709 | M41: =C$17*(1-0.605*K41+0.725*K41^2) -> 6862.6726 | N41: =(M41-L41) -> -6208.0362 | O41: =N41/C$11*J41 -> -51.410822 | P41: =DEGREES(ASIN(O41/J41)) -> -11.263247 | Q41: -0.555
A42: 20 | B42: =I12*SIN(C41+C42-C$14)+0.5*C$16*C$4*C$2*(C42-C$5)*G12^2*COS(C41)-0.5*C$16*C$4*(C$8+1/PI()/C$7*C$2^2*(C42-C$5)^2)/SQRT(1-H12^2)*G12^2*SIN(C41)-C$11 -> -1.3460522e-10 | C42: -0.00041172496 | D42: =DEGREES(C42) -> -0.023590103 | F42: 0.053 | G42: 0.0153 | H42: =G42/SQRT(1-K42^2) -> 0.033718476 | I42: =F42^3/H42^2 -> 0.13094585 | J42: =SQRT((2*C$11)/(C$4*C$16*F42)) -> 289.24535 | K42: =J42/C$19 -> 0.89112538 | L42: =C$11*SQRT((2*C$11)/(C$16*C$4*I42))/J42 -> 20221.161 | M42: =C$17*(1-0.605*K42+0.725*K42^2) -> 7213.6745 | N42: =(M42-L42) -> -13007.487 | O42: =N42/C$11*J42 -> -118.37112 | P42: =DEGREES(ASIN(O42/J42)) -> -24.157178 | Q42: -0.658
A43: 21 | B43: =-I13*COS(C43+C44-C$14)+0.5*C$16*C$4*C$2*(C44-C$5)*G13^2*SIN(C43)+0.5*C$16*C$4*(C$8+1/PI()/C$7*C$2^2*(C44-C$5)^2)/SQRT(1-H13^2)*G13^2*COS(C43) -> 1.8261904e-05 | C43: 0.041133009 | D43: =DEGREES(C43) -> 2.3567478
A44: 22 | B44: =I13*SIN(C43+C44-C$14)+0.5*C$16*C$4*C$2*(C44-C$5)*G13^2*COS(C43)-0.5*C$16*C$4*(C$8+1/PI()/C$7*C$2^2*(C44-C$5)^2)/SQRT(1-H13^2)*G13^2*SIN(C43)-C$11 -> 2.1464075e-10 | C44: -0.0039220623 | D44: =DEGREES(C44) -> -0.22471762 | F44: Metoda mocy, m=m0, h=4km
A45: 23 | B45: =-I14*COS(C45+C46-C$14)+0.5*C$16*C$4*C$2*(C46-C$5)*G14^2*SIN(C45)+0.5*C$16*C$4*(C$8+1/PI()/C$7*C$2^2*(C46-C$5)^2)/SQRT(1-H14^2)*G14^2*COS(C45) -> 0.0003079292 | C45: 0.013141821 | D45: =DEGREES(C45) -> 0.75297087 | F45: Cz | G45: Cx | H45: Cx~ | I45: E | J45: V [m/s] | K45: Ma | L45: Pn [N] | M45: Ps [N] | N45: ΔP [N] | O45: w [m/s] | P45: γ [°] | Q45: α [°]
A46: 24 | B46: =I14*SIN(C45+C46-C$14)+0.5*C$16*C$4*C$2*(C46-C$5)*G14^2*COS(C45)-0.5*C$16*C$4*(C$8+1/PI()/C$7*C$2^2*(C46-C$5)^2)/SQRT(1-H14^2)*G14^2*SIN(C45)-C$11 -> 1.7826096e-10 | C46: -0.006908968 | D46: =DEGREES(C46) -> -0.3958547 | F46: =F25 -> 1.405 | G46: =G25 -> 0.1406 | H46: =G46/SQRT(1-K46^2) -> 0.14316434 | I46: =F46^3/H46^2 -> 135.31915 | J46: =SQRT((2*C$20)/(C$4*C$16*F46)) -> 61.158843 | K46: =J46/C$19 -> 0.18842204 | L46: =C$20*SQRT((2*C$20)/(C$16*C$4*I46))/J46 -> 3838.4754 | M46: =C$17*(1-0.605*K46+0.725*K46^2) -> 6344.8378 | N46: =(M46-L46) -> 2506.3624 | O46: =N46/C$20*J46 -> 4.0691425 | P46: =DEGREES(ASIN(O46/J46)) -> 3.8149356 | Q46: =Q25 -> 12.989
A47: 25 | B47: =-I15*COS(C47+C48-C$14)+0.5*C$16*C$4*C$2*(C48-C$5)*G15^2*SIN(C47)+0.5*C$16*C$4*(C$8+1/PI()/C$7*C$2^2*(C48-C$5)^2)/SQRT(1-H15^2)*G15^2*COS(C47) -> 0.00073628209 | C47: -0.015680694 | D47: =DEGREES(C47) -> -0.8984376 | F47: =F26 -> 1.356 | G47: =G26 -> 0.1324 | H47: =G47/SQRT(1-K47^2) -> 0.13490453 | I47: =F47^3/H47^2 -> 137.00171 | J47: =SQRT((2*C$20)/(C$4*C$16*F47)) -> 62.254045 | K47: =J47/C$19 -> 0.19179621 | L47: =C$20*SQRT((2*C$20)/(C$16*C$4*I47))/J47 -> 3747.7196 | M47: =C$17*(1-0.605*K47+0.725*K47^2) -> 6337.1045 | N47: =(M47-L47) -> 2589.385 | O47: =N47/C$20*J47 -> 4.2792136 | P47: =DEGREES(ASIN(O47/J47)) -> 3.9415008 | Q47: =Q26 -> 11.238
A48: 26 | B48: =I15*SIN(C47+C48-C$14)+0.5*C$16*C$4*C$2*(C48-C$5)*G15^2*COS(C47)-0.5*C$16*C$4*(C$8+1/PI()/C$7*C$2^2*(C48-C$5)^2)/SQRT(1-H15^2)*G15^2*SIN(C47)-C$11 -> -0.0098501554 | C48: -0.0090171648 | D48: =DEGREES(C48) -> -0.51664549 | F48: =F27 -> 1.302 | G48: =G27 -> 0.1231 | H48: =G48/SQRT(1-K48^2) -> 0.12552806 | I48: =F48^3/H48^2 -> 140.07199 | J48: =SQRT((2*C$20)/(C$4*C$16*F48)) -> 63.531913 | K48: =J48/C$19 -> 0.19573314 | L48: =C$20*SQRT((2*C$20)/(C$16*C$4*I48))/J48 -> 3631.8682 | M48: =C$17*(1-0.605*K48+0.725*K48^2) -> 6328.2267 | N48: =(M48-L48) -> 2696.3585 | O48: =N48/C$20*J48 -> 4.5474647 | P48: =DEGREES(ASIN(O48/J48)) -> 4.1046069 | Q48: =Q27 -> 10.575
A49: 27 | B49: =-I16*COS(C49+C50-C$14)+0.5*C$16*C$4*C$2*(C50-C$5)*G16^2*SIN(C49)+0.5*C$16*C$4*(C$8+1/PI()/C$7*C$2^2*(C50-C$5)^2)/SQRT(1-H16^2)*G16^2*COS(C49) -> -2.5539372e-05 | C49: -0.052932452 | D49: =DEGREES(C49) -> -3.0328061 | F49: =F28 -> 1.193 | G49: =G28 -> 0.1061 | H49: =G49/SQRT(1-K49^2) -> 0.10839019 | I49: =F49^3/H49^2 -> 144.52446 | J49: =SQRT((2*C$20)/(C$4*C$16*F49)) -> 66.370823 | K49: =J49/C$19 -> 0.20447943 | L49: =C$20*SQRT((2*C$20)/(C$16*C$4*I49))/J49 -> 3422.5498 | M49: =C$17*(1-0.605*K49+0.725*K49^2) -> 6309.0634 | N49: =(M49-L49) -> 2886.5137 | O49: =N49/C$20*J49 -> 5.0856982 | P49: =DEGREES(ASIN(O49/J49)) -> 4.3946261 | Q49: =Q28 -> 9.576
A50: 28 | B50: =I16*SIN(C49+C50-C$14)+0.5*C$16*C$4*C$2*(C50-C$5)*G16^2*COS(C49)-0.5*C$16*C$4*(C$8+1/PI()/C$7*C$2^2*(C50-C$5)^2)/SQRT(1-H16^2)*G16^2*SIN(C49)-C$11 -> 0.00012522421 | C50: -0.010912961 | D50: =DEGREES(C50) -> -0.62526658 | F50: =F29 -> 1.095 | G50: =G29 -> 0.0919 | H50: =G50/SQRT(1-K50^2) -> 0.094067545 | I50: =F50^3/H50^2 -> 148.37569 | J50: =SQRT((2*C$20)/(C$4*C$16*F50)) -> 69.277206 | K50: =J50/C$19 -> 0.2134336 | L50: =C$20*SQRT((2*C$20)/(C$16*C$4*I50))/J50 -> 3236.1297 | M50: =C$17*(1-0.605*K50+0.725*K50^2) -> 6290.2444 | N50: =(M50-L50) -> 3054.1146 | O50: =N50/C$20*J50 -> 5.6166255 | P50: =DEGREES(ASIN(O50/J50)) -> 4.6503395 | Q50: =Q29 -> 8.687
A51: 29 | B51: =-I17*COS(C51+C52-C$14)+0.5*C$16*C$4*C$2*(C52-C$5)*G17^2*SIN(C51)+0.5*C$16*C$4*(C$8+1/PI()/C$7*C$2^2*(C52-C$5)^2)/SQRT(1-H17^2)*G17^2*COS(C51) -> -0.0013952652 | C51: -0.095348298 | D51: =DEGREES(C51) -> -5.4630551 | F51: =F30 -> 0.997 | G51: =G30 -> 0.0794 | H51: =G51/SQRT(1-K51^2) -> 0.081464037 | I51: =F51^3/H51^2 -> 149.33225 | J51: =SQRT((2*C$20)/(C$4*C$16*F51)) -> 72.60221 | K51: =J51/C$19 -> 0.22367749 | L51: =C$20*SQRT((2*C$20)/(C$16*C$4*I51))/J51 -> 3078.0169 | M51: =C$17*(1-0.605*K51+0.725*K51^2) -> 6269.7069 | N51: =(M51-L51) -> 3191.69 | O51: =N51/C$20*J51 -> 6.1513482 | P51: =DEGREES(ASIN(O51/J51)) -> 4.8603112 | Q51: =Q30 -> 8.017
A52: 30 | B52: =I17*SIN(C51+C52-C$14)+0.5*C$16*C$4*C$2*(C52-C$5)*G17^2*COS(C51)-0.5*C$16*C$4*(C$8+1/PI()/C$7*C$2^2*(C52-C$5)^2)/SQRT(1-H17^2)*G17^2*SIN(C51)-C$11 -> -0.00026601201 | C52: -0.012408554 | D52: =DEGREES(C52) -> -0.71095776 | F52: =F31 -> 0.801 | G52: =G31 -> 0.0576 | H52: =G52/SQRT(1-K52^2) -> 0.059481857 | I52: =F52^3/H52^2 -> 145.25414 | J52: =SQRT((2*C$20)/(C$4*C$16*F52)) -> 80.999281 | K52: =J52/C$19 -> 0.24954771 | L52: =C$20*SQRT((2*C$20)/(C$16*C$4*I52))/J52 -> 2797.385 | M52: =C$17*(1-0.605*K52+0.725*K52^2) -> 6222.5546 | N52: =(M52-L52) -> 3425.1696 | O52: =N52/C$20*J52 -> 7.364835 | P52: =DEGREES(ASIN(O52/J52)) -> 5.2168064 | Q52: =Q31 -> 6.131
F53: =F32 -> 0.611 | G53: =G32 -> 0.0406 | H53: =G53/SQRT(1-K53^2) -> 0.042366185 | I53: =F53^3/H53^2 -> 127.08226 | J53: =SQRT((2*C$20)/(C$4*C$16*F53)) -> 92.742077 | K53: =J53/C$19 -> 0.28572566 | L53: =C$20*SQRT((2*C$20)/(C$16*C$4*I53))/J53 -> 2612.0313 | M53: =C$17*(1-0.605*K53+0.725*K53^2) -> 6167.9405 | N53: =(M53-L53) -> 3555.9092 | O53: =N53/C$20*J53 -> 8.7544174 | P53: =DEGREES(ASIN(O53/J53)) -> 5.4165174 | Q53: =Q32 -> 4.573
F54: =F33 -> 0.491 | G54: =G33 -> 0.0317 | H54: =G54/SQRT(1-K54^2) -> 0.033444321 | I54: =F54^3/H54^2 -> 105.82779 | J54: =SQRT((2*C$20)/(C$4*C$16*F54)) -> 103.45624 | K54: =J54/C$19 -> 0.31873453 | L54: =C$20*SQRT((2*C$20)/(C$16*C$4*I54))/J54 -> 2565.9083 | M54: =C$17*(1-0.605*K54+0.725*K54^2) -> 6129.6328 | N54: =(M54-L54) -> 3563.7245 | O54: =N54/C$20*J54 -> 9.7872475 | P54: =DEGREES(ASIN(O54/J54)) -> 5.4284578 | Q54: =Q33 -> 3.354
F55: =F34 -> 0.388 | G55: =G34 -> 0.0252 | H55: =G55/SQRT(1-K55^2) -> 0.026994914 | I55: =F55^3/H55^2 -> 80.155121 | J55: =SQRT((2*C$20)/(C$4*C$16*F55)) -> 116.38086 | K55: =J55/C$19 -> 0.35855352 | L55: =C$20*SQRT((2*C$20)/(C$16*C$4*I55))/J55 -> 2620.9 | M55: =C$17*(1-0.605*K55+0.725*K55^2) -> 6098.0527 | N55: =(M55-L55) -> 3477.1526 | O55: =N55/C$20*J55 -> 10.742493 | P55: =DEGREES(ASIN(O55/J55)) -> 5.2962051 | Q55: =Q34 -> 2.574
F56: =F35 -> 0.246 | G56: =G35 -> 0.0188 | H56: =G56/SQRT(1-K56^2) -> 0.021055529 | I56: =F56^3/H56^2 -> 33.579407 | J56: =SQRT((2*C$20)/(C$4*C$16*F56)) -> 146.16045 | K56: =J56/C$19 -> 0.45030037 | L56: =C$20*SQRT((2*C$20)/(C$16*C$4*I56))/J56 -> 3224.269 | M56: =C$17*(1-0.605*K56+0.725*K56^2) -> 6086.1893 | N56: =(M56-L56) -> 2861.9203 | O56: =N56/C$20*J56 -> 11.104197 | P56: =DEGREES(ASIN(O56/J56)) -> 4.3571108 | Q56: =Q35 -> 1.242
