Workbook
Name g_v__dane: Podsumowanie!#REF!
Name g_v__dane_1: Podsumowanie!#REF!
Name Piper_V: Podsumowanie!#REF!
Name Piper_Vmin: Podsumowanie!#REF!
Name V_minmax: Podsumowanie!#REF!
Name V_Piper: Podsumowanie!$AC$3:$AD$92
Name V_Piper_1: Podsumowanie!#REF!
Name V_Piper_ciągu_zmienna: Podsumowanie!#REF!
Name V2_Piper: Podsumowanie!$AI$46:$AJ$133
Name w_V__dane: Podsumowanie!#REF!

Sheet Podsumowanie
A1: g | B1: 9.81 | C1: m/s2 | AC1: ciągu | AD1: m zmienna | AE1: ciągu | AF1: mśr | AG1: mocy | AH1: mśr | AI1: ciągu | AJ1: mmax | AK1: mocy | AL1: mmax
A2: ρ0 | B2: 1.2255 | C2: kg/m3 | M2: h [m] | N2: Vmin [m/s] | O2: Vmin [km/h] | P2: Vmax [m/s] | Q2: Vmax [km/h] | R2: wmax [m/s] | S2: 10·wmax [m/s] | T2: Vw [m/s] | U2: Vw [km/h] | V2: γmax [°] | W2: 10·γmax [°] | X2: Vγ [m/s] | Y2: Vγ [km/h] | Z2: 1/wmax | AA2: 10th [min] | AC2: Vmin
A3: S | B3: 21.3 | C3: m2 | M3: 0 | N3: =AC3 -> 36.920589 | O3: =N3*3.6 -> 132.91412 | P3: =AC12 -> 107.27479 | Q3: =P3*3.6 -> 386.18923 | R3: =AD21 -> 8.1692154 | S3: =10*R3 -> 81.692154 | T3: =AC21 -> 65.224001 | U3: =T3*3.6 -> 234.8064 | V3: =AD30 -> 8.4556977 | W3: =10*V3 -> 84.556977 | X3: =AC30 -> 46.19532 | Y3: =X3*3.6 -> 166.30315 | Z3: =1/R3 -> 0.12241078 | AA3: 0 | AC3: 36.920589 | AD3: 5.0663785 | AE3: 35.110565 | AF3: 5.9288321 | AG3: 35.110565 | AH3: 5.6332117 | AI3: 36.920589 | AJ3: 5.0663785 | AK3: 36.920589 | AL3: 4.8585993
A4: mmax | B4: 2948 | C4: kg | M4: 1000 | N4: =AC4 -> 38.740094 | O4: =N4*3.6 -> 139.46434 | P4: =AC13 -> 106.26395 | Q4: =P4*3.6 -> 382.55022 | R4: =AD22 -> 6.9363918 | S4: =10*R4 -> 69.363918 | T4: =AC22 -> 66.706561 | U4: =T4*3.6 -> 240.14362 | V4: =AD31 -> 6.9628271 | W4: =10*V4 -> 69.628271 | X4: =AC31 -> 51.403866 | Y4: =X4*3.6 -> 185.05392 | Z4: =1/R4 -> 0.14416717 | AA4: =(Z4+Z3)/2*(M4-M3)/6 -> 22.214829 | AC4: 38.740094 | AD4: 4.2768174 | AE4: 36.879607 | AF4: 5.0255474 | AG4: 36.879607 | AH4: 4.8284672 | AI4: 38.807483 | AJ4: 4.1937057 | AK4: 38.807483 | AL4: 4.0136303
A5: mpal | B5: 550 | C5: kg | M5: 2000 | N5: =AC5 -> 40.761766 | O5: =N5*3.6 -> 146.74236 | P5: =AC14 -> 104.91617 | Q5: =P5*3.6 -> 377.6982 | R5: =AD23 -> 5.7589761 | S5: =10*R5 -> 57.589761 | T5: =AC23 -> 68.323899 | U5: =T5*3.6 -> 245.96604 | V5: =AD32 -> 5.5520404 | W5: =10*V5 -> 55.520404 | X5: =AC32 -> 56.042726 | Y5: =X5*3.6 -> 201.75381 | Z5: =1/R5 -> 0.17364198 | AA5: =(Z5+Z4)/2*(M5-M4)/6+AA4 -> 48.698925 | AC5: 40.761766 | AD5: 3.4734043 | AE5: 38.845209 | AF5: 4.2043796 | AG5: 38.845209 | AH5: 4.0237226 | AI5: 40.829155 | AJ5: 3.3348848 | AK5: 40.761766 | AL5: 3.1825133
A6: mk | B6: 1863 | C6: kg | M6: 3000 | N6: =AC6 -> 42.850828 | O6: =N6*3.6 -> 154.26298 | P6: =AC15 -> 103.43361 | Q6: =P6*3.6 -> 372.36099 | R6: =AD24 -> 4.6923759 | S6: =10*R6 -> 46.923759 | T6: =AC24 -> 69.806459 | U6: =T6*3.6 -> 251.30325 | V6: =AD33 -> 4.3380751 | W6: =10*V6 -> 43.380751 | X6: =AC33 -> 60.193286 | Y6: =X6*3.6 -> 216.69583 | Z6: =1/R6 -> 0.21311166 | AA6: =(Z6+Z5)/2*(M6-M5)/6+AA5 -> 80.928395 | AC6: 42.850828 | AD6: 2.6838431 | AE6: 40.810811 | AF6: 3.3667883 | AG6: 40.810811 | AH6: 3.2189781 | AI6: 42.918217 | AJ6: 2.4760638 | AK6: 42.918217 | AL6: 2.3513963
A7: mobl | B7: =(B4+B6)/2 -> 2405.5 | C7: kg | M7: 4000 | N7: =AC7 -> 45.074667 | O7: =N7*3.6 -> 162.2688 | P7: =AC16 -> 101.34455 | Q7: =P7*3.6 -> 364.84037 | R7: =AD25 -> 3.5980718 | S7: =10*R7 -> 35.980718 | T7: =AC25 -> 71.356407 | U7: =T7*3.6 -> 256.88307 | V7: =AD34 -> 3.2225706 | W7: =10*V7 -> 32.225706 | X7: =AC34 -> 63.855544 | Y7: =X7*3.6 -> 229.87996 | Z7: =1/R7 -> 0.27792664 | AA7: =(Z7+Z6)/2*(M7-M6)/6+AA6 -> 121.84825 | AC7: 45.074667 | AD7: 1.8942819 | AE7: 43.071253 | AF7: 2.5620438 | AG7: 42.972973 | AH7: 2.4306569 | AI7: 45.074667 | AJ7: 1.6172429 | AK7: 45.142056 | AL7: 1.5064273
A8: Q | B8: =(B7+B5/2)*B1 -> 26295.705 | C8: N | M8: 5000 | N8: =AC8 -> 47.500674 | O8: =N8*3.6 -> 171.00243 | P8: =AC17 -> 98.91854 | Q8: =P8*3.6 -> 356.10674 | R8: =AD26 -> 2.6145833 | S8: =10*R8 -> 26.145833 | T8: =AC26 -> 72.569411 | U8: =T8*3.6 -> 261.24988 | V8: =AD35 -> 2.254607 | W8: =10*V8 -> 22.54607 | X8: =AC35 -> 67.517803 | Y8: =X8*3.6 -> 243.06409 | Z8: =1/R8 -> 0.38247012 | AA8: =(Z8+Z7)/2*(M8-M7)/6+AA7 -> 176.88132 | AC8: 47.500674 | AD8: 1.0908688 | AE8: 45.429975 | AF8: 1.7080292 | AG8: 45.429975 | AH8: 1.5930657 | AI8: 47.702841 | AJ8: 1.021609 | AK8: 47.77023 | AL8: 0.68916223
A9: Nmax | B9: =223000*2 -> 446000 | C9: W | M9: 6000 | N9: =AC9 -> 50.061459 | O9: =N9*3.6 -> 180.22125 | P9: =AC18 -> 94.875195 | Q9: =P9*3.6 -> 341.5507 | R9: =AD27 -> 1.603391 | S9: =10*R9 -> 16.03391 | T9: =AC27 -> 73.917192 | U9: =T9*3.6 -> 266.10189 | V9: =AD36 -> 1.3195137 | W9: =10*V9 -> 13.195137 | X9: =AC36 -> 70.773143 | Y9: =X9*3.6 -> 254.78332 | Z9: =1/R9 -> 0.62367821 | AA9: =(Z9+Z8)/2*(M9-M8)/6+AA8 -> 260.72701 | AC9: 50.061459 | AD9: 0.27360372 | AE9: 48.083538 | AF9: 0.88686131 | AG9: 47.985258 | AH9: 0.77189781 | AI9: 50.331015 | AJ9: 0.14893617 | AK9: 51.880964 | AL9: -0.0034352837
A10: Nnom | B10: 1 | C10: W | M10: 7000 | N10: =AC10 -> 58.350315 | O10: =N10*3.6 -> 210.06114 | P10: =AC19 -> 89.281902 | Q10: =P10*3.6 -> 321.41485 | R10: =AD28 -> 0.73905109 | S10: =10*R10 -> 7.3905109 | T10: =AC28 -> 75.601919 | U10: =T10*3.6 -> 272.16691 | V10: =AD37 -> 0.54847156 | W10: =10*V10 -> 5.4847156 | X10: =AC37 -> 73.4588 | Y10: =X10*3.6 -> 264.45168 | Z10: =1/R10 -> 1.3530864 | AA10: =(Z10+Z9)/2*(M10-M9)/6+AA9 -> 425.4574 | AC10: 58.350315 | AD10: -0.0034352837 | AE10: 50.933661 | AF10: 0.016423358 | AG10: 52.014742 | AH10: 0.016423358
A11: ns | B11: 42.92 | C11: 1/s | M11: =AC41 -> 7700 | O11: 275 | Q11: =O11 -> 275 | S11: 0 | U11: =O11 -> 275 | W11: =S11 -> 0 | Y11: =O11 -> 275 | AA11: 500 | AC11: Vmax
A12: D | B12: 1.84 | C12: m | AC12: 107.27479 | AD12: -0.017287234 | AE12: 106.95332 | AF12: 0.016423358 | AG12: 106.28571 | AH12: 0 | AI12: 106.19656 | AJ12: -0.0034352837 | AK12: 106.60089 | AL12: -0.0034352837
A13: Λe | B13: 5.884 | C13: - | M13: h [m] | N13: Vmin [m/s] | O13: Vmin [km/h] | P13: Vmax [m/s] | Q13: Vmax [km/h] | R13: wmax [m/s] | S13: 10·wmax [m/s] | T13: Vw [m/s] | U13: Vw [km/h] | V13: γmax [°] | W13: 10·γmax [°] | X13: Vγ [m/s] | Y13: Vγ [km/h] | Z13: 1/wmax | AA13: 10th [min] | AC13: 106.26395 | AD13: -0.0034352837 | AE13: 105.77396 | AF13: 0.016423358 | AG13: 105.5774 | AH13: 0.016423358 | AI13: 104.91617 | AJ13: -0.017287234 | AK13: 105.65745 | AL13: -0.0034352837
A14: (Cx)min | B14: 0.02214 | C14: - | M14: 0 | N14: =AE3 -> 35.110565 | O14: =N14*3.6 -> 126.39803 | P14: =AE12 -> 106.95332 | Q14: =P14*3.6 -> 385.03194 | R14: =AF21 -> 8.5237226 | S14: =10*R14 -> 85.237226 | T14: =AE21 -> 60.17199 | U14: =T14*3.6 -> 216.61916 | V14: =AF30 -> 9.7178131 | W14: =10*V14 -> 97.178131 | X14: =AE30 -> 43.05925 | Y14: =X14*3.6 -> 155.0133 | Z14: =1/R14 -> 0.11731963 | AA14: 0 | AC14: 104.91617 | AD14: -0.0034352837 | AE14: 104.29975 | AF14: 0.016423358 | AG14: 104.98771 | AH14: 0.016423358 | AI14: 103.23144 | AJ14: -0.017287234 | AK14: 103.23144 | AL14: -0.017287234
A15: Czmax | B15: 1.63 | C15: - | M15: 1000 | N15: =AE4 -> 36.879607 | O15: =N15*3.6 -> 132.76658 | P15: =AE13 -> 105.77396 | Q15: =P15*3.6 -> 380.78624 | R15: =AF22 -> 7.2755474 | S15: =10*R15 -> 72.755474 | T15: =AE22 -> 61.154791 | U15: =T15*3.6 -> 220.15725 | V15: =AF31 -> 8.0599647 | W15: =10*V15 -> 80.599647 | X15: =AE31 -> 46.058041 | Y15: =X15*3.6 -> 165.80895 | Z15: =1/R15 -> 0.1374467 | AA15: =(Z15+Z14)/2*(M15-M14)/6 -> 21.230528 | AC15: 103.43361 | AD15: -0.0034352837 | AE15: 102.62899 | AF15: 0.016423358 | AG15: 102.33415 | AH15: 0.016423358 | AI15: 101.07499 | AJ15: -0.0034352837 | AK15: 100.94021 | AL15: -0.0034352837
A16: a∞ | B16: 6.134 | C16: 1/rad | M16: 2000 | N16: =AE5 -> 38.845209 | O16: =N16*3.6 -> 139.84275 | P16: =AE14 -> 104.29975 | Q16: =P16*3.6 -> 375.47912 | R16: =AF23 -> 6.0930657 | S16: =10*R16 -> 60.930657 | T16: =AE23 -> 62.530713 | U16: =T16*3.6 -> 225.11057 | V16: =AF32 -> 6.5255732 | W16: =10*V16 -> 65.255732 | X16: =AE32 -> 48.476421 | Y16: =X16*3.6 -> 174.51511 | Z16: =1/R16 -> 0.16412099 | AA16: =(Z16+Z15)/2*(M16-M15)/6+AA15 -> 46.361169 | AC16: 101.34455 | AD16: -0.0034352837 | AE16: 100.27027 | AF16: 0.016423358 | AG16: 99.97543 | AH16: 0.016423358 | AI16: 98.17726 | AJ16: -0.0034352837 | AK16: 97.638148 | AL16: -0.0034352837
A17: k | B17: 0.12 | C17: - | M17: 3000 | N17: =AE6 -> 40.810811 | O17: =N17*3.6 -> 146.91892 | P17: =AE15 -> 102.62899 | Q17: =P17*3.6 -> 369.46437 | R17: =AF24 -> 4.959854 | S17: =10*R17 -> 49.59854 | T17: =AE24 -> 63.415233 | U17: =T17*3.6 -> 228.29484 | V17: =AF33 -> 5.0793651 | W17: =10*V17 -> 50.793651 | X17: =AE33 -> 51.378476 | Y17: =X17*3.6 -> 184.96252 | Z17: =1/R17 -> 0.20161884 | AA17: =(Z17+Z16)/2*(M17-M16)/6+AA16 -> 76.839488 | AC17: 98.91854 | AD17: -0.0034352837 | AE17: 97.027027 | AF17: 0.016423358 | AG17: 96.339066 | AH17: 0 | AI17: 94.336083 | AJ17: -0.017287234 | AK17: 93.79697 | AL17: -0.0034352837
A18: φ | B18: 1 | C18: ° | M18: 4000 | N18: =AE7 -> 43.071253 | O18: =N18*3.6 -> 155.05651 | P18: =AE16 -> 100.27027 | Q18: =P18*3.6 -> 360.97297 | R18: =AF25 -> 3.8594891 | S18: =10*R18 -> 38.594891 | T18: =AE25 -> 64.594595 | U18: =T18*3.6 -> 232.54054 | V18: =AF34 -> 3.8447972 | W18: =10*V18 -> 38.447972 | X18: =AE34 -> 53.893591 | Y18: =X18*3.6 -> 194.01693 | Z18: =1/R18 -> 0.25910165 | AA18: =(Z18+Z17)/2*(M18-M17)/6+AA17 -> 115.23286 | AC18: 94.875195 | AD18: -0.0034352837 | AE18: 92.702703 | AF18: 0.016423358 | AG18: 92.211302 | AH18: 0.016423358 | AI18: 88.271066 | AJ18: -0.0034352837 | AK18: 87.327619 | AL18: -0.0034352837
A19: α0 | B19: -2.97 | C19: ° | M19: 5000 | N19: =AE8 -> 45.429975 | O19: =N19*3.6 -> 163.54791 | P19: =AE17 -> 97.027027 | Q19: =P19*3.6 -> 349.2973 | R19: =AF26 -> 2.7919708 | S19: =10*R19 -> 27.919708 | T19: =AE26 -> 65.479115 | U19: =T19*3.6 -> 235.72482 | V19: =AF35 -> 2.6455026 | W19: =10*V19 -> 26.455026 | X19: =AE35 -> 58.053204 | Y19: =X19*3.6 -> 208.99154 | Z19: =1/R19 -> 0.35816993 | AA19: =(Z19+Z18)/2*(M19-M18)/6+AA18 -> 166.67216 | AC19: 89.281902 | AD19: -0.0034352837 | AE19: 85.331695 | AF19: 0.016423358 | AG19: 84.742015 | AH19: 0.016423358
A20: ηś | B20: 0.846 | C20: - | M20: 6000 | N20: =AE9 -> 48.083538 | O20: =N20*3.6 -> 173.10074 | P20: =AE18 -> 92.702703 | Q20: =P20*3.6 -> 333.72973 | R20: =AF27 -> 1.7737226 | S20: =10*R20 -> 17.737226 | T20: =AE27 -> 66.658477 | U20: =T20*3.6 -> 239.97052 | V20: =AF36 -> 1.6049383 | W20: =10*V20 -> 16.049383 | X20: =AE36 -> 61.245466 | Y20: =X20*3.6 -> 220.48368 | Z20: =1/R20 -> 0.56378601 | AA20: =(Z20+Z19)/2*(M20-M19)/6+AA19 -> 243.50182 | AC20: Vw
A21: qN | B21: =B4/(B9/1000) -> 6.6098655 | M21: 7000 | N21: =AE10 -> 50.933661 | O21: =N21*3.6 -> 183.36118 | P21: =AE19 -> 85.331695 | Q21: =P21*3.6 -> 307.1941 | R21: =AF28 -> 0.66145833 | S21: =10*R21 -> 6.6145833 | T21: =AE28 -> 67.641278 | U21: =T21*3.6 -> 243.5086 | V21: =AF37 -> 0.65255732 | W21: =10*V21 -> 6.5255732 | X21: =AE37 -> 65 | Y21: =X21*3.6 -> 234 | Z21: =1/R21 -> 1.511811 | AA21: =(Z21+Z20)/2*(M21-M20)/6+AA20 -> 416.46824 | AC21: 65.224001 | AD21: 8.1692154 | AE21: 60.17199 | AF21: 8.5237226 | AG21: 61.941032 | AH21: 8.4580292 | AI21: 60.708933 | AJ21: 7.3658023 | AK21: 64.213165 | AL21: 7.3103945
A22: qt | B22: =0.022*B24 -> 18.48 | M22: =AE41 -> 7600 | O22: 245 | Q22: =O22 -> 245 | S22: =S11 -> 0 | U22: =O22 -> 245 | W22: =W11 -> 0 | Y22: =O22 -> 245 | AA22: =AA11 -> 500 | AC22: 66.706561 | AD22: 6.9363918 | AE22: 61.154791 | AF22: 7.2755474 | AG22: 62.923833 | AH22: 7.209854 | AI22: 62.326271 | AJ22: 6.1606826 | AK22: 65.493558 | AL22: 6.063719
A23: qe | B23: =B22/B10 -> 18.48 | AC23: 68.323899 | AD23: 5.7589761 | AE23: 62.530713 | AF23: 6.0930657 | AG23: 64.398034 | AH23: 6.0109489 | AI23: 63.87622 | AJ23: 5.0109707 | AK23: 66.841339 | AL23: 4.9001551
A24: ρpal | B24: 840 | C24: kg/m3 | M24: h [m] | N24: Vmin [m/s] | O24: Vmin [km/h] | P24: Vmax [m/s] | Q24: Vmax [km/h] | R24: wmax [m/s] | S24: 10·wmax [m/s] | T24: Vw [m/s] | U24: Vw [km/h] | V24: γmax [°] | W24: 10·γmax [°] | X24: Vγ [m/s] | Y24: Vγ [km/h] | Z24: 1/wmax | AA24: 10th [min] | AC24: 69.806459 | AD24: 4.6923759 | AE24: 63.415233 | AF24: 4.959854 | AG24: 65.479115 | AH24: 4.8613139 | AI24: 65.358779 | AJ24: 3.8889628 | AK24: 68.323899 | AL24: 3.7781472
A25: thp | B25: 45.4 | C25: min | M25: 0 | N25: =AG3 -> 35.110565 | O25: =N25*3.6 -> 126.39803 | P25: =AG12 -> 106.28571 | Q25: =P25*3.6 -> 382.62857 | R25: =AH21 -> 8.4580292 | S25: =10*R25 -> 84.580292 | T25: =AG21 -> 61.941032 | U25: =T25*3.6 -> 222.98771 | V25: =AH30 -> 9.5414462 | W25: =10*V25 -> 95.414462 | X25: =AG30 -> 41.414752 | Y25: =X25*3.6 -> 149.09311 | Z25: =1/R25 -> 0.11823085 | AA25: 0 | AC25: 71.356407 | AD25: 3.5980718 | AE25: 64.594595 | AF25: 3.8594891 | AG25: 66.461916 | AH25: 3.7445255 | AI25: 66.571783 | AJ25: 2.8777704 | AK25: 69.739069 | AL25: 2.7253989
A26: Δt | B26: 1.25 | C26: h | M26: 1000 | N26: =AG4 -> 36.879607 | O26: =N26*3.6 -> 132.76658 | P26: =AG13 -> 105.5774 | Q26: =P26*3.6 -> 380.07862 | R26: =AH22 -> 7.209854 | S26: =10*R26 -> 72.09854 | T26: =AG22 -> 62.923833 | U26: =T26*3.6 -> 226.5258 | V26: =AH31 -> 7.8835979 | W26: =10*V26 -> 78.835979 | X26: =AG31 -> 43.639661 | Y26: =X26*3.6 -> 157.10278 | Z26: =1/R26 -> 0.13869906 | AA26: =(Z26+Z25)/2*(M26-M25)/6 -> 21.410826 | AC26: 72.569411 | AD26: 2.6145833 | AE26: 65.479115 | AF26: 2.7919708 | AG26: 67.837838 | AH26: 2.7262774 | AI26: 67.650008 | AJ26: 1.9912456 | AK26: 70.817295 | AL26: 1.7142066
A27: ht | B27: 4550 | C27: m | M27: 2000 | N27: =AG5 -> 38.845209 | O27: =N27*3.6 -> 139.84275 | P27: =AG14 -> 104.98771 | Q27: =P27*3.6 -> 377.95577 | R27: =AH23 -> 6.0109489 | S27: =10*R27 -> 60.109489 | T27: =AG23 -> 64.398034 | U27: =T27*3.6 -> 231.83292 | V27: =AH32 -> 6.366843 | W27: =10*V27 -> 63.66843 | X27: =AG32 -> 46.444982 | Y27: =X27*3.6 -> 167.20193 | Z27: =1/R27 -> 0.16636308 | AA27: =(Z27+Z26)/2*(M27-M26)/6+AA26 -> 46.832672 | AC27: 73.917192 | AD27: 1.603391 | AE27: 66.658477 | AF27: 1.7737226 | AG27: 68.722359 | AH27: 1.7408759 | AI27: 69.065179 | AJ27: 0.95234929 | AK27: 71.962909 | AL27: 0.73071809
A28: hp | B28: 3700 | C28: m | M28: 3000 | N28: =AG6 -> 40.810811 | O28: =N28*3.6 -> 146.91892 | P28: =AG15 -> 102.33415 | Q28: =P28*3.6 -> 368.40295 | R28: =AH24 -> 4.8613139 | S28: =10*R28 -> 48.613139 | T28: =AG24 -> 65.479115 | U28: =T28*3.6 -> 235.72482 | V28: =AH33 -> 4.973545 | W28: =10*V28 -> 49.73545 | X28: =AG33 -> 49.443773 | Y28: =X28*3.6 -> 177.99758 | Z28: =1/R28 -> 0.20570571 | AA28: =(Z28+Z27)/2*(M28-M27)/6+AA27 -> 77.838404 | AC28: 75.601919 | AD28: 0.73905109 | AE28: 67.641278 | AF28: 0.66145833 | AG28: 69.80344 | AH28: 0.65693431
A29: φ | B29: =RADIANS(B18) -> 0.017453293 | C29: rad | M29: 4000 | N29: =AG7 -> 42.972973 | O29: =N29*3.6 -> 154.7027 | P29: =AG16 -> 99.97543 | Q29: =P29*3.6 -> 359.91155 | R29: =AH25 -> 3.7445255 | S29: =10*R29 -> 37.445255 | T29: =AG25 -> 66.461916 | U29: =T29*3.6 -> 239.2629 | V29: =AH34 -> 3.7389771 | W29: =10*V29 -> 37.389771 | X29: =AG34 -> 52.732769 | Y29: =X29*3.6 -> 189.83797 | Z29: =1/R29 -> 0.26705653 | AA29: =(Z29+Z28)/2*(M29-M28)/6+AA28 -> 117.23526 | AC29: Vy
A30: α0 | B30: =RADIANS(B19) -> -0.051836279 | C30: rad | M30: 5000 | N30: =AG8 -> 45.429975 | O30: =N30*3.6 -> 163.54791 | P30: =AG17 -> 96.339066 | Q30: =P30*3.6 -> 346.82064 | R30: =AH26 -> 2.7262774 | S30: =10*R30 -> 27.262774 | T30: =AG26 -> 67.837838 | U30: =T30*3.6 -> 244.21622 | V30: =AH35 -> 2.5573192 | W30: =10*V30 -> 25.573192 | X30: =AG35 -> 55.73156 | Y30: =X30*3.6 -> 200.63362 | Z30: =1/R30 -> 0.36680054 | AA30: =(Z30+Z29)/2*(M30-M29)/6+AA29 -> 170.05668 | AC30: 46.19532 | AD30: 8.4556977 | AE30: 43.05925 | AF30: 9.7178131 | AG30: 41.414752 | AH30: 9.5414462 | AI30: 44.974568 | AJ30: 8.1444724 | AK30: 43.591048 | AL30: 7.9644281
A31: Qmax | B31: =Podsumowanie!B1*(Podsumowanie!B7+Podsumowanie!B5) -> 28993.455 | C31: N | M31: 6000 | N31: =AG9 -> 47.985258 | O31: =N31*3.6 -> 172.74693 | P31: =AG18 -> 92.211302 | Q31: =P31*3.6 -> 331.96069 | R31: =AH27 -> 1.7408759 | S31: =10*R31 -> 17.408759 | T31: =AG27 -> 68.722359 | U31: =T31*3.6 -> 247.40049 | V31: =AH36 -> 1.4991182 | W31: =10*V31 -> 14.991182 | X31: =AG36 -> 59.697703 | Y31: =X31*3.6 -> 214.91173 | Z31: =1/R31 -> 0.57442348 | AA31: =(Z31+Z30)/2*(M31-M30)/6+AA30 -> 248.49201 | AC31: 51.403866 | AD31: 6.9628271 | AE31: 46.058041 | AF31: 8.0599647 | AG31: 43.639661 | AH31: 7.8835979 | AI31: 47.822991 | AJ31: 6.5701182 | AK31: 46.683622 | AL31: 6.3900238
A32: qe | B32: 0.31 | C32: kg/kWh | M32: 7000 | N32: =AG10 -> 52.014742 | O32: =N32*3.6 -> 187.25307 | P32: =AG19 -> 84.742015 | Q32: =P32*3.6 -> 305.07125 | R32: =AH28 -> 0.65693431 | S32: =10*R32 -> 6.5693431 | T32: =AG28 -> 69.80344 | U32: =T32*3.6 -> 251.29238 | V32: =AH37 -> 0.52910053 | W32: =10*V32 -> 5.2910053 | X32: =AG37 -> 64.147521 | Y32: =X32*3.6 -> 230.93108 | Z32: =1/R32 -> 1.5222222 | AA32: =(Z32+Z31)/2*(M32-M31)/6+AA31 -> 423.21249 | AC32: 56.042726 | AD32: 5.5520404 | AE32: 48.476421 | AF32: 6.5255732 | AG32: 46.444982 | AH32: 6.366843 | AI32: 50.508647 | AJ32: 5.1269449 | AK32: 49.125127 | AL32: 5.0124744
A33: Czmax- | B33: -1.173 | M33: =AG41 -> 7590 | O33: 250 | Q33: =O33 -> 250 | S33: =S22 -> 0 | U33: =O33 -> 250 | W33: =W22 -> 0 | Y33: =O33 -> 250 | AA33: =AA11 -> 500 | AC33: 60.193286 | AD33: 4.3380751 | AE33: 51.378476 | AF33: 5.0793651 | AG33: 49.443773 | AH33: 4.973545 | AI33: 54.008138 | AJ33: 3.8311459 | AK33: 52.543235 | AL33: 3.7330854
AC34: 63.855544 | AD34: 3.2225706 | AE34: 53.893591 | AF34: 3.8447972 | AG34: 52.732769 | AH34: 3.7389771 | AI34: 57.182096 | AJ34: 2.666561 | AK34: 56.286877 | AL34: 2.5519904
M35: h [m] | N35: Vmin [m/s] | O35: Vmin [km/h] | P35: Vmax [m/s] | Q35: Vmax [km/h] | R35: wmax [m/s] | S35: 10·wmax [m/s] | T35: Vw [m/s] | U35: Vw [km/h] | V35: γmax [°] | W35: 10·γmax [°] | X35: Vγ [m/s] | Y35: Vγ [km/h] | Z35: 1/wmax | AA35: 10th [min] | AC35: 67.517803 | AD35: 2.254607 | AE35: 58.053204 | AF35: 2.6455026 | AG35: 55.73156 | AH35: 2.5573192 | AI35: 60.356053 | AJ35: 1.8462385 | AK35: 60.193286 | AL35: 1.5511899
M36: 0 | N36: =AI3 -> 36.920589 | O36: =N36*3.6 -> 132.91412 | P36: =AI12 -> 106.19656 | Q36: =P36*3.6 -> 382.30762 | R36: =AJ21 -> 7.3658023 | S36: =10*R36 -> 73.658023 | T36: =AI21 -> 60.708933 | U36: =T36*3.6 -> 218.55216 | V36: =AJ30 -> 8.1444724 | W36: =10*V36 -> 81.444724 | X36: =AI30 -> 44.974568 | Y36: =X36*3.6 -> 161.90844 | Z36: =1/R36 -> 0.13576254 | AA36: 0 | AC36: 70.773143 | AD36: 1.3195137 | AE36: 61.245466 | AF36: 1.6049383 | AG36: 59.697703 | AH36: 1.4991182 | AI36: 64.181078 | AJ36: 0.82906125 | AK36: 64.262462 | AL36: 0.59953638
M37: 1000 | N37: =AI4 -> 38.807483 | O37: =N37*3.6 -> 139.70694 | P37: =AI13 -> 104.91617 | Q37: =P37*3.6 -> 377.6982 | R37: =AJ22 -> 6.1606826 | S37: =10*R37 -> 61.606826 | T37: =AI22 -> 62.326271 | U37: =T37*3.6 -> 224.37458 | V37: =AJ31 -> 6.5701182 | W37: =10*V37 -> 65.701182 | X37: =AI31 -> 47.822991 | Y37: =X37*3.6 -> 172.16277 | Z37: =1/R37 -> 0.16231967 | AA37: =(Z37+Z36)/2*(M37-M36)/6 -> 24.840184 | AC37: 73.4588 | AD37: 0.54847156 | AE37: 65 | AF37: 0.65255732 | AG37: 64.147521 | AH37: 0.52910053
M38: 2000 | N38: =AI5 -> 40.829155 | O38: =N38*3.6 -> 146.98496 | P38: =AI14 -> 103.23144 | Q38: =P38*3.6 -> 371.63319 | R38: =AJ23 -> 5.0109707 | S38: =10*R38 -> 50.109707 | T38: =AI23 -> 63.87622 | U38: =T38*3.6 -> 229.95439 | V38: =AJ32 -> 5.1269449 | W38: =10*V38 -> 51.269449 | X38: =AI32 -> 50.508647 | Y38: =X38*3.6 -> 181.83113 | Z38: =1/R38 -> 0.19956213 | AA38: =(Z38+Z37)/2*(M38-M37)/6+AA37 -> 54.997001
M39: 3000 | N39: =AI6 -> 42.918217 | O39: =N39*3.6 -> 154.50558 | P39: =AI15 -> 101.07499 | Q39: =P39*3.6 -> 363.86997 | R39: =AJ24 -> 3.8889628 | S39: =10*R39 -> 38.889628 | T39: =AI24 -> 65.358779 | U39: =T39*3.6 -> 235.29161 | V39: =AJ33 -> 3.8311459 | W39: =10*V39 -> 38.311459 | X39: =AI33 -> 54.008138 | Y39: =X39*3.6 -> 194.4293 | Z39: =1/R39 -> 0.25713797 | AA39: =(Z39+Z38)/2*(M39-M38)/6+AA38 -> 93.055343
M40: 4000 | N40: =AI7 -> 45.074667 | O40: =N40*3.6 -> 162.2688 | P40: =AI16 -> 98.17726 | Q40: =P40*3.6 -> 353.43814 | R40: =AJ25 -> 2.8777704 | S40: =10*R40 -> 28.777704 | T40: =AI25 -> 66.571783 | U40: =T40*3.6 -> 239.65842 | V40: =AJ34 -> 2.666561 | W40: =10*V40 -> 26.66561 | X40: =AI34 -> 57.182096 | Y40: =X40*3.6 -> 205.85554 | Z40: =1/R40 -> 0.34749124 | AA40: =(Z40+Z39)/2*(M40-M39)/6+AA39 -> 143.44111 | AC40: ht1 | AD40: hp1 | AE40: ht2 | AF40: hp2 | AG40: ht3 | AH40: hp3 | AI40: ht4 | AJ40: hp4 | AK40: ht5 | AL40: hp5
M41: 5000 | N41: =AI8 -> 47.702841 | O41: =N41*3.6 -> 171.73023 | P41: =AI17 -> 94.336083 | Q41: =P41*3.6 -> 339.6099 | R41: =AJ26 -> 1.9912456 | S41: =10*R41 -> 19.912456 | T41: =AI26 -> 67.650008 | U41: =T41*3.6 -> 243.54003 | V41: =AJ35 -> 1.8462385 | W41: =10*V41 -> 18.462385 | X41: =AI35 -> 60.356053 | Y41: =X41*3.6 -> 217.28179 | Z41: =1/R41 -> 0.50219823 | AA41: =(Z41+Z40)/2*(M41-M40)/6+AA40 -> 214.24857 | AC41: 7700 | AD41: =-942.11*AD$45+AC41 -> 7228.945 | AE41: 7600 | AF41: =-890.33*AD$45+AE41 -> 7154.835 | AG41: 7590 | AH41: =-897.31*AD$45+AG41 -> 7141.345 | AI41: 6890 | AJ41: =-935.53*AD45+AI41 -> 6422.235 | AK41: 6670 | AL41: =-911.9*AD45+AK41 -> 6214.05
M42: 6000 | N42: =AI9 -> 50.331015 | O42: =N42*3.6 -> 181.19165 | P42: =AI18 -> 88.271066 | Q42: =P42*3.6 -> 317.77584 | R42: =AJ27 -> 0.95234929 | S42: =10*R42 -> 9.5234929 | T42: =AI27 -> 69.065179 | U42: =T42*3.6 -> 248.63464 | V42: =AJ36 -> 0.82906125 | W42: =10*V42 -> 8.2906125 | X42: =AI36 -> 64.181078 | Y42: =X42*3.6 -> 231.05188 | Z42: =1/R42 -> 1.0500349 | AA42: =(Z42+Z41)/2*(M42-M41)/6+AA41 -> 343.60133 | AC42: =AC41 -> 7700 | AD42: =AD41 -> 7228.945 | AE42: =AE41 -> 7600 | AF42: =AF41 -> 7154.835 | AG42: =AG41 -> 7590 | AH42: =AH41 -> 7141.345 | AI42: =AI41 -> 6890 | AJ42: =AJ41 -> 6422.235 | ... AL42: =AL41 -> 6214.05
M43: =AI41 -> 6890 | O43: 250 | Q43: =O43 -> 250 | S43: =S33 -> 0 | U43: =O43 -> 250 | W43: =W33 -> 0 | Y43: =O43 -> 250 | AA43: =AA22 -> 500
AC44: h | AD44: w
AC45: 0 | AD45: 0.5
M46: h [m] | N46: Vmin [m/s] | O46: Vmin [km/h] | P46: Vmax [m/s] | Q46: Vmax [km/h] | R46: wmax [m/s] | S46: 10·wmax [m/s] | T46: Vw [m/s] | U46: Vw [km/h] | V46: γmax [°] | W46: 10·γmax [°] | X46: Vγ [m/s] | Y46: Vγ [km/h] | Z46: 1/wmax | AA46: 10th [min] | AC46: 8000 | AD46: 0.5
A47: =M2 -> h [m] | B47: =N2 -> Vmin [m/s] | C47: =P2 -> Vmax [m/s] | D47: =R2 -> wmax [m/s] | E47: =T2 -> Vw [m/s] | F47: =V2 -> γmax [°] | G47: =X2 -> Vγ [m/s] | H47: =AA2 -> 10th [min] | M47: 0 | N47: =AK3 -> 36.920589 | O47: =N47*3.6 -> 132.91412 | P47: =AK12 -> 106.60089 | Q47: =P47*3.6 -> 383.76322 | R47: =AL21 -> 7.3103945 | S47: =10*R47 -> 73.103945 | T47: =AK21 -> 64.213165 | U47: =T47*3.6 -> 231.16739 | V47: =AL30 -> 7.9644281 | W47: =10*V47 -> 79.644281 | X47: =AK30 -> 43.591048 | Y47: =X47*3.6 -> 156.92777 | Z47: =1/R47 -> 0.13679152 | AA47: 0
A48: =M3 -> 0 | B48: =N3 -> 36.920589 | C48: =P3 -> 107.27479 | D48: =R3 -> 8.1692154 | E48: =T3 -> 65.224001 | F48: =V3 -> 8.4556977 | G48: =X3 -> 46.19532 | H48: =AA3 -> 0 | M48: 1000 | N48: =AK4 -> 38.807483 | O48: =N48*3.6 -> 139.70694 | P48: =AK13 -> 105.65745 | Q48: =P48*3.6 -> 380.36681 | R48: =AL22 -> 6.063719 | S48: =10*R48 -> 60.63719 | T48: =AK22 -> 65.493558 | U48: =T48*3.6 -> 235.77681 | V48: =AL31 -> 6.3900238 | W48: =10*V48 -> 63.900238 | X48: =AK31 -> 46.683622 | Y48: =X48*3.6 -> 168.06104 | Z48: =1/R48 -> 0.16491529 | AA48: =(Z48+Z47)/2*(M48-M47)/6 -> 25.142235
A49: =M4 -> 1000 | B49: =N4 -> 38.740094 | C49: =P4 -> 106.26395 | D49: =R4 -> 6.9363918 | E49: =T4 -> 66.706561 | F49: =V4 -> 6.9628271 | G49: =X4 -> 51.403866 | H49: =AA4 -> 22.214829 | M49: 2000 | N49: =AK5 -> 40.761766 | O49: =N49*3.6 -> 146.74236 | P49: =AK14 -> 103.23144 | Q49: =P49*3.6 -> 371.63319 | R49: =AL23 -> 4.9001551 | S49: =10*R49 -> 49.001551 | T49: =AK23 -> 66.841339 | U49: =T49*3.6 -> 240.62882 | V49: =AL32 -> 5.0124744 | W49: =10*V49 -> 50.124744 | X49: =AK32 -> 49.125127 | Y49: =X49*3.6 -> 176.85046 | Z49: =1/R49 -> 0.20407517 | AA49: =(Z49+Z48)/2*(M49-M48)/6+AA48 -> 55.89144
A50: =M5 -> 2000 | B50: =N5 -> 40.761766 | C50: =P5 -> 104.91617 | D50: =R5 -> 5.7589761 | E50: =T5 -> 68.323899 | F50: =V5 -> 5.5520404 | G50: =X5 -> 56.042726 | H50: =AA5 -> 48.698925 | M50: 3000 | N50: =AK6 -> 42.918217 | O50: =N50*3.6 -> 154.50558 | P50: =AK15 -> 100.94021 | Q50: =P50*3.6 -> 363.38476 | R50: =AL24 -> 3.7781472 | S50: =10*R50 -> 37.781472 | T50: =AK24 -> 68.323899 | U50: =T50*3.6 -> 245.96604 | V50: =AL33 -> 3.7330854 | W50: =10*V50 -> 37.330854 | X50: =AK33 -> 52.543235 | Y50: =X50*3.6 -> 189.15565 | Z50: =1/R50 -> 0.26468 | AA50: =(Z50+Z49)/2*(M50-M49)/6+AA49 -> 94.954371
A51: =M6 -> 3000 | B51: =N6 -> 42.850828 | C51: =P6 -> 103.43361 | D51: =R6 -> 4.6923759 | E51: =T6 -> 69.806459 | F51: =V6 -> 4.3380751 | G51: =X6 -> 60.193286 | H51: =AA6 -> 80.928395 | M51: 4000 | N51: =AK7 -> 45.142056 | O51: =N51*3.6 -> 162.5114 | P51: =AK16 -> 97.638148 | Q51: =P51*3.6 -> 351.49733 | R51: =AL25 -> 2.7253989 | S51: =10*R51 -> 27.253989 | T51: =AK25 -> 69.739069 | U51: =T51*3.6 -> 251.06065 | V51: =AL34 -> 2.5519904 | W51: =10*V51 -> 25.519904 | X51: =AK34 -> 56.286877 | Y51: =X51*3.6 -> 202.63276 | Z51: =1/R51 -> 0.36691876 | AA51: =(Z51+Z50)/2*(M51-M50)/6+AA50 -> 147.5876
A52: =M7 -> 4000 | B52: =N7 -> 45.074667 | C52: =P7 -> 101.34455 | D52: =R7 -> 3.5980718 | E52: =T7 -> 71.356407 | F52: =V7 -> 3.2225706 | G52: =X7 -> 63.855544 | H52: =AA7 -> 121.84825 | M52: 5000 | N52: =AK8 -> 47.77023 | O52: =N52*3.6 -> 171.97283 | P52: =AK17 -> 93.79697 | Q52: =P52*3.6 -> 337.66909 | R52: =AL26 -> 1.7142066 | S52: =10*R52 -> 17.142066 | T52: =AK26 -> 70.817295 | U52: =T52*3.6 -> 254.94226 | V52: =AL35 -> 1.5511899 | W52: =10*V52 -> 15.511899 | X52: =AK35 -> 60.193286 | Y52: =X52*3.6 -> 216.69583 | Z52: =1/R52 -> 0.58336027 | AA52: =(Z52+Z51)/2*(M52-M51)/6+AA51 -> 226.77752
A53: =M8 -> 5000 | B53: =N8 -> 47.500674 | C53: =P8 -> 98.91854 | D53: =R8 -> 2.6145833 | E53: =T8 -> 72.569411 | F53: =V8 -> 2.254607 | G53: =X8 -> 67.517803 | H53: =AA8 -> 176.88132 | M53: 6000 | N53: =AK9 -> 51.880964 | O53: =N53*3.6 -> 186.77147 | P53: =AK18 -> 87.327619 | Q53: =P53*3.6 -> 314.37943 | R53: =AL27 -> 0.73071809 | S53: =10*R53 -> 7.3071809 | T53: =AK27 -> 71.962909 | U53: =T53*3.6 -> 259.06647 | V53: =AL36 -> 0.59953638 | W53: =10*V53 -> 5.9953638 | X53: =AK36 -> 64.262462 | Y53: =X53*3.6 -> 231.34486 | Z53: =1/R53 -> 1.3685168 | AA53: =(Z53+Z52)/2*(M53-M52)/6+AA52 -> 389.43395
A54: =M9 -> 6000 | B54: =N9 -> 50.061459 | C54: =P9 -> 94.875195 | D54: =R9 -> 1.603391 | E54: =T9 -> 73.917192 | F54: =V9 -> 1.3195137 | G54: =X9 -> 70.773143 | H54: =AA9 -> 260.72701 | M54: =AK41 -> 6670 | O54: 255 | Q54: =O54 -> 255 | S54: =S43 -> 0 | U54: =O54 -> 255 | W54: =W43 -> 0 | Y54: =O54 -> 255 | AA54: =AA33 -> 500
A55: =M10 -> 7000 | B55: =N10 -> 58.350315 | C55: =P10 -> 89.281902 | D55: =R10 -> 0.73905109 | E55: =T10 -> 75.601919 | F55: =V10 -> 0.54847156 | G55: =X10 -> 73.4588 | H55: =AA10 -> 425.4574
A57: =M13 -> h [m] | B57: =N13 -> Vmin [m/s] | C57: =P13 -> Vmax [m/s] | D57: =R13 -> wmax [m/s] | E57: =T13 -> Vw [m/s] | F57: =V13 -> γmax [°] | G57: =X13 -> Vγ [m/s] | H57: =AA13 -> 10th [min]
A58: =M14 -> 0 | B58: =N14 -> 35.110565 | C58: =P14 -> 106.95332 | D58: =R14 -> 8.5237226 | E58: =T14 -> 60.17199 | F58: =V14 -> 9.7178131 | G58: =X14 -> 43.05925 | H58: =AA14 -> 0
A59: =M15 -> 1000 | B59: =N15 -> 36.879607 | C59: =P15 -> 105.77396 | D59: =R15 -> 7.2755474 | E59: =T15 -> 61.154791 | F59: =V15 -> 8.0599647 | G59: =X15 -> 46.058041 | H59: =AA15 -> 21.230528
A60: =M16 -> 2000 | B60: =N16 -> 38.845209 | C60: =P16 -> 104.29975 | D60: =R16 -> 6.0930657 | E60: =T16 -> 62.530713 | F60: =V16 -> 6.5255732 | G60: =X16 -> 48.476421 | H60: =AA16 -> 46.361169
A61: =M17 -> 3000 | B61: =N17 -> 40.810811 | C61: =P17 -> 102.62899 | D61: =R17 -> 4.959854 | E61: =T17 -> 63.415233 | F61: =V17 -> 5.0793651 | G61: =X17 -> 51.378476 | H61: =AA17 -> 76.839488
A62: =M18 -> 4000 | B62: =N18 -> 43.071253 | C62: =P18 -> 100.27027 | D62: =R18 -> 3.8594891 | E62: =T18 -> 64.594595 | F62: =V18 -> 3.8447972 | G62: =X18 -> 53.893591 | H62: =AA18 -> 115.23286
A63: =M19 -> 5000 | B63: =N19 -> 45.429975 | C63: =P19 -> 97.027027 | D63: =R19 -> 2.7919708 | E63: =T19 -> 65.479115 | F63: =V19 -> 2.6455026 | G63: =X19 -> 58.053204 | H63: =AA19 -> 166.67216
A64: =M20 -> 6000 | B64: =N20 -> 48.083538 | C64: =P20 -> 92.702703 | D64: =R20 -> 1.7737226 | E64: =T20 -> 66.658477 | F64: =V20 -> 1.6049383 | G64: =X20 -> 61.245466 | H64: =AA20 -> 243.50182
A65: =M21 -> 7000 | B65: =N21 -> 50.933661 | C65: =P21 -> 85.331695 | D65: =R21 -> 0.66145833 | E65: =T21 -> 67.641278 | F65: =V21 -> 0.65255732 | G65: =X21 -> 65 | H65: =AA21 -> 416.46824
A67: =M24 -> h [m] | B67: =N24 -> Vmin [m/s] | C67: =P24 -> Vmax [m/s] | D67: =R24 -> wmax [m/s] | E67: =T24 -> Vw [m/s] | F67: =V24 -> γmax [°] | G67: =X24 -> Vγ [m/s] | H67: =AA24 -> 10th [min]
A68: =M25 -> 0 | B68: =N25 -> 35.110565 | C68: =P25 -> 106.28571 | D68: =R25 -> 8.4580292 | E68: =T25 -> 61.941032 | F68: =V25 -> 9.5414462 | G68: =X25 -> 41.414752 | H68: =AA25 -> 0
A69: =M26 -> 1000 | B69: =N26 -> 36.879607 | C69: =P26 -> 105.5774 | D69: =R26 -> 7.209854 | E69: =T26 -> 62.923833 | F69: =V26 -> 7.8835979 | G69: =X26 -> 43.639661 | H69: =AA26 -> 21.410826
A70: =M27 -> 2000 | B70: =N27 -> 38.845209 | C70: =P27 -> 104.98771 | D70: =R27 -> 6.0109489 | E70: =T27 -> 64.398034 | F70: =V27 -> 6.366843 | G70: =X27 -> 46.444982 | H70: =AA27 -> 46.832672
A71: =M28 -> 3000 | B71: =N28 -> 40.810811 | C71: =P28 -> 102.33415 | D71: =R28 -> 4.8613139 | E71: =T28 -> 65.479115 | F71: =V28 -> 4.973545 | G71: =X28 -> 49.443773 | H71: =AA28 -> 77.838404
A72: =M29 -> 4000 | B72: =N29 -> 42.972973 | C72: =P29 -> 99.97543 | D72: =R29 -> 3.7445255 | E72: =T29 -> 66.461916 | F72: =V29 -> 3.7389771 | G72: =X29 -> 52.732769 | H72: =AA29 -> 117.23526
A73: =M30 -> 5000 | B73: =N30 -> 45.429975 | C73: =P30 -> 96.339066 | D73: =R30 -> 2.7262774 | E73: =T30 -> 67.837838 | F73: =V30 -> 2.5573192 | G73: =X30 -> 55.73156 | H73: =AA30 -> 170.05668
A74: =M31 -> 6000 | B74: =N31 -> 47.985258 | C74: =P31 -> 92.211302 | D74: =R31 -> 1.7408759 | E74: =T31 -> 68.722359 | F74: =V31 -> 1.4991182 | G74: =X31 -> 59.697703 | H74: =AA31 -> 248.49201
A75: =M32 -> 7000 | B75: =N32 -> 52.014742 | C75: =P32 -> 84.742015 | D75: =R32 -> 0.65693431 | E75: =T32 -> 69.80344 | F75: =V32 -> 0.52910053 | G75: =X32 -> 64.147521 | H75: =AA32 -> 423.21249
A77: =M35 -> h [m] | B77: =N35 -> Vmin [m/s] | C77: =P35 -> Vmax [m/s] | D77: =R35 -> wmax [m/s] | E77: =T35 -> Vw [m/s] | F77: =V35 -> γmax [°] | G77: =X35 -> Vγ [m/s] | H77: =AA35 -> 10th [min]
A78: =M36 -> 0 | B78: =N36 -> 36.920589 | C78: =P36 -> 106.19656 | D78: =R36 -> 7.3658023 | E78: =T36 -> 60.708933 | F78: =V36 -> 8.1444724 | G78: =X36 -> 44.974568 | H78: =AA36 -> 0
A79: =M37 -> 1000 | B79: =N37 -> 38.807483 | C79: =P37 -> 104.91617 | D79: =R37 -> 6.1606826 | E79: =T37 -> 62.326271 | F79: =V37 -> 6.5701182 | G79: =X37 -> 47.822991 | H79: =AA37 -> 24.840184
A80: =M38 -> 2000 | B80: =N38 -> 40.829155 | C80: =P38 -> 103.23144 | D80: =R38 -> 5.0109707 | E80: =T38 -> 63.87622 | F80: =V38 -> 5.1269449 | G80: =X38 -> 50.508647 | H80: =AA38 -> 54.997001
A81: =M39 -> 3000 | B81: =N39 -> 42.918217 | C81: =P39 -> 101.07499 | D81: =R39 -> 3.8889628 | E81: =T39 -> 65.358779 | F81: =V39 -> 3.8311459 | G81: =X39 -> 54.008138 | H81: =AA39 -> 93.055343
A82: =M40 -> 4000 | B82: =N40 -> 45.074667 | C82: =P40 -> 98.17726 | D82: =R40 -> 2.8777704 | E82: =T40 -> 66.571783 | F82: =V40 -> 2.666561 | G82: =X40 -> 57.182096 | H82: =AA40 -> 143.44111
A83: =M41 -> 5000 | B83: =N41 -> 47.702841 | C83: =P41 -> 94.336083 | D83: =R41 -> 1.9912456 | E83: =T41 -> 67.650008 | F83: =V41 -> 1.8462385 | G83: =X41 -> 60.356053 | H83: =AA41 -> 214.24857
A84: =M42 -> 6000 | B84: =N42 -> 50.331015 | C84: =P42 -> 88.271066 | D84: =R42 -> 0.95234929 | E84: =T42 -> 69.065179 | F84: =V42 -> 0.82906125 | G84: =X42 -> 64.181078 | H84: =AA42 -> 343.60133
A87: =M46 -> h [m] | B87: =N46 -> Vmin [m/s] | C87: =P46 -> Vmax [m/s] | D87: =R46 -> wmax [m/s] | E87: =T46 -> Vw [m/s] | F87: =V46 -> γmax [°] | G87: =X46 -> Vγ [m/s] | H87: =AA46 -> 10th [min]
A88: =M47 -> 0 | B88: =N47 -> 36.920589 | C88: =P47 -> 106.60089 | D88: =R47 -> 7.3103945 | E88: =T47 -> 64.213165 | F88: =V47 -> 7.9644281 | G88: =X47 -> 43.591048 | H88: =AA47 -> 0
A89: =M48 -> 1000 | B89: =N48 -> 38.807483 | C89: =P48 -> 105.65745 | D89: =R48 -> 6.063719 | E89: =T48 -> 65.493558 | F89: =V48 -> 6.3900238 | G89: =X48 -> 46.683622 | H89: =AA48 -> 25.142235
A90: =M49 -> 2000 | B90: =N49 -> 40.761766 | C90: =P49 -> 103.23144 | D90: =R49 -> 4.9001551 | E90: =T49 -> 66.841339 | F90: =V49 -> 5.0124744 | G90: =X49 -> 49.125127 | H90: =AA49 -> 55.89144
A91: =M50 -> 3000 | B91: =N50 -> 42.918217 | C91: =P50 -> 100.94021 | D91: =R50 -> 3.7781472 | E91: =T50 -> 68.323899 | F91: =V50 -> 3.7330854 | G91: =X50 -> 52.543235 | H91: =AA50 -> 94.954371
A92: =M51 -> 4000 | B92: =N51 -> 45.142056 | C92: =P51 -> 97.638148 | D92: =R51 -> 2.7253989 | E92: =T51 -> 69.739069 | F92: =V51 -> 2.5519904 | G92: =X51 -> 56.286877 | H92: =AA51 -> 147.5876
A93: =M52 -> 5000 | B93: =N52 -> 47.77023 | C93: =P52 -> 93.79697 | D93: =R52 -> 1.7142066 | E93: =T52 -> 70.817295 | F93: =V52 -> 1.5511899 | G93: =X52 -> 60.193286 | H93: =AA52 -> 226.77752
A94: =M53 -> 6000 | B94: =N53 -> 51.880964 | C94: =P53 -> 87.327619 | D94: =R53 -> 0.73071809 | E94: =T53 -> 71.962909 | F94: =V53 -> 0.59953638 | G94: =X53 -> 64.262462 | H94: =AA53 -> 389.43395
V118: γ

Sheet Meotda CIągu, zmienna masa
A1: kąt pochylenia osi silnika fi | B1: φ | C1: =Podsumowanie!B29 -> 0.017453293 | D1: rad
A2: średnica śmigła | B2: D | C2: =Podsumowanie!B12 -> 1.84 | D2: m | K2: Metoda ciągu, zmienna masa, h=0m
A3: Współczynnik kierunkowy prostej Cz(a) | B3: a∞ | C3: =Podsumowanie!B16 -> 6.134 | D3: 1/rad | E3: =DEGREES(C6) -> -2.97 | K3: V [m/s] | L3: J | M3: ηs | N3: Nr [W] | O3: Ps [N] | P3: α [°] | Q3: γ [°] | R3: w [m/s] | S3: Nr/w | U3: γ | V3: [°] | W3: [rad] | X3: [rad] | Y3: [°] | Z3: α
A4: Moc silnika | B4: Nmax | C4: =Podsumowanie!B9 -> 446000 | D4: W | I4: =C$3*(X4-C$6) -> 1.5452115 | J4: =(C$14+G$11*(K$18-G14)/(K$18-G$14)) -> 2955.5 | K4: =SQRT(2*(C$14+G11)*C$12/C$5/C$15/G8) -> 36.916857 | L4: =K4/C$9/C$2 -> 0.46746294 | M4: =0.185*L4^3-0.9822*L4^2+1.6209*L4 -> 0.56197665 | N4: =G$9*M4 -> 250641.59 | O4: =N4/K4 -> 6789.3533 | P4: =Y4 -> 11.463338 | Q4: =V4 -> 7.900192 | R4: =K4*SIN(RADIANS(Q4)) -> 5.0741432 | S4: =(N4/1000)/(R4*3600) -> 0.013721068 | T4: 1 | U4: =0.5*G$8*C$5*C$3*(X4-C$6)*K4^2+N4/K4*SIN(X4-C$1)-C$12*(C$14+G$11*(K$18-K4)/(K$18-K$4))*COS(W4) -> -1.0570882e-05 | V4: =DEGREES(W4) -> 7.900192 | W4: 0.13788436 | X4: 0.200073 | Y4: =DEGREES(X4) -> 11.463338 | Z4: =-0.5*G$8*C$5*K4^2*(C$8+(C$3^2)*(X4-C$6)^2/(PI()*C$7))+N4/K4*COS(X4-C$1)-C$12*(C$14+G$11*(K$18-K4)/(K$18-K$4))*SIN(W4) -> -3.3001561e-07 | AB4: =T4 -> 1
A5: Powierzchnia nośna | B5: S | C5: =Podsumowanie!B3 -> 21.3 | D5: m2 | I5: =C$3*(X5-C$6) -> 1.4011738 | J5: =(C$14+G$11*(K$18-K5)/(K$18-G$14)) -> 2916.2143 | K5: =G$14+T4*G$13 -> 38.783391 | L5: =K5/C$9/C$2 -> 0.49109809 | M5: =0.185*L5^3-0.9822*L5^2+1.6209*L5 -> 0.58104823 | N5: =G$9*M5 -> 259147.51 | O5: =N5/K5 -> 6681.9199 | P5: =Y5 -> 10.117927 | Q5: =V5 -> 8.1240717 | R5: =K5*SIN(RADIANS(Q5)) -> 5.4807586 | S5: =(N5/1000)/(R5*3600) -> 0.013134207 | T5: 2 | U5: =0.5*G$8*C$5*C$3*(X5-C$6)*K5^2+N5/K5*SIN(X5-C$1)-C$12*(C$14+G$11*(K$18-K5)/(K$18-K$4))*COS(W5) -> 3.2278331e-07 | V5: =DEGREES(W5) -> 8.1240717 | W5: 0.1417918 | X5: 0.17659114 | Y5: =DEGREES(X5) -> 10.117927 | Z5: =-0.5*G$8*C$5*K5^2*(C$8+(C$3^2)*(X5-C$6)^2/(PI()*C$7))+N5/K5*COS(X5-C$1)-C$12*(C$14+G$11*(K$18-K5)/(K$18-K$4))*SIN(W5) -> -1.1342759e-06 | AB5: =T5 -> 2
A6: Kąt zerowej siły nośnej | B6: α0 | C6: =Podsumowanie!B30 -> -0.051836279 | D6: rad | I6: =C$3*(X6-C$6) -> 1.0743331 | J6: =(C$14+G$11*(K$18-K6)/(K$18-G$14)) -> 2876.9286 | K6: =G$14+T5*G$13 -> 44.261592 | L6: =K6/C$9/C$2 -> 0.56046628 | M6: =0.185*L6^3-0.9822*L6^2+1.6209*L6 -> 0.63249891 | N6: =G$9*M6 -> 282094.51 | O6: =N6/K6 -> 6373.3477 | P6: =Y6 -> 7.0650102 | Q6: =V6 -> 8.438312 | R6: =K6*SIN(RADIANS(Q6)) -> 6.4951449 | S6: =(N6/1000)/(R6*3600) -> 0.012064332 | T6: 3 | U6: =0.5*G$8*C$5*C$3*(X6-C$6)*K6^2+N6/K6*SIN(X6-C$1)-C$12*(C$14+G$11*(K$18-K6)/(K$18-K$4))*COS(W6) -> 5.255788e-08 | V6: =DEGREES(W6) -> 8.438312 | W6: 0.14727633 | X6: 0.12330769 | Y6: =DEGREES(X6) -> 7.0650102 | Z6: =-0.5*G$8*C$5*K6^2*(C$8+(C$3^2)*(X6-C$6)^2/(PI()*C$7))+N6/K6*COS(X6-C$1)-C$12*(C$14+G$11*(K$18-K6)/(K$18-K$4))*SIN(W6) -> -2.3719713e-07 | AB6: =T6 -> 3
A7: wydłużenie Oswalda | B7: Λe | C7: =Podsumowanie!B13 -> 5.884 | D7: - | F7: h | G7: 0 | H7: m | I7: =C$3*(X7-C$6) -> 0.84636715 | J7: =(C$14+G$11*(K$18-K7)/(K$18-G$14)) -> 2837.6429 | K7: =G$14+T6*G$13 -> 49.739792 | L7: =K7/C$9/C$2 -> 0.62983448 | M7: =0.185*L7^3-0.9822*L7^2+1.6209*L7 -> 0.67749059 | N7: =G$9*M7 -> 302160.8 | O7: =N7/K7 -> 6074.8304 | P7: =Y7 -> 4.9356514 | Q7: =V7 -> 8.3940696 | R7: =K7*SIN(RADIANS(Q7)) -> 7.2610464 | S7: =(N7/1000)/(R7*3600) -> 0.01155943 | T7: 4 | U7: =0.5*G$8*C$5*C$3*(X7-C$6)*K7^2+N7/K7*SIN(X7-C$1)-C$12*(C$14+G$11*(K$18-K7)/(K$18-K$4))*COS(W7) -> -0.00011757797 | V7: =DEGREES(W7) -> 8.3940696 | W7: 0.14650415 | X7: 0.086143368 | Y7: =DEGREES(X7) -> 4.9356514 | Z7: =-0.5*G$8*C$5*K7^2*(C$8+(C$3^2)*(X7-C$6)^2/(PI()*C$7))+N7/K7*COS(X7-C$1)-C$12*(C$14+G$11*(K$18-K7)/(K$18-K$4))*SIN(W7) -> -1.0342048e-05 | AB7: =T7 -> 4
A8: Minimalny współczynnik Cx z danych | B8: (Cx)min | C8: =Podsumowanie!B14 -> 0.02214 | D8: - | F8: ρh | G8: =C$11*(1-G7/44300)^4.256 -> 1.2255 | H8: kg/m3 | I8: =C$3*(X8-C$6) -> 0.68159633 | J8: =(C$14+G$11*(K$18-K8)/(K$18-G$14)) -> 2798.3571 | K8: =G$14+T7*G$13 -> 55.217993 | L8: =K8/C$9/C$2 -> 0.69920268 | M8: =0.185*L8^3-0.9822*L8^2+1.6209*L8 -> 0.71639379 | N8: =G$9*M8 -> 319511.63 | O8: =N8/K8 -> 5786.3681 | P8: =Y8 -> 3.3965786 | Q8: =V8 -> 8.1110662 | R8: =K8*SIN(RADIANS(Q8)) -> 7.7908416 | S8: =(N8/1000)/(R8*3600) -> 0.011391995 | T8: 5 | U8: =0.5*G$8*C$5*C$3*(X8-C$6)*K8^2+N8/K8*SIN(X8-C$1)-C$12*(C$14+G$11*(K$18-K8)/(K$18-K$4))*COS(W8) -> -5.495318e-05 | V8: =DEGREES(W8) -> 8.1110662 | W8: 0.14156481 | X8: 0.05928148 | Y8: =DEGREES(X8) -> 3.3965786 | Z8: =-0.5*G$8*C$5*K8^2*(C$8+(C$3^2)*(X8-C$6)^2/(PI()*C$7))+N8/K8*COS(X8-C$1)-C$12*(C$14+G$11*(K$18-K8)/(K$18-K$4))*SIN(W8) -> -3.8640037e-06 | AB8: =T8 -> 5
A9: Obroty silnika | B9: ns | C9: =Podsumowanie!B11 -> 42.92 | D9: 1/s | F9: Nh | G9: =C$4*((G8/C$11)-C$10)/(1-C$10) -> 446000 | H9: W | I9: =C$3*(X9-C$6) -> 0.55893185 | J9: =(C$14+G$11*(K$18-K9)/(K$18-G$14)) -> 2759.0714 | K9: =G$14+T8*G$13 -> 60.696194 | L9: =K9/C$9/C$2 -> 0.76857087 | M9: =0.185*L9^3-0.9822*L9^2+1.6209*L9 -> 0.74957903 | N9: =G$9*M9 -> 334312.25 | O9: =N9/K9 -> 5507.9607 | P9: =Y9 -> 2.250808 | Q9: =V9 -> 7.6575367 | R9: =K9*SIN(RADIANS(Q9)) -> 8.0878714 | S9: =(N9/1000)/(R9*3600) -> 0.011481947 | T9: 6 | U9: =0.5*G$8*C$5*C$3*(X9-C$6)*K9^2+N9/K9*SIN(X9-C$1)-C$12*(C$14+G$11*(K$18-K9)/(K$18-K$4))*COS(W9) -> -2.5338304e-05 | V9: =DEGREES(W9) -> 7.6575367 | W9: 0.13364923 | X9: 0.03928401 | Y9: =DEGREES(X9) -> 2.250808 | Z9: =-0.5*G$8*C$5*K9^2*(C$8+(C$3^2)*(X9-C$6)^2/(PI()*C$7))+N9/K9*COS(X9-C$1)-C$12*(C$14+G$11*(K$18-K9)/(K$18-K$4))*SIN(W9) -> -1.4336943e-06 | AB9: =T9 -> 6
A10: współczynnik korekcyjny | B10: k | C10: =Podsumowanie!B17 -> 0.12 | D10: - | F10: CN | G10: =G9/G8/C$9^3/C$2^5 -> 0.21824952 | H10: - | I10: =C$3*(X10-C$6) -> 0.46532178 | J10: =(C$14+G$11*(K$18-K10)/(K$18-G$14)) -> 2719.7857 | K10: =G$14+T9*G$13 -> 66.174394 | L10: =K10/C$9/C$2 -> 0.83793907 | M10: =0.185*L10^3-0.9822*L10^2+1.6209*L10 -> 0.77741682 | N10: =G$9*M10 -> 346727.9 | O10: =N10/K10 -> 5239.6082 | P10: =Y10 -> 1.3764255 | Q10: =V10 -> 7.0741738 | R10: =K10*SIN(RADIANS(Q10)) -> 8.1496525 | S10: =(N10/1000)/(R10*3600) -> 0.011818087 | T10: 7 | U10: =0.5*G$8*C$5*C$3*(X10-C$6)*K10^2+N10/K10*SIN(X10-C$1)-C$12*(C$14+G$11*(K$18-K10)/(K$18-K$4))*COS(W10) -> -1.0119536e-05 | V10: =DEGREES(W10) -> 7.0741738 | W10: 0.12346762 | X10: 0.024023156 | Y10: =DEGREES(X10) -> 1.3764255 | Z10: =-0.5*G$8*C$5*K10^2*(C$8+(C$3^2)*(X10-C$6)^2/(PI()*C$7))+N10/K10*COS(X10-C$1)-C$12*(C$14+G$11*(K$18-K10)/(K$18-K$4))*SIN(W10) -> -4.5463548e-07 | AB10: =T10 -> 7
A11: gęstość powietrza przy ziemii | B11: ρ | C11: =Podsumowanie!B2 -> 1.2255 | D11: kg/m3 | F11: mph | G11: =C13 -> 550 | H11: kg | I11: =C$3*(X11-C$6) -> 0.39236429 | J11: =(C$14+G$11*(K$18-K11)/(K$18-G$14)) -> 2680.5 | K11: =G$14+T10*G$13 -> 71.652595 | L11: =K11/C$9/C$2 -> 0.90730727 | M11: =0.185*L11^3-0.9822*L11^2+1.6209*L11 -> 0.80027767 | N11: =G$9*M11 -> 356923.84 | O11: =N11/K11 -> 4981.3107 | P11: =Y11 -> 0.69495239 | Q11: =V11 -> 6.3860485 | R11: =K11*SIN(RADIANS(Q11)) -> 7.9696994 | S11: =(N11/1000)/(R11*3600) -> 0.012440307 | T11: 8 | U11: =0.5*G$8*C$5*C$3*(X11-C$6)*K11^2+N11/K11*SIN(X11-C$1)-C$12*(C$14+G$11*(K$18-K11)/(K$18-K$4))*COS(W11) -> -2.526438e-06 | V11: =DEGREES(W11) -> 6.3860485 | W11: 0.11145757 | X11: 0.012129207 | Y11: =DEGREES(X11) -> 0.69495239 | Z11: =-0.5*G$8*C$5*K11^2*(C$8+(C$3^2)*(X11-C$6)^2/(PI()*C$7))+N11/K11*COS(X11-C$1)-C$12*(C$14+G$11*(K$18-K11)/(K$18-K$4))*SIN(W11) -> -7.5802291e-08 | AB11: =T11 -> 8
A12: Przyspieszenie grawitacyjne | B12: g | C12: =Podsumowanie!B1 -> 9.81 | D12: m/s2 | F12: dmp | G12: {=(G25-G7)*C$16*MIN(IF(S4:S18>0,S4:S18))} -> 3.5315186 | H12: kg | I12: =C$3*(X12-C$6) -> 0.33446527 | J12: =(C$14+G$11*(K$18-K12)/(K$18-G$14)) -> 2641.2143 | K12: =G$14+T11*G$13 -> 77.130796 | L12: =K12/C$9/C$2 -> 0.97667546 | M12: =0.185*L12^3-0.9822*L12^2+1.6209*L12 -> 0.8185321 | N12: =G$9*M12 -> 365065.32 | O12: =N12/K12 -> 4733.0682 | P12: =Y12 -> 0.15413567 | Q12: =V12 -> 5.6089053 | R12: =K12*SIN(RADIANS(Q12)) -> 7.5385776 | S12: =(N12/1000)/(R12*3600) -> 0.013451746 | T12: 9 | U12: =0.5*G$8*C$5*C$3*(X12-C$6)*K12^2+N12/K12*SIN(X12-C$1)-C$12*(C$14+G$11*(K$18-K12)/(K$18-K$4))*COS(W12) -> -1.7978891e-08 | V12: =DEGREES(W12) -> 5.6089053 | W12: 0.097893865 | X12: 0.002690175 | Y12: =DEGREES(X12) -> 0.15413567 | Z12: =-0.5*G$8*C$5*K12^2*(C$8+(C$3^2)*(X12-C$6)^2/(PI()*C$7))+N12/K12*COS(X12-C$1)-C$12*(C$14+G$11*(K$18-K12)/(K$18-K$4))*SIN(W12) -> 1.7542334e-08 | AB12: =T12 -> 9
A13: Masa paliwa | B13: mp | C13: =Podsumowanie!B5 -> 550 | D13: kg | F13: v | G13: =(K18-G14)/T17 -> 5.4782007 | H13: m/s | I13: =C$3*(X13-C$6) -> 0.28778967 | J13: =(C$14+G$11*(K$18-K13)/(K$18-G$14)) -> 2601.9286 | K13: =G$14+T12*G$13 -> 82.608997 | L13: =K13/C$9/C$2 -> 1.0460437 | M13: =0.185*L13^3-0.9822*L13^2+1.6209*L13 -> 0.83255062 | N13: =G$9*M13 -> 371317.58 | O13: =N13/K13 -> 4494.8806 | P13: =Y13 -> -0.28184649 | Q13: =V13 -> 4.7526561 | R13: =K13*SIN(RADIANS(Q13)) -> 6.8445193 | S13: =(N13/1000)/(R13*3600) -> 0.015069542 | T13: 10 | U13: =0.5*G$8*C$5*C$3*(X13-C$6)*K13^2+N13/K13*SIN(X13-C$1)-C$12*(C$14+G$11*(K$18-K13)/(K$18-K$4))*COS(W13) -> -2.9703006e-07 | V13: =DEGREES(W13) -> 4.7526561 | W13: 0.082949497 | X13: -0.0049191493 | Y13: =DEGREES(X13) -> -0.28184649 | Z13: =-0.5*G$8*C$5*K13^2*(C$8+(C$3^2)*(X13-C$6)^2/(PI()*C$7))+N13/K13*COS(X13-C$1)-C$12*(C$14+G$11*(K$18-K13)/(K$18-K$4))*SIN(W13) -> 1.8508217e-09 | AB13: =T13 -> 10
A14: Miminalna masa samolotu | B14: mmin | C14: =Podsumowanie!B7 -> 2405.5 | D14: kg | F14: Vmin | G14: =SQRT(2*(C$14)*C$12/C$5/C$15/G8) -> 33.30519 | H14: m/s | I14: =C$3*(X14-C$6) -> 0.24964072 | J14: =(C$14+G$11*(K$18-K14)/(K$18-G$14)) -> 2562.6429 | K14: =G$14+T13*G$13 -> 88.087197 | L14: =K14/C$9/C$2 -> 1.1154119 | M14: =0.185*L14^3-0.9822*L14^2+1.6209*L14 -> 0.84270374 | N14: =G$9*M14 -> 375845.87 | O14: =N14/K14 -> 4266.748 | P14: =Y14 -> -0.63818398 | Q14: =V14 -> 3.8234034 | R14: =K14*SIN(RADIANS(Q14)) -> 5.8737832 | S14: =(N14/1000)/(R14*3600) -> 0.017774171 | T14: 11 | U14: =0.5*G$8*C$5*C$3*(X14-C$6)*K14^2+N14/K14*SIN(X14-C$1)-C$12*(C$14+G$11*(K$18-K14)/(K$18-K$4))*COS(W14) -> -8.3558916e-07 | V14: =DEGREES(W14) -> 3.8234034 | W14: 0.066730978 | X14: -0.011138412 | Y14: =DEGREES(X14) -> -0.63818398 | Z14: =-0.5*G$8*C$5*K14^2*(C$8+(C$3^2)*(X14-C$6)^2/(PI()*C$7))+N14/K14*COS(X14-C$1)-C$12*(C$14+G$11*(K$18-K14)/(K$18-K$4))*SIN(W14) -> -1.6191734e-08 | AB14: =T14 -> 11
A15: maksymalny współczynnik siły nośnej | B15: Czmax | C15: =Podsumowanie!B15 -> 1.63 | D15: - | I15: =C$3*(X15-C$6) -> 0.21807923 | J15: =(C$14+G$11*(K$18-K15)/(K$18-G$14)) -> 2523.3571 | K15: =G$14+T14*G$13 -> 93.565398 | L15: =K15/C$9/C$2 -> 1.1847801 | M15: =0.185*L15^3-0.9822*L15^2+1.6209*L15 -> 0.84936198 | N15: =G$9*M15 -> 378815.44 | O15: =N15/K15 -> 4048.6703 | P15: =Y15 -> -0.93298996 | Q15: =V15 -> 2.8246509 | R15: =K15*SIN(RADIANS(Q15)) -> 4.6108552 | S15: =(N15/1000)/(R15*3600) -> 0.022821474 | T15: 12 | U15: =0.5*G$8*C$5*C$3*(X15-C$6)*K15^2+N15/K15*SIN(X15-C$1)-C$12*(C$14+G$11*(K$18-K15)/(K$18-K$4))*COS(W15) -> -5.9337253e-07 | V15: =DEGREES(W15) -> 2.8246509 | W15: 0.049299459 | X15: -0.016283747 | Y15: =DEGREES(X15) -> -0.93298996 | Z15: =-0.5*G$8*C$5*K15^2*(C$8+(C$3^2)*(X15-C$6)^2/(PI()*C$7))+N15/K15*COS(X15-C$1)-C$12*(C$14+G$11*(K$18-K15)/(K$18-K$4))*SIN(W15) -> -1.1696557e-08 | AB15: =T15 -> 12
A16: Jednostkowe zużycie paliwa | B16: qe | C16: =Podsumowanie!B32 -> 0.31 | D16: kg/kWh | I16: =C$3*(X16-C$6) -> 0.19168305 | J16: =(C$14+G$11*(K$18-K16)/(K$18-G$14)) -> 2484.0714 | K16: =G$14+T15*G$13 -> 99.043599 | L16: =K16/C$9/C$2 -> 1.2541482 | M16: =0.185*L16^3-0.9822*L16^2+1.6209*L16 -> 0.85289586 | N16: =G$9*M16 -> 380391.55 | O16: =N16/K16 -> 3840.6475 | P16: =Y16 -> -1.1795484 | Q16: =V16 -> 1.758047 | R16: =K16*SIN(RADIANS(Q16)) -> 3.0385481 | S16: =(N16/1000)/(R16*3600) -> 0.034774608 | T16: 13 | U16: =0.5*G$8*C$5*C$3*(X16-C$6)*K16^2+N16/K16*SIN(X16-C$1)-C$12*(C$14+G$11*(K$18-K16)/(K$18-K$4))*COS(W16) -> -2.8164141e-07 | V16: =DEGREES(W16) -> 1.758047 | W16: 0.030683709 | X16: -0.020587004 | Y16: =DEGREES(X16) -> -1.1795484 | Z16: =-0.5*G$8*C$5*K16^2*(C$8+(C$3^2)*(X16-C$6)^2/(PI()*C$7))+N16/K16*COS(X16-C$1)-C$12*(C$14+G$11*(K$18-K16)/(K$18-K$4))*SIN(W16) -> -4.6806008e-09 | AB16: =T16 -> 13
B17: Czmax- | C17: =Podsumowanie!B33 -> -1.173 | I17: =C$3*(X17-C$6) -> 0.16939072 | J17: =(C$14+G$11*(K$18-K17)/(K$18-G$14)) -> 2444.7857 | K17: =G$14+T16*G$13 -> 104.5218 | L17: =K17/C$9/C$2 -> 1.3235164 | M17: =0.185*L17^3-0.9822*L17^2+1.6209*L17 -> 0.85367587 | N17: =G$9*M17 -> 380739.44 | O17: =N17/K17 -> 3642.6797 | P17: =Y17 -> -1.3877742 | Q17: =V17 -> 0.62384847 | R17: =K17*SIN(RADIANS(Q17)) -> 1.1380328 | S17: =(N17/1000)/(R17*3600) -> 0.092933134 | T17: 14 | U17: =0.5*G$8*C$5*C$3*(X17-C$6)*K17^2+N17/K17*SIN(X17-C$1)-C$12*(C$14+G$11*(K$18-K17)/(K$18-K$4))*COS(W17) -> -1.1749216e-07 | V17: =DEGREES(W17) -> 0.62384847 | W17: 0.01088821 | X17: -0.024221228 | Y17: =DEGREES(X17) -> -1.3877742 | Z17: =-0.5*G$8*C$5*K17^2*(C$8+(C$3^2)*(X17-C$6)^2/(PI()*C$7))+N17/K17*COS(X17-C$1)-C$12*(C$14+G$11*(K$18-K17)/(K$18-K$4))*SIN(W17) -> -1.93495e-09 | AB17: =T17 -> 14
I18: =C$3*(X18-C$6) -> 0.15039743 | J18: =(C$14+G$11*(K$18-K18)/(K$18-G$14)) -> 2405.5 | K18: 110 | L18: =K18/C$9/C$2 -> 1.3928846 | M18: =0.185*L18^3-0.9822*L18^2+1.6209*L18 -> 0.85207255 | N18: =G$9*M18 -> 380024.36 | O18: =N18/K18 -> 3454.7669 | P18: =Y18 -> -1.5651845 | Q18: =V18 -> -0.57879071 | R18: =K18*SIN(RADIANS(Q18)) -> -1.1111795 | S18: =(N18/1000)/(R18*3600) -> -0.095000243 | T18: 15 | U18: =0.5*G$8*C$5*C$3*(X18-C$6)*K18^2+N18/K18*SIN(X18-C$1)-C$12*(C$14+G$11*(K$18-K18)/(K$18-K$4))*COS(W18) -> 0.00011893759 | V18: =DEGREES(W18) -> -0.57879071 | W18: -0.010101803 | X18: -0.027317624 | Y18: =DEGREES(X18) -> -1.5651845 | Z18: =-0.5*G$8*C$5*K18^2*(C$8+(C$3^2)*(X18-C$6)^2/(PI()*C$7))+N18/K18*COS(X18-C$1)-C$12*(C$14+G$11*(K$18-K18)/(K$18-K$4))*SIN(W18) -> -1.3769417e-05 | AB18: =T18 -> 15
K20: Metoda ciągu, zmienna masa, h=1000m
K21: V [m/s] | L21: J | M21: ηs | N21: Nr [W] | O21: Ps [N] | P21: α [°] | Q21: γ [°] | R21: w [m/s] | S21: Nr/w | U21: γ | V21: [°] | W21: [rad] | X21: [rad] | Y21: [°] | Z21: α
K22: =SQRT(2*(C$14+G29)*C$12/C$5/C$15/G26) -> 38.731649 | L22: =K22/C$9/C$2 -> 0.4904429 | M22: =0.1881*L22^3-0.9979*L22^2+1.6359*L22 -> 0.58447626 | N22: =G$27*M22 -> 233245.81 | O22: =N22/K22 -> 6022.0985 | P22: =Y22 -> 11.581042 | Q22: =V22 -> 6.3322338 | R22: =K22*SIN(RADIANS(Q22)) -> 4.2718484 | S22: =(N22/1000)/(R22*3600) -> 0.015166854 | T22: 1 | U22: =0.5*G$26*C$5*C$3*(X22-C$6)*K22^2+N22/K22*SIN(X22-C$1)-C$12*(C$14+G$29*(K$36-K22)/(K$36-K$22))*COS(W22) -> -1.0910298e-08 | V22: =DEGREES(W22) -> 6.3322338 | W22: 0.11051833 | X22: 0.20212731 | Y22: =DEGREES(X22) -> 11.581042 | Z22: =-0.5*G$26*C$5*K22^2*(C$8+(C$3^2)*(X22-C$6)^2/(PI()*C$7))+N22/K22*COS(X22-C$1)-C$12*(C$14+G$29*(K$36-K22)/(K$36-K$22))*SIN(W22) -> -2.1918822e-10 | AB22: =T22 -> 1
K23: =G$32+T22*G$31 -> 40.323093 | L23: =K23/C$9/C$2 -> 0.5105947 | M23: =0.1881*L23^3-0.9979*L23^2+1.6359*L23 -> 0.60016145 | N23: =G$27*M23 -> 239505.26 | O23: =N23/K23 -> 5939.655 | P23: =Y23 -> 10.455046 | Q23: =V23 -> 6.5321219 | R23: =K23*SIN(RADIANS(Q23)) -> 4.5871642 | S23: =(N23/1000)/(R23*3600) -> 0.014503348 | T23: 2 | U23: =0.5*G$26*C$5*C$3*(X23-C$6)*K23^2+N23/K23*SIN(X23-C$1)-C$12*(C$14+G$29*(K$36-K23)/(K$36-K$22))*COS(W23) -> 5.2733958e-07 | V23: =DEGREES(W23) -> 6.5321219 | W23: 0.11400703 | X23: 0.18247498 | Y23: =DEGREES(X23) -> 10.455046 | Z23: =-0.5*G$26*C$5*K23^2*(C$8+(C$3^2)*(X23-C$6)^2/(PI()*C$7))+N23/K23*COS(X23-C$1)-C$12*(C$14+G$29*(K$36-K23)/(K$36-K$22))*SIN(W23) -> -1.805276e-06 | AB23: =T23 -> 2
K24: =G$32+T23*G$31 -> 45.682855 | L24: =K24/C$9/C$2 -> 0.57846316 | M24: =0.1881*L24^3-0.9979*L24^2+1.6359*L24 -> 0.64880056 | N24: =G$27*M24 -> 258915.58 | O24: =N24/K24 -> 5667.675 | P24: =Y24 -> 7.4579507 | Q24: =V24 -> 6.903828 | R24: =K24*SIN(RADIANS(Q24)) -> 5.4912238 | S24: =(N24/1000)/(R24*3600) -> 0.013097444 | T24: 3 | U24: =0.5*G$26*C$5*C$3*(X24-C$6)*K24^2+N24/K24*SIN(X24-C$1)-C$12*(C$14+G$29*(K$36-K24)/(K$36-K$22))*COS(W24) -> 1.0032454e-07 | V24: =DEGREES(W24) -> 6.903828 | W24: 0.12049453 | X24: 0.1301658 | Y24: =DEGREES(X24) -> 7.4579507 | Z24: =-0.5*G$26*C$5*K24^2*(C$8+(C$3^2)*(X24-C$6)^2/(PI()*C$7))+N24/K24*COS(X24-C$1)-C$12*(C$14+G$29*(K$36-K24)/(K$36-K$22))*SIN(W24) -> -4.3513955e-07 | AB24: =T24 -> 3
F25: h | G25: 1000 | H25: m | K25: =G$32+T24*G$31 -> 51.042618 | L25: =K25/C$9/C$2 -> 0.64633162 | M25: =0.1881*L25^3-0.9979*L25^2+1.6359*L25 -> 0.69125388 | N25: =G$27*M25 -> 275857.34 | O25: =N25/K25 -> 5404.4514 | P25: =Y25 -> 5.3305515 | Q25: =V25 -> 6.9411445 | R25: =K25*SIN(RADIANS(Q25)) -> 6.1684858 | S25: =(N25/1000)/(R25*3600) -> 0.012422342 | T25: 4 | U25: =0.5*G$26*C$5*C$3*(X25-C$6)*K25^2+N25/K25*SIN(X25-C$1)-C$12*(C$14+G$29*(K$36-K25)/(K$36-K$22))*COS(W25) -> -0.00016862762 | V25: =DEGREES(W25) -> 6.9411445 | W25: 0.12114583 | X25: 0.093035674 | Y25: =DEGREES(X25) -> 5.3305515 | Z25: =-0.5*G$26*C$5*K25^2*(C$8+(C$3^2)*(X25-C$6)^2/(PI()*C$7))+N25/K25*COS(X25-C$1)-C$12*(C$14+G$29*(K$36-K25)/(K$36-K$22))*SIN(W25) -> -1.5675193e-05 | AB25: =T25 -> 4
F26: ρh | G26: =C$11*(1-G25/44300)^4.256 -> 1.1120173 | H26: kg/m3 | K26: =G$32+T25*G$31 -> 56.40238 | L26: =K26/C$9/C$2 -> 0.71420007 | M26: =0.1881*L26^3-0.9979*L26^2+1.6359*L26 -> 0.72787424 | N26: =G$27*M26 -> 290471.36 | O26: =N26/K26 -> 5149.9841 | P26: =Y26 -> 3.7708792 | Q26: =V26 -> 6.7517717 | R26: =K26*SIN(RADIANS(Q26)) -> 6.6311209 | S26: =(N26/1000)/(R26*3600) -> 0.012167851 | T26: 5 | U26: =0.5*G$26*C$5*C$3*(X26-C$6)*K26^2+N26/K26*SIN(X26-C$1)-C$12*(C$14+G$29*(K$36-K26)/(K$36-K$22))*COS(W26) -> -7.656424e-05 | V26: =DEGREES(W26) -> 6.7517717 | W26: 0.11784065 | X26: 0.065814258 | Y26: =DEGREES(X26) -> 3.7708792 | Z26: =-0.5*G$26*C$5*K26^2*(C$8+(C$3^2)*(X26-C$6)^2/(PI()*C$7))+N26/K26*COS(X26-C$1)-C$12*(C$14+G$29*(K$36-K26)/(K$36-K$22))*SIN(W26) -> -5.7635884e-06 | AB26: =T26 -> 5
F27: Nh | G27: =C$4*((G26/C$11)-C$10)/(1-C$10) -> 399068.06 | H27: W | K27: =G$32+T26*G$31 -> 61.762142 | L27: =K27/C$9/C$2 -> 0.78206853 | M27: =0.1881*L27^3-0.9979*L27^2+1.6359*L27 -> 0.75901443 | N27: =G$27*M27 -> 302898.41 | O27: =N27/K27 -> 4904.2732 | P27: =Y27 -> 2.5961083 | Q27: =V27 -> 6.398851 | R27: =K27*SIN(RADIANS(Q27)) -> 6.8833292 | S27: =(N27/1000)/(R27*3600) -> 0.012223511 | T27: 6 | U27: =0.5*G$26*C$5*C$3*(X27-C$6)*K27^2+N27/K27*SIN(X27-C$1)-C$12*(C$14+G$29*(K$36-K27)/(K$36-K$22))*COS(W27) -> -3.5700865e-05 | V27: =DEGREES(W27) -> 6.398851 | W27: 0.11168102 | X27: 0.045310637 | Y27: =DEGREES(X27) -> 2.5961083 | Z27: =-0.5*G$26*C$5*K27^2*(C$8+(C$3^2)*(X27-C$6)^2/(PI()*C$7))+N27/K27*COS(X27-C$1)-C$12*(C$14+G$29*(K$36-K27)/(K$36-K$22))*SIN(W27) -> -2.1828578e-06 | AB27: =T27 -> 6
F28: CN | G28: =G27/G26/C$9^3/C$2^5 -> 0.21521234 | H28: - | K28: =G$32+T27*G$31 -> 67.121904 | L28: =K28/C$9/C$2 -> 0.84993699 | M28: =0.1881*L28^3-0.9979*L28^2+1.6359*L28 -> 0.78502728 | N28: =G$27*M28 -> 313279.31 | O28: =N28/K28 -> 4667.3187 | P28: =Y28 -> 1.6908053 | Q28: =V28 -> 5.9209475 | R28: =K28*SIN(RADIANS(Q28)) -> 6.9240403 | S28: =(N28/1000)/(R28*3600) -> 0.0125681 | T28: 7 | U28: =0.5*G$26*C$5*C$3*(X28-C$6)*K28^2+N28/K28*SIN(X28-C$1)-C$12*(C$14+G$29*(K$36-K28)/(K$36-K$22))*COS(W28) -> -1.544031e-05 | V28: =DEGREES(W28) -> 5.9209475 | W28: 0.10334003 | X28: 0.029510119 | Y28: =DEGREES(X28) -> 1.6908053 | Z28: =-0.5*G$26*C$5*K28^2*(C$8+(C$3^2)*(X28-C$6)^2/(PI()*C$7))+N28/K28*COS(X28-C$1)-C$12*(C$14+G$29*(K$36-K28)/(K$36-K$22))*SIN(W28) -> -7.6592232e-07 | AB28: =T28 -> 7
F29: mph | G29: =G11-G12 -> 546.46848 | H29: kg | K29: =G$32+T28*G$31 -> 72.481666 | L29: =K29/C$9/C$2 -> 0.91780544 | M29: =0.1881*L29^3-0.9979*L29^2+1.6359*L29 -> 0.8062656 | N29: =G$27*M29 -> 321754.85 | O29: =N29/K29 -> 4439.1205 | P29: =Y29 -> 0.97940563 | Q29: =V29 -> 5.3423394 | R29: =K29*SIN(RADIANS(Q29)) -> 6.7485044 | S29: =(N29/1000)/(R29*3600) -> 0.013243875 | T29: 8 | U29: =0.5*G$26*C$5*C$3*(X29-C$6)*K29^2+N29/K29*SIN(X29-C$1)-C$12*(C$14+G$29*(K$36-K29)/(K$36-K$22))*COS(W29) -> -5.2358046e-06 | V29: =DEGREES(W29) -> 5.3423394 | W29: 0.093241412 | X29: 0.017093853 | Y29: =DEGREES(X29) -> 0.97940563 | Z29: =-0.5*G$26*C$5*K29^2*(C$8+(C$3^2)*(X29-C$6)^2/(PI()*C$7))+N29/K29*COS(X29-C$1)-C$12*(C$14+G$29*(K$36-K29)/(K$36-K$22))*SIN(W29) -> -1.9984691e-07 | AB29: =T29 -> 8
F30: dmp | G30: {=(G43-G25)*C$16*MIN(IF(S22:S36>0,S22:S36))} -> 3.7720337 | H30: kg | K30: =G$32+T29*G$31 -> 77.841428 | L30: =K30/C$9/C$2 -> 0.9856739 | M30: =0.1881*L30^3-0.9979*L30^2+1.6359*L30 -> 0.8230822 | N30: =G$27*M30 -> 328465.82 | O30: =N30/K30 -> 4219.6787 | P30: =Y30 -> 0.41087386 | Q30: =V30 -> 4.6786042 | R30: =K30*SIN(RADIANS(Q30)) -> 6.3492397 | S30: =(N30/1000)/(R30*3600) -> 0.014370304 | T30: 9 | U30: =0.5*G$26*C$5*C$3*(X30-C$6)*K30^2+N30/K30*SIN(X30-C$1)-C$12*(C$14+G$29*(K$36-K30)/(K$36-K$22))*COS(W30) -> -5.2681935e-07 | V30: =DEGREES(W30) -> 4.6786042 | W30: 0.081657047 | X30: 0.0071711017 | Y30: =DEGREES(X30) -> 0.41087386 | Z30: =-0.5*G$26*C$5*K30^2*(C$8+(C$3^2)*(X30-C$6)^2/(PI()*C$7))+N30/K30*COS(X30-C$1)-C$12*(C$14+G$29*(K$36-K30)/(K$36-K$22))*SIN(W30) -> 1.9949766e-09 | AB30: =T30 -> 9
F31: v | G31: =(K36-G32)/T35 -> 5.359762 | H31: m/s | K31: =G$32+T30*G$31 -> 83.20119 | L31: =K31/C$9/C$2 -> 1.0535424 | M31: =0.1881*L31^3-0.9979*L31^2+1.6359*L31 -> 0.83582989 | N31: =G$27*M31 -> 333553.01 | O31: =N31/K31 -> 4008.9933 | P31: =Y31 -> -0.050208675 | Q31: =V31 -> 3.9397931 | R31: =K31*SIN(RADIANS(Q31)) -> 5.7166029 | S31: =(N31/1000)/(R31*3600) -> 0.01620781 | T31: 10 | U31: =0.5*G$26*C$5*C$3*(X31-C$6)*K31^2+N31/K31*SIN(X31-C$1)-C$12*(C$14+G$29*(K$36-K31)/(K$36-K$22))*COS(W31) -> -3.1534e-08 | V31: =DEGREES(W31) -> 3.9397931 | W31: 0.068762362 | X31: -0.00087630669 | Y31: =DEGREES(X31) -> -0.050208675 | Z31: =-0.5*G$26*C$5*K31^2*(C$8+(C$3^2)*(X31-C$6)^2/(PI()*C$7))+N31/K31*COS(X31-C$1)-C$12*(C$14+G$29*(K$36-K31)/(K$36-K$22))*SIN(W31) -> 1.2434612e-08 | AB31: =T31 -> 10
G32: =SQRT(2*(C$14)*C$12/C$5/C$15/G26) -> 34.963331 | K32: =G$32+T31*G$31 -> 88.560952 | L32: =K32/C$9/C$2 -> 1.1214108 | M32: =0.1881*L32^3-0.9979*L32^2+1.6359*L32 -> 0.84486149 | N32: =G$27*M32 -> 337157.23 | O32: =N32/K32 -> 3807.0642 | P32: =Y32 -> -0.42901446 | Q32: =V32 -> 3.1323059 | R32: =K32*SIN(RADIANS(Q32)) -> 4.8391319 | S32: =(N32/1000)/(R32*3600) -> 0.019353634 | T32: 11 | U32: =0.5*G$26*C$5*C$3*(X32-C$6)*K32^2+N32/K32*SIN(X32-C$1)-C$12*(C$14+G$29*(K$36-K32)/(K$36-K$22))*COS(W32) -> -5.9508966e-07 | V32: =DEGREES(W32) -> 3.1323059 | W32: 0.054669051 | X32: -0.0074877148 | Y32: =DEGREES(X32) -> -0.42901446 | Z32: =-0.5*G$26*C$5*K32^2*(C$8+(C$3^2)*(X32-C$6)^2/(PI()*C$7))+N32/K32*COS(X32-C$1)-C$12*(C$14+G$29*(K$36-K32)/(K$36-K$22))*SIN(W32) -> -9.5792529e-09 | AB32: =T32 -> 11
K33: =G$32+T32*G$31 -> 93.920714 | L33: =K33/C$9/C$2 -> 1.1892793 | M33: =0.1881*L33^3-0.9979*L33^2+1.6359*L33 -> 0.8505298 | N33: =G$27*M33 -> 339419.28 | O33: =N33/K33 -> 3613.8916 | P33: =Y33 -> -0.74381317 | Q33: =V33 -> 2.2600336 | R33: =K33*SIN(RADIANS(Q33)) -> 3.7037445 | S33: =(N33/1000)/(R33*3600) -> 0.025456165 | T33: 12 | U33: =0.5*G$26*C$5*C$3*(X33-C$6)*K33^2+N33/K33*SIN(X33-C$1)-C$12*(C$14+G$29*(K$36-K33)/(K$36-K$22))*COS(W33) -> -6.5404311e-07 | V33: =DEGREES(W33) -> 2.2600336 | W33: 0.039445028 | X33: -0.012981989 | Y33: =DEGREES(X33) -> -0.74381317 | Z33: =-0.5*G$26*C$5*K33^2*(C$8+(C$3^2)*(X33-C$6)^2/(PI()*C$7))+N33/K33*COS(X33-C$1)-C$12*(C$14+G$29*(K$36-K33)/(K$36-K$22))*SIN(W33) -> -1.2906412e-08 | AB33: =T33 -> 12
K34: =G$32+T33*G$31 -> 99.280476 | L34: =K34/C$9/C$2 -> 1.2571477 | M34: =0.1881*L34^3-0.9979*L34^2+1.6359*L34 -> 0.85318765 | N34: =G$27*M34 -> 340479.94 | O34: =N34/K34 -> 3429.4753 | P34: =Y34 -> -1.0081137 | Q34: =V34 -> 1.3250734 | R34: =K34*SIN(RADIANS(Q34)) -> 2.2958443 | S34: =(N34/1000)/(R34*3600) -> 0.041195198 | T34: 13 | U34: =0.5*G$26*C$5*C$3*(X34-C$6)*K34^2+N34/K34*SIN(X34-C$1)-C$12*(C$14+G$29*(K$36-K34)/(K$36-K$22))*COS(W34) -> -4.0907616e-07 | V34: =DEGREES(W34) -> 1.3250734 | W34: 0.023126893 | X34: -0.017594903 | Y34: =DEGREES(X34) -> -1.0081137 | Z34: =-0.5*G$26*C$5*K34^2*(C$8+(C$3^2)*(X34-C$6)^2/(PI()*C$7))+N34/K34*COS(X34-C$1)-C$12*(C$14+G$29*(K$36-K34)/(K$36-K$22))*SIN(W34) -> -7.4803665e-09 | AB34: =T34 -> 13
K35: =G$32+T34*G$31 -> 104.64024 | L35: =K35/C$9/C$2 -> 1.3250162 | M35: =0.1881*L35^3-0.9979*L35^2+1.6359*L35 -> 0.85318783 | N35: =G$27*M35 -> 340480.01 | O35: =N35/K35 -> 3253.8153 | P35: =Y35 -> -1.2320721 | Q35: =V35 -> 0.32818283 | R35: =K35*SIN(RADIANS(Q35)) -> 0.5993625 | S35: =(N35/1000)/(R35*3600) -> 0.15779729 | T35: 14 | U35: =0.5*G$26*C$5*C$3*(X35-C$6)*K35^2+N35/K35*SIN(X35-C$1)-C$12*(C$14+G$29*(K$36-K35)/(K$36-K$22))*COS(W35) -> -6.9048838e-08 | V35: =DEGREES(W35) -> 0.32818283 | W35: 0.0057278709 | X35: -0.021503715 | Y35: =DEGREES(X35) -> -1.2320721 | Z35: =-0.5*G$26*C$5*K35^2*(C$8+(C$3^2)*(X35-C$6)^2/(PI()*C$7))+N35/K35*COS(X35-C$1)-C$12*(C$14+G$29*(K$36-K35)/(K$36-K$22))*SIN(W35) -> -1.1209238e-09 | AB35: =T35 -> 14
K36: =K18 -> 110 | L36: =K36/C$9/C$2 -> 1.3928846 | M36: =0.1881*L36^3-0.9979*L36^2+1.6359*L36 -> 0.85088317 | N36: =G$27*M36 -> 339560.29 | O36: =N36/K36 -> 3086.9118 | P36: =Y36 -> -1.4234386 | Q36: =V36 -> -0.73092949 | R36: =K36*SIN(RADIANS(Q36)) -> -1.4032458 | S36: =(N36/1000)/(R36*3600) -> -0.067217235 | T36: 15 | U36: =0.5*G$26*C$5*C$3*(X36-C$6)*K36^2+N36/K36*SIN(X36-C$1)-C$12*(C$14+G$29*(K$36-K36)/(K$36-K$22))*COS(W36) -> 1.0955093e-05 | V36: =DEGREES(W36) -> -0.73092949 | W36: -0.012757126 | X36: -0.02484369 | Y36: =DEGREES(X36) -> -1.4234386 | Z36: =-0.5*G$26*C$5*K36^2*(C$8+(C$3^2)*(X36-C$6)^2/(PI()*C$7))+N36/K36*COS(X36-C$1)-C$12*(C$14+G$29*(K$36-K36)/(K$36-K$22))*SIN(W36) -> -1.6267628e-06 | AB36: =T36 -> 15
K38: Metoda ciągu, zmienna masa, h=2000m
K39: V [m/s] | L39: J | M39: ηs | N39: Nr [W] | O39: Ps [N] | P39: α [°] | Q39: γ [°] | R39: w [m/s] | S39: Nr/w | U39: γ | V39: [°] | W39: [rad] | X39: [rad] | Y39: [°] | Z39: α
K40: =SQRT(2*(C$14+G47)*C$12/C$5/C$15/G44) -> 40.680125 | L40: =K40/C$9/C$2 -> 0.51511565 | M40: =0.1906*L40^3-1.0151*L40^2+1.6538*L40 -> 0.60859919 | N40: =G$45*M40 -> 216378.69 | O40: =N40/K40 -> 5319.0272 | P40: =Y40 -> 11.680623 | Q40: =V40 -> 4.9044249 | R40: =K40*SIN(RADIANS(Q40)) -> 3.4779013 | S40: =(N40/1000)/(R40*3600) -> 0.017282029 | T40: 1 | U40: =0.5*G$44*C$5*C$3*(X40-C$6)*K40^2+N40/K40*SIN(X40-C$1)-C$12*(C$14+G$47*(K$54-K40)/(K$54-K$40))*COS(W40) -> -2.2046152e-08 | V40: =DEGREES(W40) -> 4.9044249 | W40: 0.085598362 | X40: 0.20386532 | Y40: =DEGREES(X40) -> 11.680623 | Z40: =-0.5*G$44*C$5*K40^2*(C$8+(C$3^2)*(X40-C$6)^2/(PI()*C$7))+N40/K40*COS(X40-C$1)-C$12*(C$14+G$47*(K$54-K40)/(K$54-K$40))*SIN(W40) -> -2.3464963e-10 | AB40: =T40 -> 1
K41: =G$50+T40*G$49 -> 41.978168 | L41: =K41/C$9/C$2 -> 0.53155222 | M41: =0.1906*L41^3-1.0151*L41^2+1.6538*L41 -> 0.62089283 | N41: =G$45*M41 -> 220749.52 | O41: =N41/K41 -> 5258.6744 | P41: =Y41 -> 10.78151 | Q41: =V41 -> 5.0729668 | R41: =K41*SIN(RADIANS(Q41)) -> 3.7118916 | S41: =(N41/1000)/(R41*3600) -> 0.016519693 | T41: 2 | U41: =0.5*G$44*C$5*C$3*(X41-C$6)*K41^2+N41/K41*SIN(X41-C$1)-C$12*(C$14+G$47*(K$54-K41)/(K$54-K$40))*COS(W41) -> 5.2768155e-07 | V41: =DEGREES(W41) -> 5.0729668 | W41: 0.088539974 | X41: 0.18817285 | Y41: =DEGREES(X41) -> 10.78151 | Z41: =-0.5*G$44*C$5*K41^2*(C$8+(C$3^2)*(X41-C$6)^2/(PI()*C$7))+N41/K41*COS(X41-C$1)-C$12*(C$14+G$47*(K$54-K41)/(K$54-K$40))*SIN(W41) -> -1.7688831e-06 | AB41: =T41 -> 2
K42: =G$50+T41*G$49 -> 47.210616 | L42: =K42/C$9/C$2 -> 0.59780856 | M42: =0.1906*L42^3-1.0151*L42^2+1.6538*L42 -> 0.6666045 | N42: =G$45*M42 -> 237001.64 | O42: =N42/K42 -> 5020.0921 | P42: =Y42 -> 7.853359 | Q42: =V42 -> 5.4906505 | R42: =K42*SIN(RADIANS(Q42)) -> 4.5172686 | S42: =(N42/1000)/(R42*3600) -> 0.014573805 | T42: 3 | U42: =0.5*G$44*C$5*C$3*(X42-C$6)*K42^2+N42/K42*SIN(X42-C$1)-C$12*(C$14+G$47*(K$54-K42)/(K$54-K$40))*COS(W42) -> 1.9154686e-07 | V42: =DEGREES(W42) -> 5.4906505 | W42: 0.095829929 | X42: 0.13706697 | Y42: =DEGREES(X42) -> 7.853359 | Z42: =-0.5*G$44*C$5*K42^2*(C$8+(C$3^2)*(X42-C$6)^2/(PI()*C$7))+N42/K42*COS(X42-C$1)-C$12*(C$14+G$47*(K$54-K42)/(K$54-K$40))*SIN(W42) -> -8.0025393e-07 | AB42: =T42 -> 3
F43: h | G43: 2000 | H43: m | K43: =G$50+T42*G$49 -> 52.443065 | L43: =K43/C$9/C$2 -> 0.6640649 | M43: =0.1906*L43^3-1.0151*L43^2+1.6538*L43 -> 0.70640497 | N43: =G$45*M43 -> 251152.13 | O43: =N43/K43 -> 4789.0436 | P43: =Y43 -> 5.7374641 | Q43: =V43 -> 5.5987883 | R43: =K43*SIN(RADIANS(Q43)) -> 5.1164425 | S43: =(N43/1000)/(R43*3600) -> 0.013635349 | T43: 4 | U43: =0.5*G$44*C$5*C$3*(X43-C$6)*K43^2+N43/K43*SIN(X43-C$1)-C$12*(C$14+G$47*(K$54-K43)/(K$54-K$40))*COS(W43) -> 4.2644388e-08 | V43: =DEGREES(W43) -> 5.5987883 | W43: 0.097717289 | X43: 0.10013764 | Y43: =DEGREES(X43) -> 5.7374641 | Z43: =-0.5*G$44*C$5*K43^2*(C$8+(C$3^2)*(X43-C$6)^2/(PI()*C$7))+N43/K43*COS(X43-C$1)-C$12*(C$14+G$47*(K$54-K43)/(K$54-K$40))*SIN(W43) -> -2.1959977e-07 | AB43: =T43 -> 4
F44: ρh | G44: =C$11*(1-G43/44300)^4.256 -> 1.0067547 | H44: kg/m3 | K44: =G$50+T43*G$49 -> 57.675513 | L44: =K44/C$9/C$2 -> 0.73032124 | M44: =0.1906*L44^3-1.0151*L44^2+1.6538*L44 -> 0.74062685 | N44: =G$45*M44 -> 263319.22 | O44: =N44/K44 -> 4565.5289 | P44: =Y44 -> 4.1633626 | Q44: =V44 -> 5.4931331 | R44: =K44*SIN(RADIANS(Q44)) -> 5.5210723 | S44: =(N44/1000)/(R44*3600) -> 0.013248192 | T44: 5 | U44: =0.5*G$44*C$5*C$3*(X44-C$6)*K44^2+N44/K44*SIN(X44-C$1)-C$12*(C$14+G$47*(K$54-K44)/(K$54-K$40))*COS(W44) -> -0.00011187124 | V44: =DEGREES(W44) -> 5.4931331 | W44: 0.095873258 | X44: 0.072664386 | Y44: =DEGREES(X44) -> 4.1633626 | Z44: =-0.5*G$44*C$5*K44^2*(C$8+(C$3^2)*(X44-C$6)^2/(PI()*C$7))+N44/K44*COS(X44-C$1)-C$12*(C$14+G$47*(K$54-K44)/(K$54-K$40))*SIN(W44) -> -8.9560331e-06 | AB44: =T44 -> 5
F45: Nh | G45: =C$4*((G44/C$11)-C$10)/(1-C$10) -> 355535.62 | H45: W | K45: =G$50+T44*G$49 -> 62.907962 | L45: =K45/C$9/C$2 -> 0.79657758 | M45: =0.1906*L45^3-1.0151*L45^2+1.6538*L45 -> 0.76960278 | N45: =G$45*M45 -> 273621.2 | O45: =N45/K45 -> 4349.548 | P45: =Y45 -> 2.9632192 | Q45: =V45 -> 5.2314473 | R45: =K45*SIN(RADIANS(Q45)) -> 5.7358956 | S45: =(N45/1000)/(R45*3600) -> 0.013250919 | T45: 6 | U45: =0.5*G$44*C$5*C$3*(X45-C$6)*K45^2+N45/K45*SIN(X45-C$1)-C$12*(C$14+G$47*(K$54-K45)/(K$54-K$40))*COS(W45) -> -5.1780997e-05 | V45: =DEGREES(W45) -> 5.2314473 | W45: 0.09130598 | X45: 0.051717931 | Y45: =DEGREES(X45) -> 2.9632192 | Z45: =-0.5*G$44*C$5*K45^2*(C$8+(C$3^2)*(X45-C$6)^2/(PI()*C$7))+N45/K45*COS(X45-C$1)-C$12*(C$14+G$47*(K$54-K45)/(K$54-K$40))*SIN(W45) -> -3.4200561e-06 | AB45: =T45 -> 6
F46: CN | G46: =G45/G44/C$9^3/C$2^5 -> 0.21178305 | H46: - | K46: =G$50+T45*G$49 -> 68.140411 | L46: =K46/C$9/C$2 -> 0.86283392 | M46: =0.1906*L46^3-1.0151*L46^2+1.6538*L46 -> 0.79366538 | N46: =G$45*M46 -> 282176.31 | O46: =N46/K46 -> 4141.1008 | P46: =Y46 -> 2.0288548 | Q46: =V46 -> 4.8498766 | R46: =K46*SIN(RADIANS(Q46)) -> 5.7609494 | S46: =(N46/1000)/(R46*3600) -> 0.013605797 | T46: 7 | U46: =0.5*G$44*C$5*C$3*(X46-C$6)*K46^2+N46/K46*SIN(X46-C$1)-C$12*(C$14+G$47*(K$54-K46)/(K$54-K$40))*COS(W46) -> -2.3327782e-05 | V46: =DEGREES(W46) -> 4.8498766 | W46: 0.084646315 | X46: 0.035410196 | Y46: =DEGREES(X46) -> 2.0288548 | Z46: =-0.5*G$44*C$5*K46^2*(C$8+(C$3^2)*(X46-C$6)^2/(PI()*C$7))+N46/K46*COS(X46-C$1)-C$12*(C$14+G$47*(K$54-K46)/(K$54-K$40))*SIN(W46) -> -1.270454e-06 | AB46: =T46 -> 7
F47: mph | G47: =G29-G30 -> 542.69645 | H47: kg | K47: =G$50+T46*G$49 -> 73.372859 | L47: =K47/C$9/C$2 -> 0.92909026 | M47: =0.1906*L47^3-1.0151*L47^2+1.6538*L47 -> 0.81314728 | N47: =G$45*M47 -> 289102.82 | O47: =N47/K47 -> 3940.1875 | P47: =Y47 -> 1.2882052 | Q47: =V47 -> 4.371676 | R47: =K47*SIN(RADIANS(Q47)) -> 5.592929 | S47: =(N47/1000)/(R47*3600) -> 0.014358548 | T47: 8 | U47: =0.5*G$44*C$5*C$3*(X47-C$6)*K47^2+N47/K47*SIN(X47-C$1)-C$12*(C$14+G$47*(K$54-K47)/(K$54-K$40))*COS(W47) -> -9.2052906e-06 | V47: =DEGREES(W47) -> 4.371676 | W47: 0.07630014 | X47: 0.022483423 | Y47: =DEGREES(X47) -> 1.2882052 | Z47: =-0.5*G$44*C$5*K47^2*(C$8+(C$3^2)*(X47-C$6)^2/(PI()*C$7))+N47/K47*COS(X47-C$1)-C$12*(C$14+G$47*(K$54-K47)/(K$54-K$40))*SIN(W47) -> -4.0491932e-07 | AB47: =T47 -> 8
F48: dmp | G48: {=(G61-G43)*C$16*MIN(IF(S40:S54>0,S40:S54))} -> 4.1069397 | H48: kg | K48: =G$50+T47*G$49 -> 78.605308 | L48: =K48/C$9/C$2 -> 0.9953466 | M48: =0.1906*L48^3-1.0151*L48^2+1.6538*L48 -> 0.82838111 | N48: =G$45*M48 -> 294518.99 | O48: =N48/K48 -> 3746.8079 | P48: =Y48 -> 0.69186554 | Q48: =V48 -> 3.8120856 | R48: =K48*SIN(RADIANS(Q48)) -> 5.2260242 | S48: =(N48/1000)/(R48*3600) -> 0.015654506 | T48: 9 | U48: =0.5*G$44*C$5*C$3*(X48-C$6)*K48^2+N48/K48*SIN(X48-C$1)-C$12*(C$14+G$47*(K$54-K48)/(K$54-K$40))*COS(W48) -> -2.4349829e-06 | V48: =DEGREES(W48) -> 3.8120856 | W48: 0.066533444 | X48: 0.012075332 | Y48: =DEGREES(X48) -> 0.69186554 | Z48: =-0.5*G$44*C$5*K48^2*(C$8+(C$3^2)*(X48-C$6)^2/(PI()*C$7))+N48/K48*COS(X48-C$1)-C$12*(C$14+G$47*(K$54-K48)/(K$54-K$40))*SIN(W48) -> -7.4182481e-08 | AB48: =T48 -> 9
F49: v | G49: =(K54-G50)/T53 -> 5.2324487 | H49: m/s | K49: =G$50+T48*G$49 -> 83.837757 | L49: =K49/C$9/C$2 -> 1.0616029 | M49: =0.1906*L49^3-1.0151*L49^2+1.6538*L49 -> 0.83969948 | N49: =G$45*M49 -> 298543.07 | O49: =N49/K49 -> 3560.9621 | P49: =Y49 -> 0.20510275 | Q49: =V49 -> 3.1811679 | R49: =K49*SIN(RADIANS(Q49)) -> 4.6524365 | S49: =(N49/1000)/(R49*3600) -> 0.017824775 | T49: 10 | U49: =0.5*G$44*C$5*C$3*(X49-C$6)*K49^2+N49/K49*SIN(X49-C$1)-C$12*(C$14+G$47*(K$54-K49)/(K$54-K$40))*COS(W49) -> -1.5798287e-07 | V49: =DEGREES(W49) -> 3.1811679 | W49: 0.055521854 | X49: 0.0035797183 | Y49: =DEGREES(X49) -> 0.20510275 | Z49: =-0.5*G$44*C$5*K49^2*(C$8+(C$3^2)*(X49-C$6)^2/(PI()*C$7))+N49/K49*COS(X49-C$1)-C$12*(C$14+G$47*(K$54-K49)/(K$54-K$40))*SIN(W49) -> 1.0888471e-08 | AB49: =T49 -> 10
G50: =SQRT(2*(C$14)*C$12/C$5/C$15/G44) -> 36.745719 | K50: =G$50+T49*G$49 -> 89.070205 | L50: =K50/C$9/C$2 -> 1.1278593 | M50: =0.1906*L50^3-1.0151*L50^2+1.6538*L50 -> 0.84743504 | N50: =G$45*M50 -> 301293.34 | O50: =N50/K50 -> 3382.6501 | P50: =Y50 -> -0.19704793 | Q50: =V50 -> 2.4855199 | R50: =K50*SIN(RADIANS(Q50)) -> 3.8626988 | S50: =(N50/1000)/(R50*3600) -> 0.02166687 | T50: 11 | U50: =0.5*G$44*C$5*C$3*(X50-C$6)*K50^2+N50/K50*SIN(X50-C$1)-C$12*(C$14+G$47*(K$54-K50)/(K$54-K$40))*COS(W50) -> -5.0389644e-08 | V50: =DEGREES(W50) -> 2.4855199 | W50: 0.043380506 | X50: -0.0034391352 | Y50: =DEGREES(X50) -> -0.19704793 | Z50: =-0.5*G$44*C$5*K50^2*(C$8+(C$3^2)*(X50-C$6)^2/(PI()*C$7))+N50/K50*COS(X50-C$1)-C$12*(C$14+G$47*(K$54-K50)/(K$54-K$40))*SIN(W50) -> 7.8321136e-09 | AB50: =T50 -> 11
K51: =G$50+T50*G$49 -> 94.302654 | L51: =K51/C$9/C$2 -> 1.1941156 | M51: =0.1906*L51^3-1.0151*L51^2+1.6538*L51 -> 0.85192039 | N51: =G$45*M51 -> 302888.04 | O51: =N51/K51 -> 3211.8719 | P51: =Y51 -> -0.53288567 | Q51: =V51 -> 1.7293359 | R51: =K51*SIN(RADIANS(Q51)) -> 2.8458677 | S51: =(N51/1000)/(R51*3600) -> 0.029564117 | T51: 12 | U51: =0.5*G$44*C$5*C$3*(X51-C$6)*K51^2+N51/K51*SIN(X51-C$1)-C$12*(C$14+G$47*(K$54-K51)/(K$54-K$40))*COS(W51) -> -5.6160206e-07 | V51: =DEGREES(W51) -> 1.7293359 | W51: 0.030182606 | X51: -0.0093006095 | Y51: =DEGREES(X51) -> -0.53288567 | Z51: =-0.5*G$44*C$5*K51^2*(C$8+(C$3^2)*(X51-C$6)^2/(PI()*C$7))+N51/K51*COS(X51-C$1)-C$12*(C$14+G$47*(K$54-K51)/(K$54-K$40))*SIN(W51) -> -1.0848794e-08 | AB51: =T51 -> 12
K52: =G$50+T51*G$49 -> 99.535103 | L52: =K52/C$9/C$2 -> 1.260372 | M52: =0.1906*L52^3-1.0151*L52^2+1.6538*L52 -> 0.85348818 | N52: =G$45*M52 -> 303445.45 | O52: =N52/K52 -> 3048.6275 | P52: =Y52 -> -0.81606011 | Q52: =V52 -> 0.91508451 | R52: =K52*SIN(RADIANS(Q52)) -> 1.5896312 | S52: =(N52/1000)/(R52*3600) -> 0.053025131 | T52: 13 | U52: =0.5*G$44*C$5*C$3*(X52-C$6)*K52^2+N52/K52*SIN(X52-C$1)-C$12*(C$14+G$47*(K$54-K52)/(K$54-K$40))*COS(W52) -> -4.6308924e-07 | V52: =DEGREES(W52) -> 0.91508451 | W52: 0.015971238 | X52: -0.014242936 | Y52: =DEGREES(X52) -> -0.81606011 | Z52: =-0.5*G$44*C$5*K52^2*(C$8+(C$3^2)*(X52-C$6)^2/(PI()*C$7))+N52/K52*COS(X52-C$1)-C$12*(C$14+G$47*(K$54-K52)/(K$54-K$40))*SIN(W52) -> -9.8734176e-09 | AB52: =T52 -> 13
K53: =G$50+T52*G$49 -> 104.76755 | L53: =K53/C$9/C$2 -> 1.3266283 | M53: =0.1906*L53^3-1.0151*L53^2+1.6538*L53 -> 0.85247102 | N53: =G$45*M53 -> 303083.81 | O53: =N53/K53 -> 2892.9168 | P53: =Y53 -> -1.0569134 | Q53: =V53 -> 0.043946548 | R53: =K53*SIN(RADIANS(Q53)) -> 0.080357958 | S53: =(N53/1000)/(R53*3600) -> 1.0476865 | T53: 14 | U53: =0.5*G$44*C$5*C$3*(X53-C$6)*K53^2+N53/K53*SIN(X53-C$1)-C$12*(C$14+G$47*(K$54-K53)/(K$54-K$40))*COS(W53) -> -4.3219188e-09 | V53: =DEGREES(W53) -> 0.043946548 | W53: 0.00076701197 | X53: -0.018446619 | Y53: =DEGREES(X53) -> -1.0569134 | Z53: =-0.5*G$44*C$5*K53^2*(C$8+(C$3^2)*(X53-C$6)^2/(PI()*C$7))+N53/K53*COS(X53-C$1)-C$12*(C$14+G$47*(K$54-K53)/(K$54-K$40))*SIN(W53) -> 3.3860559e-10 | AB53: =T53 -> 14
K54: =K36 -> 110 | L54: =K54/C$9/C$2 -> 1.3928846 | M54: =0.1906*L54^3-1.0151*L54^2+1.6538*L54 -> 0.84920155 | N54: =G$45*M54 -> 301921.4 | O54: =N54/K54 -> 2744.74 | P54: =Y54 -> -1.2633928 | Q54: =V54 -> -0.88389769 | R54: =K54*SIN(RADIANS(Q54)) -> -1.6968944 | S54: =(N54/1000)/(R54*3600) -> -0.049423849 | T54: 15 | U54: =0.5*G$44*C$5*C$3*(X54-C$6)*K54^2+N54/K54*SIN(X54-C$1)-C$12*(C$14+G$47*(K$54-K54)/(K$54-K$40))*COS(W54) -> 0.00091558443 | V54: =DEGREES(W54) -> -0.88389769 | W54: -0.015426925 | X54: -0.022050365 | Y54: =DEGREES(X54) -> -1.2633928 | Z54: =-0.5*G$44*C$5*K54^2*(C$8+(C$3^2)*(X54-C$6)^2/(PI()*C$7))+N54/K54*COS(X54-C$1)-C$12*(C$14+G$47*(K$54-K54)/(K$54-K$40))*SIN(W54) -> -0.00020744753 | AB54: =T54 -> 15
K56: Metoda ciągu, zmienna masa, h=3000m
K57: V [m/s] | L57: J | M57: ηs | N57: Nr [W] | O57: Ps [N] | P57: α [°] | Q57: γ [°] | R57: w [m/s] | S57: Nr/w | U57: γ | V57: [°] | W57: [rad] | X57: [rad] | Y57: [°] | Z57: α
K58: =SQRT(2*(C$14+G65)*C$12/C$5/C$15/G62) -> 42.775014 | L58: =K58/C$9/C$2 -> 0.54164237 | M58: =0.1962*L58^3-1.039*L58^2+1.6751*L58 -> 0.63366418 | N58: =G$63*M58 -> 199748.78 | O58: =N58/K58 -> 4669.7537 | P58: =Y58 -> 11.765573 | Q58: =V58 -> 3.5925445 | R58: =K58*SIN(RADIANS(Q58)) -> 2.6803103 | S58: =(N58/1000)/(R58*3600) -> 0.02070125 | T58: 1 | U58: =0.5*G$62*C$5*C$3*(X58-C$6)*K58^2+N58/K58*SIN(X58-C$1)-C$12*(C$14+G$65*(K$72-K58)/(K$72-K$58))*COS(W58) -> -1.6800186e-08 | V58: =DEGREES(W58) -> 3.5925445 | W58: 0.062701729 | X58: 0.20534798 | Y58: =DEGREES(X58) -> 11.765573 | Z58: =-0.5*G$62*C$5*K58^2*(C$8+(C$3^2)*(X58-C$6)^2/(PI()*C$7))+N58/K58*COS(X58-C$1)-C$12*(C$14+G$65*(K$72-K58)/(K$72-K$58))*SIN(W58) -> -7.980816e-11 | AB58: =T58 -> 1
K59: 45 | L59: =K59/C$9/C$2 -> 0.56981644 | M59: =0.1962*L59^3-1.039*L59^2+1.6751*L59 -> 0.65344558 | N59: =G$63*M59 -> 205984.44 | O59: =N59/K59 -> 4577.4319 | P59: =Y59 -> 10.312912 | Q59: =V59 -> 3.8722213 | R59: =K59*SIN(RADIANS(Q59)) -> 3.0389209 | S59: =(N59/1000)/(R59*3600) -> 0.018828361 | T59: 2 | U59: =0.5*G$62*C$5*C$3*(X59-C$6)*K59^2+N59/K59*SIN(X59-C$1)-C$12*(C$14+G$65*(K$72-K59)/(K$72-K$58))*COS(W59) -> -0.0016484129 | V59: =DEGREES(W59) -> 3.8722213 | W59: 0.067583011 | X59: 0.17999427 | Y59: =DEGREES(X59) -> 10.312912 | Z59: =-0.5*G$62*C$5*K59^2*(C$8+(C$3^2)*(X59-C$6)^2/(PI()*C$7))+N59/K59*COS(X59-C$1)-C$12*(C$14+G$65*(K$72-K59)/(K$72-K$58))*SIN(W59) -> -0.00022787158 | AB59: =T59 -> 2
K60: =G$68+T41*G$67 -> 48.141377 | L60: =K60/C$9/C$2 -> 0.60959441 | M60: =0.1962*L60^3-1.039*L60^2+1.6751*L60 -> 0.67947854 | N60: =G$63*M60 -> 214190.76 | O60: =N60/K60 -> 4449.203 | P60: =Y60 -> 8.5851176 | Q60: =V60 -> 4.1463735 | R60: =K60*SIN(RADIANS(Q60)) -> 3.4808488 | S60: =(N60/1000)/(R60*3600) -> 0.017092794 | T60: 3 | U60: =0.5*G$62*C$5*C$3*(X60-C$6)*K60^2+N60/K60*SIN(X60-C$1)-C$12*(C$14+G$65*(K$72-K60)/(K$72-K$58))*COS(W60) -> 2.8684735e-07 | V60: =DEGREES(W60) -> 4.1463735 | W60: 0.07236787 | X60: 0.14983857 | Y60: =DEGREES(X60) -> 8.5851176 | Z60: =-0.5*G$62*C$5*K60^2*(C$8+(C$3^2)*(X60-C$6)^2/(PI()*C$7))+N60/K60*COS(X60-C$1)-C$12*(C$14+G$65*(K$72-K60)/(K$72-K$58))*SIN(W60) -> -1.1324573e-06 | AB60: =T60 -> 3
F61: h | G61: 3000 | H61: m | K61: =G$68+T42*G$67 -> 52.879596 | L61: =K61/C$9/C$2 -> 0.66959251 | M61: =0.1962*L61^3-1.039*L61^2+1.6751*L61 -> 0.71469657 | N61: =G$63*M61 -> 225292.47 | O61: =N61/K61 -> 4260.4802 | P61: =Y61 -> 6.5271623 | Q61: =V61 -> 4.3524834 | R61: =K61*SIN(RADIANS(Q61)) -> 4.0131449 | S61: =(N61/1000)/(R61*3600) -> 0.015594065 | T61: 4 | U61: =0.5*G$62*C$5*C$3*(X61-C$6)*K61^2+N61/K61*SIN(X61-C$1)-C$12*(C$14+G$65*(K$72-K61)/(K$72-K$58))*COS(W61) -> 1.2938472e-07 | V61: =DEGREES(W61) -> 4.3524834 | W61: 0.075965167 | X61: 0.11392047 | Y61: =DEGREES(X61) -> 6.5271623 | Z61: =-0.5*G$62*C$5*K61^2*(C$8+(C$3^2)*(X61-C$6)^2/(PI()*C$7))+N61/K61*COS(X61-C$1)-C$12*(C$14+G$65*(K$72-K61)/(K$72-K$58))*SIN(W61) -> -6.1280616e-07 | AB61: =T61 -> 4
F62: ρh | G62: =C$11*(1-G61/44300)^4.256 -> 0.90929013 | H62: kg/m3 | K62: =G$68+T43*G$67 -> 57.617814 | L62: =K62/C$9/C$2 -> 0.72959062 | M62: =0.1962*L62^3-1.039*L62^2+1.6751*L62 -> 0.74527178 | N62: =G$63*M62 -> 234930.64 | O62: =N62/K62 -> 4077.3959 | P62: =Y62 -> 4.9502385 | Q62: =V62 -> 4.3717556 | R62: =K62*SIN(RADIANS(Q62)) -> 4.3920628 | S62: =(N62/1000)/(R62*3600) -> 0.014858283 | T62: 5 | U62: =0.5*G$62*C$5*C$3*(X62-C$6)*K62^2+N62/K62*SIN(X62-C$1)-C$12*(C$14+G$65*(K$72-K62)/(K$72-K$58))*COS(W62) -> 3.567402e-08 | V62: =DEGREES(W62) -> 4.3717556 | W62: 0.07630153 | X62: 0.086397961 | Y62: =DEGREES(X62) -> 4.9502385 | Z62: =-0.5*G$62*C$5*K62^2*(C$8+(C$3^2)*(X62-C$6)^2/(PI()*C$7))+N62/K62*COS(X62-C$1)-C$12*(C$14+G$65*(K$72-K62)/(K$72-K$58))*SIN(W62) -> -2.0151037e-07 | AB62: =T62 -> 5
F63: Nh | G63: =C$4*((G62/C$11)-C$10)/(1-C$10) -> 315228.14 | H63: W | K63: =G$68+T44*G$67 -> 62.356033 | L63: =K63/C$9/C$2 -> 0.78958873 | M63: =0.1962*L63^3-1.039*L63^2+1.6751*L63 -> 0.77145841 | N63: =G$63*M63 -> 243185.4 | O63: =N63/K63 -> 3899.9498 | P63: =Y63 -> 3.7176703 | Q63: =V63 -> 4.2512038 | R63: =K63*SIN(RADIANS(Q63)) -> 4.622418 | S63: =(N63/1000)/(R63*3600) -> 0.014613888 | T63: 6 | U63: =0.5*G$62*C$5*C$3*(X63-C$6)*K63^2+N63/K63*SIN(X63-C$1)-C$12*(C$14+G$65*(K$72-K63)/(K$72-K$58))*COS(W63) -> -0.00010775701 | V63: =DEGREES(W63) -> 4.2512038 | W63: 0.074197504 | X63: 0.064885587 | Y63: =DEGREES(X63) -> 3.7176703 | Z63: =-0.5*G$62*C$5*K63^2*(C$8+(C$3^2)*(X63-C$6)^2/(PI()*C$7))+N63/K63*COS(X63-C$1)-C$12*(C$14+G$65*(K$72-K63)/(K$72-K$58))*SIN(W63) -> -8.0817676e-06 | AB63: =T63 -> 6
F64: CN | G64: =G63/G62/C$9^3/C$2^5 -> 0.20789989 | H64: - | K64: =G$68+T45*G$67 -> 67.094251 | L64: =K64/C$9/C$2 -> 0.84958684 | M64: =0.1962*L64^3-1.039*L64^2+1.6751*L64 -> 0.79351071 | N64: =G$63*M64 -> 250136.91 | O64: =N64/K64 -> 3728.1422 | P64: =Y64 -> 2.7375446 | Q64: =V64 -> 4.0216616 | R64: =K64*SIN(RADIANS(Q64)) -> 4.7055623 | S64: =(N64/1000)/(R64*3600) -> 0.01476603 | T64: 7 | U64: =0.5*G$62*C$5*C$3*(X64-C$6)*K64^2+N64/K64*SIN(X64-C$1)-C$12*(C$14+G$65*(K$72-K64)/(K$72-K$58))*COS(W64) -> -5.1152423e-05 | V64: =DEGREES(W64) -> 4.0216616 | W64: 0.070191236 | X64: 0.047779166 | Y64: =DEGREES(X64) -> 2.7375446 | Z64: =-0.5*G$62*C$5*K64^2*(C$8+(C$3^2)*(X64-C$6)^2/(PI()*C$7))+N64/K64*COS(X64-C$1)-C$12*(C$14+G$65*(K$72-K64)/(K$72-K$58))*SIN(W64) -> -3.2421792e-06 | AB64: =T64 -> 7
F65: mph | G65: =G47-G48 -> 538.58951 | H65: kg | K65: =G$68+T46*G$67 -> 71.83247 | L65: =K65/C$9/C$2 -> 0.90958495 | M65: =0.1962*L65^3-1.039*L65^2+1.6751*L65 -> 0.81168294 | N65: =G$63*M65 -> 255865.31 | O65: =N65/K65 -> 3561.9728 | P65: =Y65 -> 1.9463716 | Q65: =V65 -> 3.7038169 | R65: =K65*SIN(RADIANS(Q65)) -> 4.6402904 | S65: =(N65/1000)/(R65*3600) -> 0.015316648 | T65: 8 | U65: =0.5*G$62*C$5*C$3*(X65-C$6)*K65^2+N65/K65*SIN(X65-C$1)-C$12*(C$14+G$65*(K$72-K65)/(K$72-K$58))*COS(W65) -> -2.3315584e-05 | V65: =DEGREES(W65) -> 3.7038169 | W65: 0.064643799 | X65: 0.033970593 | Y65: =DEGREES(X65) -> 1.9463716 | Z65: =-0.5*G$62*C$5*K65^2*(C$8+(C$3^2)*(X65-C$6)^2/(PI()*C$7))+N65/K65*COS(X65-C$1)-C$12*(C$14+G$65*(K$72-K65)/(K$72-K$58))*SIN(W65) -> -1.2456728e-06 | AB65: =T65 -> 8
F66: dmp | G66: {=(G79-G61)*C$16*MIN(IF(S58:S72>0,S58:S72))} -> 4.5303054 | H66: kg | K66: =G$68+T47*G$67 -> 76.570689 | L66: =K66/C$9/C$2 -> 0.96958305 | M66: =0.1962*L66^3-1.039*L66^2+1.6751*L66 -> 0.82622935 | N66: =G$63*M66 -> 260450.74 | O66: =N66/K66 -> 3401.4418 | P66: =Y66 -> 1.2992418 | Q66: =V66 -> 3.3117786 | R66: =K66*SIN(RADIANS(Q66)) -> 4.423432 | S66: =(N66/1000)/(R66*3600) -> 0.016355497 | T66: 9 | U66: =0.5*G$62*C$5*C$3*(X66-C$6)*K66^2+N66/K66*SIN(X66-C$1)-C$12*(C$14+G$65*(K$72-K66)/(K$72-K$58))*COS(W66) -> -9.4615425e-06 | V66: =DEGREES(W66) -> 3.3117786 | W66: 0.05780144 | X66: 0.022676047 | Y66: =DEGREES(X66) -> 1.2992418 | Z66: =-0.5*G$62*C$5*K66^2*(C$8+(C$3^2)*(X66-C$6)^2/(PI()*C$7))+N66/K66*COS(X66-C$1)-C$12*(C$14+G$65*(K$72-K66)/(K$72-K$58))*SIN(W66) -> -4.2023316e-07 | AB66: =T66 -> 9
F67: v | G67: =(K72-G68)/T71 -> 4.7382186 | H67: m/s | K67: =G$68+T48*G$67 -> 81.308907 | L67: =K67/C$9/C$2 -> 1.0295812 | M67: =0.1962*L67^3-1.039*L67^2+1.6751*L67 -> 0.83740418 | N67: =G$63*M67 -> 263973.36 | O67: =N67/K67 -> 3246.5492 | P67: =Y67 -> 0.76371175 | Q67: =V67 -> 2.8552552 | R67: =K67*SIN(RADIANS(Q67)) -> 4.050239 | S67: =(N67/1000)/(R67*3600) -> 0.018104101 | T67: 10 | U67: =0.5*G$62*C$5*C$3*(X67-C$6)*K67^2+N67/K67*SIN(X67-C$1)-C$12*(C$14+G$65*(K$72-K67)/(K$72-K$58))*COS(W67) -> -2.8870782e-06 | V67: =DEGREES(W67) -> 2.8552552 | W67: 0.049833604 | X67: 0.013329285 | Y67: =DEGREES(X67) -> 0.76371175 | Z67: =-0.5*G$62*C$5*K67^2*(C$8+(C$3^2)*(X67-C$6)^2/(PI()*C$7))+N67/K67*COS(X67-C$1)-C$12*(C$14+G$65*(K$72-K67)/(K$72-K$58))*SIN(W67) -> -9.7431894e-08 | AB67: =T67 -> 10
G68: =SQRT(2*(C$14)*C$12/C$5/C$15/G62) -> 38.66494 | K68: =G$68+T49*G$67 -> 86.047126 | L68: =K68/C$9/C$2 -> 1.0895793 | M68: =0.1962*L68^3-1.039*L68^2+1.6751*L68 -> 0.84546169 | N68: =G$63*M68 -> 266513.32 | O68: =N68/K68 -> 3097.2948 | P68: =Y68 -> 0.31589908 | Q68: =V68 -> 2.3409246 | R68: =K68*SIN(RADIANS(Q68)) -> 3.5146358 | S68: =(N68/1000)/(R68*3600) -> 0.021063769 | T68: 11 | U68: =0.5*G$62*C$5*C$3*(X68-C$6)*K68^2+N68/K68*SIN(X68-C$1)-C$12*(C$14+G$65*(K$72-K68)/(K$72-K$58))*COS(W68) -> -1.966182e-07 | V68: =DEGREES(W68) -> 2.3409246 | W68: 0.040856842 | X68: 0.005513479 | Y68: =DEGREES(X68) -> 0.31589908 | Z68: =-0.5*G$62*C$5*K68^2*(C$8+(C$3^2)*(X68-C$6)^2/(PI()*C$7))+N68/K68*COS(X68-C$1)-C$12*(C$14+G$65*(K$72-K68)/(K$72-K$58))*SIN(W68) -> 7.5108346e-09 | AB68: =T68 -> 11
K69: =G$68+T50*G$67 -> 90.785344 | L69: =K69/C$9/C$2 -> 1.1495774 | M69: =0.1962*L69^3-1.039*L69^2+1.6751*L69 -> 0.85065614 | N69: =G$63*M69 -> 268150.75 | O69: =N69/K69 -> 2953.6789 | P69: =Y69 -> -0.062074904 | Q69: =V69 -> 1.7733181 | R69: =K69*SIN(RADIANS(Q69)) -> 2.8093795 | S69: =(N69/1000)/(R69*3600) -> 0.026513442 | T69: 12 | U69: =0.5*G$62*C$5*C$3*(X69-C$6)*K69^2+N69/K69*SIN(X69-C$1)-C$12*(C$14+G$65*(K$72-K69)/(K$72-K$58))*COS(W69) -> -4.4135959e-08 | V69: =DEGREES(W69) -> 1.7733181 | W69: 0.030950239 | X69: -0.0010834115 | Y69: =DEGREES(X69) -> -0.062074904 | Z69: =-0.5*G$62*C$5*K69^2*(C$8+(C$3^2)*(X69-C$6)^2/(PI()*C$7))+N69/K69*COS(X69-C$1)-C$12*(C$14+G$65*(K$72-K69)/(K$72-K$58))*SIN(W69) -> 6.0393859e-09 | AB69: =T69 -> 12
K70: =G$68+T51*G$67 -> 95.523563 | L70: =K70/C$9/C$2 -> 1.2095755 | M70: =0.1962*L70^3-1.039*L70^2+1.6751*L70 -> 0.85324176 | N70: =G$63*M70 -> 268965.82 | O70: =N70/K70 -> 2815.7013 | P70: =Y70 -> -0.38379849 | Q70: =V70 -> 1.1554016 | R70: =K70*SIN(RADIANS(Q70)) -> 1.9261557 | S70: =(N70/1000)/(R70*3600) -> 0.038788518 | T70: 13 | U70: =0.5*G$62*C$5*C$3*(X70-C$6)*K70^2+N70/K70*SIN(X70-C$1)-C$12*(C$14+G$65*(K$72-K70)/(K$72-K$58))*COS(W70) -> -2.5247573e-07 | V70: =DEGREES(W70) -> 1.1554016 | W70: 0.020165561 | X70: -0.0066985474 | Y70: =DEGREES(X70) -> -0.38379849 | Z70: =-0.5*G$62*C$5*K70^2*(C$8+(C$3^2)*(X70-C$6)^2/(PI()*C$7))+N70/K70*COS(X70-C$1)-C$12*(C$14+G$65*(K$72-K70)/(K$72-K$58))*SIN(W70) -> -4.4955755e-09 | AB70: =T70 -> 13
K71: =G$68+T52*G$67 -> 100.26178 | L71: =K71/C$9/C$2 -> 1.2695736 | M71: =0.1962*L71^3-1.039*L71^2+1.6751*L71 -> 0.85347282 | N71: =G$63*M71 -> 269038.65 | O71: =N71/K71 -> 2683.362 | P71: =Y71 -> -0.65974136 | Q71: =V71 -> 0.48896633 | R71: =K71*SIN(RADIANS(Q71)) -> 0.85563092 | S71: =(N71/1000)/(R71*3600) -> 0.087342518 | T71: 14 | U71: =0.5*G$62*C$5*C$3*(X71-C$6)*K71^2+N71/K71*SIN(X71-C$1)-C$12*(C$14+G$65*(K$72-K71)/(K$72-K$58))*COS(W71) -> -1.4972829e-07 | V71: =DEGREES(W71) -> 0.48896633 | W71: 0.0085340724 | X71: -0.011514659 | Y71: =DEGREES(X71) -> -0.65974136 | Z71: =-0.5*G$62*C$5*K71^2*(C$8+(C$3^2)*(X71-C$6)^2/(PI()*C$7))+N71/K71*COS(X71-C$1)-C$12*(C$14+G$65*(K$72-K71)/(K$72-K$58))*SIN(W71) -> -3.2058551e-09 | AB71: =T71 -> 14
K72: 105 | L72: =K72/C$9/C$2 -> 1.3295717 | M72: =0.1962*L72^3-1.039*L72^2+1.6751*L72 -> 0.85160356 | N72: =G$63*M72 -> 268449.41 | O72: =N72/K72 -> 2556.661 | P72: =Y72 -> -0.89807109 | Q72: =V72 -> -0.22510698 | R72: =K72*SIN(RADIANS(Q72)) -> -0.41252902 | S72: =(N72/1000)/(R72*3600) -> -0.1807613 | T72: 15 | U72: =0.5*G$62*C$5*C$3*(X72-C$6)*K72^2+N72/K72*SIN(X72-C$1)-C$12*(C$14+G$65*(K$72-K72)/(K$72-K$58))*COS(W72) -> -0.0010448939 | V72: =DEGREES(W72) -> -0.22510698 | W72: -0.0039288579 | X72: -0.015674297 | Y72: =DEGREES(X72) -> -0.89807109 | Z72: =-0.5*G$62*C$5*K72^2*(C$8+(C$3^2)*(X72-C$6)^2/(PI()*C$7))+N72/K72*COS(X72-C$1)-C$12*(C$14+G$65*(K$72-K72)/(K$72-K$58))*SIN(W72) -> -5.7341769e-05 | AB72: =T72 -> 15
K74: Metoda ciągu, zmienna masa, h=4000m
K75: V [m/s] | L75: J | M75: ηs | N75: Nr [W] | O75: Ps [N] | P75: α [°] | Q75: γ [°] | R75: w [m/s] | S75: Nr/w | U75: γ | V75: [°] | W75: [rad] | X75: [rad] | Y75: [°] | Z75: α
K76: =SQRT(2*(C$14+G83)*C$12/C$5/C$15/G80) -> 45.030663 | L76: =K76/C$9/C$2 -> 0.57020471 | M76: =0.2132*L76^3-1.0928*L76^2+1.7147*L76 -> 0.66194993 | N76: =G$81*M76 -> 184006.33 | O76: =N76/K76 -> 4086.2452 | P76: =Y76 -> 11.836156 | Q76: =V76 -> 2.4186597 | R76: =K76*SIN(RADIANS(Q76)) -> 1.9003407 | S76: =(N76/1000)/(R76*3600) -> 0.026896686 | T76: 1 | U76: =0.5*G$80*C$5*C$3*(X76-C$6)*K76^2+N76/K76*SIN(X76-C$1)-C$12*(C$14+G$83*(K$90-K76)/(K$90-K$76))*COS(W76) -> -4.3921318e-08 | V76: =DEGREES(W76) -> 2.4186597 | W76: 0.042213575 | X76: 0.20657989 | Y76: =DEGREES(X76) -> 11.836156 | Z76: =-0.5*G$80*C$5*K76^2*(C$8+(C$3^2)*(X76-C$6)^2/(PI()*C$7))+N76/K76*COS(X76-C$1)-C$12*(C$14+G$83*(K$90-K76)/(K$90-K$76))*SIN(W76) -> -6.0936145e-11 | AB76: =T76 -> 1
K77: 47 | L77: =K77/C$9/C$2 -> 0.59514162 | M77: =0.2132*L77^3-1.0928*L77^2+1.7147*L77 -> 0.67836819 | N77: =G$81*M77 -> 188570.21 | O77: =N77/K77 -> 4012.1322 | P77: =Y77 -> 10.583959 | Q77: =V77 -> 2.6676319 | R77: =K77*SIN(RADIANS(Q77)) -> 2.1874806 | S77: =(N77/1000)/(R77*3600) -> 0.023945636 | T77: 2 | U77: =0.5*G$80*C$5*C$3*(X77-C$6)*K77^2+N77/K77*SIN(X77-C$1)-C$12*(C$14+G$83*(K$90-K77)/(K$90-K$76))*COS(W77) -> 0.00014524814 | V77: =DEGREES(W77) -> 2.6676319 | W77: 0.04655896 | X77: 0.18472492 | Y77: =DEGREES(X77) -> 10.583959 | Z77: =-0.5*G$80*C$5*K77^2*(C$8+(C$3^2)*(X77-C$6)^2/(PI()*C$7))+N77/K77*COS(X77-C$1)-C$12*(C$14+G$83*(K$90-K77)/(K$90-K$76))*SIN(W77) -> 3.1847639e-05 | AB77: =T77 -> 2
K78: =G$86+T41*G$85 -> 49.91589 | L78: =K78/C$9/C$2 -> 0.63206434 | M78: =0.2132*L78^3-1.0928*L78^2+1.7147*L78 -> 0.70105708 | N78: =G$81*M78 -> 194877.19 | O78: =N78/K78 -> 3904.1112 | P78: =Y78 -> 8.9883807 | Q78: =V78 -> 2.9406001 | R78: =K78*SIN(RADIANS(Q78)) -> 2.5607164 | S78: =(N78/1000)/(R78*3600) -> 0.021139612 | T78: 3 | U78: =0.5*G$80*C$5*C$3*(X78-C$6)*K78^2+N78/K78*SIN(X78-C$1)-C$12*(C$14+G$83*(K$90-K78)/(K$90-K$76))*COS(W78) -> 1.4434409e-07 | V78: =DEGREES(W78) -> 2.9406001 | W78: 0.051323154 | X78: 0.15687684 | Y78: =DEGREES(X78) -> 8.9883807 | Z78: =-0.5*G$80*C$5*K78^2*(C$8+(C$3^2)*(X78-C$6)^2/(PI()*C$7))+N78/K78*COS(X78-C$1)-C$12*(C$14+G$83*(K$90-K78)/(K$90-K$76))*SIN(W78) -> -5.5525265e-07 | AB78: =T78 -> 3
F79: h | G79: 4000 | H79: m | K79: =G$86+T42*G$85 -> 54.506233 | L79: =K79/C$9/C$2 -> 0.69018995 | M79: =0.2132*L79^3-1.0928*L79^2+1.7147*L79 -> 0.73299611 | N79: =G$81*M79 -> 203755.48 | O79: =N79/K79 -> 3738.2051 | P79: =Y79 -> 6.9678237 | Q79: =V79 -> 3.1863057 | R79: =K79*SIN(RADIANS(Q79)) -> 3.0296126 | S79: =(N79/1000)/(R79*3600) -> 0.018681841 | T79: 4 | U79: =0.5*G$80*C$5*C$3*(X79-C$6)*K79^2+N79/K79*SIN(X79-C$1)-C$12*(C$14+G$83*(K$90-K79)/(K$90-K$76))*COS(W79) -> 1.2432793e-07 | V79: =DEGREES(W79) -> 3.1863057 | W79: 0.055611526 | X79: 0.12161146 | Y79: =DEGREES(X79) -> 6.9678237 | Z79: =-0.5*G$80*C$5*K79^2*(C$8+(C$3^2)*(X79-C$6)^2/(PI()*C$7))+N79/K79*COS(X79-C$1)-C$12*(C$14+G$83*(K$90-K79)/(K$90-K$76))*SIN(W79) -> -5.6703652e-07 | AB79: =T79 -> 4
F80: ρh | G80: =C$11*(1-G79/44300)^4.256 -> 0.81921394 | H80: kg/m3 | K80: =G$86+T43*G$85 -> 59.096575 | L80: =K80/C$9/C$2 -> 0.74831556 | M80: =0.2132*L80^3-1.0928*L80^2+1.7147*L80 -> 0.76053382 | N80: =G$81*M80 -> 211410.3 | O80: =N80/K80 -> 3577.3698 | P80: =Y80 -> 5.3956708 | Q80: =V80 -> 3.2601194 | R80: =K80*SIN(RADIANS(Q80)) -> 3.3607702 | S80: =(N80/1000)/(R80*3600) -> 0.017473698 | T80: 5 | U80: =0.5*G$80*C$5*C$3*(X80-C$6)*K80^2+N80/K80*SIN(X80-C$1)-C$12*(C$14+G$83*(K$90-K80)/(K$90-K$76))*COS(W80) -> 6.5672793e-08 | V80: =DEGREES(W80) -> 3.2601194 | W80: 0.056899818 | X80: 0.09417222 | Y80: =DEGREES(X80) -> 5.3956708 | Z80: =-0.5*G$80*C$5*K80^2*(C$8+(C$3^2)*(X80-C$6)^2/(PI()*C$7))+N80/K80*COS(X80-C$1)-C$12*(C$14+G$83*(K$90-K80)/(K$90-K$76))*SIN(W80) -> -3.5202356e-07 | AB80: =T80 -> 5
F81: Nh | G81: =C$4*((G80/C$11)-C$10)/(1-C$10) -> 277976.2 | H81: W | K81: =G$86+T44*G$85 -> 63.686918 | L81: =K81/C$9/C$2 -> 0.80644118 | M81: =0.2132*L81^3-1.0928*L81^2+1.7147*L81 -> 0.78392142 | N81: =G$81*M81 -> 217911.5 | O81: =N81/K81 -> 3421.6054 | P81: =Y81 -> 4.1506419 | Q81: =V81 -> 3.2035811 | R81: =K81*SIN(RADIANS(Q81)) -> 3.559074 | S81: =(N81/1000)/(R81*3600) -> 0.017007506 | T81: 6 | U81: =0.5*G$80*C$5*C$3*(X81-C$6)*K81^2+N81/K81*SIN(X81-C$1)-C$12*(C$14+G$83*(K$90-K81)/(K$90-K$76))*COS(W81) -> 2.2340828e-08 | V81: =DEGREES(W81) -> 3.2035811 | W81: 0.055913038 | X81: 0.072442368 | Y81: =DEGREES(X81) -> 4.1506419 | Z81: =-0.5*G$80*C$5*K81^2*(C$8+(C$3^2)*(X81-C$6)^2/(PI()*C$7))+N81/K81*COS(X81-C$1)-C$12*(C$14+G$83*(K$90-K81)/(K$90-K$76))*SIN(W81) -> -1.4000943e-07 | AB81: =T81 -> 6
F82: CN | G82: =G81/G80/C$9^3/C$2^5 -> 0.20348951 | H82: - | K82: =G$86+T45*G$85 -> 68.27726 | L82: =K82/C$9/C$2 -> 0.86456679 | M82: =0.2132*L82^3-1.0928*L82^2+1.7147*L82 -> 0.80341014 | N82: =G$81*M82 -> 223328.9 | O82: =N82/K82 -> 3270.9118 | P82: =Y82 -> 3.1493639 | Q82: =V82 -> 3.0446306 | R82: =K82*SIN(RADIANS(Q82)) -> 3.6264664 | S82: =(N82/1000)/(R82*3600) -> 0.017106406 | T82: 7 | U82: =0.5*G$80*C$5*C$3*(X82-C$6)*K82^2+N82/K82*SIN(X82-C$1)-C$12*(C$14+G$83*(K$90-K82)/(K$90-K$76))*COS(W82) -> -8.2623952e-05 | V82: =DEGREES(W82) -> 3.0446306 | W82: 0.053138829 | X82: 0.05496677 | Y82: =DEGREES(X82) -> 3.1493639 | Z82: =-0.5*G$80*C$5*K82^2*(C$8+(C$3^2)*(X82-C$6)^2/(PI()*C$7))+N82/K82*COS(X82-C$1)-C$12*(C$14+G$83*(K$90-K82)/(K$90-K$76))*SIN(W82) -> -5.6612532e-06 | AB82: =T82 -> 7
F83: mph | G83: =G65-G66 -> 534.0592 | H83: kg | K83: =G$86+T46*G$85 -> 72.867603 | L83: =K83/C$9/C$2 -> 0.9226924 | M83: =0.2132*L83^3-1.0928*L83^2+1.7147*L83 -> 0.81925117 | N83: =G$81*M83 -> 227732.33 | O83: =N83/K83 -> 3125.2892 | P83: =Y83 -> 2.3331372 | Q83: =V83 -> 2.8024458 | R83: =K83*SIN(RADIANS(Q83)) -> 3.5626724 | S83: =(N83/1000)/(R83*3600) -> 0.017756048 | T83: 8 | U83: =0.5*G$80*C$5*C$3*(X83-C$6)*K83^2+N83/K83*SIN(X83-C$1)-C$12*(C$14+G$83*(K$90-K83)/(K$90-K$76))*COS(W83) -> -3.8669339e-05 | V83: =DEGREES(W83) -> 2.8024458 | W83: 0.048911906 | X83: 0.040720926 | Y83: =DEGREES(X83) -> 2.3331372 | Z83: =-0.5*G$80*C$5*K83^2*(C$8+(C$3^2)*(X83-C$6)^2/(PI()*C$7))+N83/K83*COS(X83-C$1)-C$12*(C$14+G$83*(K$90-K83)/(K$90-K$76))*SIN(W83) -> -2.2659588e-06 | AB83: =T83 -> 8
F84: dmp | G84: {=(G97-G79)*C$16*MIN(IF(S76:S90>0,S76:S90))} -> 5.2723269 | H84: kg | K84: =G$86+T47*G$85 -> 77.457945 | L84: =K84/C$9/C$2 -> 0.98081802 | M84: =0.2132*L84^3-1.0928*L84^2+1.7147*L84 -> 0.83169574 | N84: =G$81*M84 -> 231191.62 | O84: =N84/K84 -> 2984.7374 | P84: =Y84 -> 1.6597429 | Q84: =V84 -> 2.490391 | R84: =K84*SIN(RADIANS(Q84)) -> 3.36569 | S84: =(N84/1000)/(R84*3600) -> 0.019080752 | T84: 9 | U84: =0.5*G$80*C$5*C$3*(X84-C$6)*K84^2+N84/K84*SIN(X84-C$1)-C$12*(C$14+G$83*(K$90-K84)/(K$90-K$76))*COS(W84) -> -1.6867365e-05 | V84: =DEGREES(W84) -> 2.490391 | W84: 0.043465522 | X84: 0.028967979 | Y84: =DEGREES(X84) -> 1.6597429 | Z84: =-0.5*G$80*C$5*K84^2*(C$8+(C$3^2)*(X84-C$6)^2/(PI()*C$7))+N84/K84*COS(X84-C$1)-C$12*(C$14+G$83*(K$90-K84)/(K$90-K$76))*SIN(W84) -> -8.4028375e-07 | AB84: =T84 -> 9
F85: v | G85: =(K90-G86)/T89 -> 4.5903425 | H85: m/s | K85: =G$86+T48*G$85 -> 82.048288 | L85: =K85/C$9/C$2 -> 1.0389436 | M85: =0.2132*L85^3-1.0928*L85^2+1.7147*L85 -> 0.84099506 | N85: =G$81*M85 -> 233776.61 | O85: =N85/K85 -> 2849.2565 | P85: =Y85 -> 1.0982312 | Q85: =V85 -> 2.1178658 | R85: =K85*SIN(RADIANS(Q85)) -> 3.0321203 | S85: =(N85/1000)/(R85*3600) -> 0.021416679 | T85: 10 | U85: =0.5*G$80*C$5*C$3*(X85-C$6)*K85^2+N85/K85*SIN(X85-C$1)-C$12*(C$14+G$83*(K$90-K85)/(K$90-K$76))*COS(W85) -> -6.3442858e-06 | V85: =DEGREES(W85) -> 2.1178658 | W85: 0.036963732 | X85: 0.01916775 | Y85: =DEGREES(X85) -> 1.0982312 | Z85: =-0.5*G$80*C$5*K85^2*(C$8+(C$3^2)*(X85-C$6)^2/(PI()*C$7))+N85/K85*COS(X85-C$1)-C$12*(C$14+G$83*(K$90-K85)/(K$90-K$76))*SIN(W85) -> -2.626856e-07 | AB85: =T85 -> 10
G86: =SQRT(2*(C$14)*C$12/C$5/C$15/G80) -> 40.735206 | K86: =G$86+T49*G$85 -> 86.63863 | L86: =K86/C$9/C$2 -> 1.0970692 | M86: =0.2132*L86^3-1.0928*L86^2+1.7147*L86 -> 0.84740033 | N86: =G$81*M86 -> 235557.13 | O86: =N86/K86 -> 2718.8464 | P86: =Y86 -> 0.62552126 | Q86: =V86 -> 1.6914952 | R86: =K86*SIN(RADIANS(Q86)) -> 2.5573881 | S86: =(N86/1000)/(R86*3600) -> 0.025585689 | T86: 11 | U86: =0.5*G$80*C$5*C$3*(X86-C$6)*K86^2+N86/K86*SIN(X86-C$1)-C$12*(C$14+G$83*(K$90-K86)/(K$90-K$76))*COS(W86) -> -1.6879494e-06 | V86: =DEGREES(W86) -> 1.6914952 | W86: 0.029522161 | X86: 0.010917406 | Y86: =DEGREES(X86) -> 0.62552126 | Z86: =-0.5*G$80*C$5*K86^2*(C$8+(C$3^2)*(X86-C$6)^2/(PI()*C$7))+N86/K86*COS(X86-C$1)-C$12*(C$14+G$83*(K$90-K86)/(K$90-K$76))*SIN(W86) -> -5.0610197e-08 | AB86: =T86 -> 11
K87: =G$86+T50*G$85 -> 91.228973 | L87: =K87/C$9/C$2 -> 1.1551949 | M87: =0.2132*L87^3-1.0928*L87^2+1.7147*L87 -> 0.85116278 | N87: =G$81*M87 -> 236603 | O87: =N87/K87 -> 2593.5072 | P87: =Y87 -> 0.22413359 | Q87: =V87 -> 1.2159126 | R87: =K87*SIN(RADIANS(Q87)) -> 1.9358866 | S87: =(N87/1000)/(R87*3600) -> 0.033949847 | T87: 12 | U87: =0.5*G$80*C$5*C$3*(X87-C$6)*K87^2+N87/K87*SIN(X87-C$1)-C$12*(C$14+G$83*(K$90-K87)/(K$90-K$76))*COS(W87) -> -2.3897883e-08 | V87: =DEGREES(W87) -> 1.2159126 | W87: 0.021221679 | X87: 0.0039118691 | Y87: =DEGREES(X87) -> 0.22413359 | Z87: =-0.5*G$80*C$5*K87^2*(C$8+(C$3^2)*(X87-C$6)^2/(PI()*C$7))+N87/K87*COS(X87-C$1)-C$12*(C$14+G$83*(K$90-K87)/(K$90-K$76))*SIN(W87) -> 8.6762384e-09 | AB87: =T87 -> 12
K88: =G$86+T51*G$85 -> 95.819315 | L88: =K88/C$9/C$2 -> 1.2133205 | M88: =0.2132*L88^3-1.0928*L88^2+1.7147*L88 -> 0.85253361 | N88: =G$81*M88 -> 236984.06 | O88: =N88/K88 -> 2473.2389 | P88: =Y88 -> -0.11935531 | Q88: =V88 -> 0.69428592 | R88: =K88*SIN(RADIANS(Q88)) -> 1.1610693 | S88: =(N88/1000)/(R88*3600) -> 0.05669679 | T88: 13 | U88: =0.5*G$80*C$5*C$3*(X88-C$6)*K88^2+N88/K88*SIN(X88-C$1)-C$12*(C$14+G$83*(K$90-K88)/(K$90-K$76))*COS(W88) -> -1.7025741e-09 | V88: =DEGREES(W88) -> 0.69428592 | W88: 0.012117575 | X88: -0.0020831431 | Y88: =DEGREES(X88) -> -0.11935531 | Z88: =-0.5*G$80*C$5*K88^2*(C$8+(C$3^2)*(X88-C$6)^2/(PI()*C$7))+N88/K88*COS(X88-C$1)-C$12*(C$14+G$83*(K$90-K88)/(K$90-K$76))*SIN(W88) -> 3.790376e-09 | AB88: =T88 -> 13
K89: =G$86+T52*G$85 -> 100.40966 | L89: =K89/C$9/C$2 -> 1.2714461 | M89: =0.2132*L89^3-1.0928*L89^2+1.7147*L89 -> 0.85176403 | N89: =G$81*M89 -> 236770.13 | O89: =N89/K89 -> 2358.0414 | P89: =Y89 -> -0.41538514 | Q89: =V89 -> 0.12867622 | R89: =K89*SIN(RADIANS(Q89)) -> 0.2255022 | S89: =(N89/1000)/(R89*3600) -> 0.29165782 | T89: 14 | U89: =0.5*G$80*C$5*C$3*(X89-C$6)*K89^2+N89/K89*SIN(X89-C$1)-C$12*(C$14+G$83*(K$90-K89)/(K$90-K$76))*COS(W89) -> -3.9053702e-08 | V89: =DEGREES(W89) -> 0.12867622 | W89: 0.0022458237 | X89: -0.0072498384 | Y89: =DEGREES(X89) -> -0.41538514 | Z89: =-0.5*G$80*C$5*K89^2*(C$8+(C$3^2)*(X89-C$6)^2/(PI()*C$7))+N89/K89*COS(X89-C$1)-C$12*(C$14+G$83*(K$90-K89)/(K$90-K$76))*SIN(W89) -> -2.2634339e-10 | AB89: =T89 -> 14
K90: =K72 -> 105 | L90: =K90/C$9/C$2 -> 1.3295717 | M90: =0.2132*L90^3-1.0928*L90^2+1.7147*L90 -> 0.84910527 | N90: =G$81*M90 -> 236031.06 | O90: =N90/K90 -> 2247.9148 | P90: =Y90 -> -0.67216955 | Q90: =V90 -> -0.47971402 | R90: =K90*SIN(RADIANS(Q90)) -> -0.87911158 | S90: =(N90/1000)/(R90*3600) -> -0.074580047 | T90: 15 | U90: =0.5*G$80*C$5*C$3*(X90-C$6)*K90^2+N90/K90*SIN(X90-C$1)-C$12*(C$14+G$83*(K$90-K90)/(K$90-K$76))*COS(W90) -> -0.0040243182 | V90: =DEGREES(W90) -> -0.47971402 | W90: -0.008372589 | X90: -0.011731572 | Y90: =DEGREES(X90) -> -0.67216955 | Z90: =-0.5*G$80*C$5*K90^2*(C$8+(C$3^2)*(X90-C$6)^2/(PI()*C$7))+N90/K90*COS(X90-C$1)-C$12*(C$14+G$83*(K$90-K90)/(K$90-K$76))*SIN(W90) -> -7.2373131e-05 | AB90: =T90 -> 15
K92: Metoda ciągu, zmienna masa, h=5000m
K93: V [m/s] | L93: J | M93: ηs | N93: Nr [W] | O93: Ps [N] | P93: α [°] | Q93: γ [°] | R93: w [m/s] | S93: Nr/w | U93: γ | V93: [°] | W93: [rad] | X93: [rad] | Y93: [°] | Z93: α
K94: =SQRT(2*(C$14+G101)*C$12/C$5/C$15/G98) -> 47.461374 | L94: =K94/C$9/C$2 -> 0.60098381 | M94: =0.2202*L94^3-1.1245*L94^2+1.7429*L94 -> 0.68910359 | N94: =G$99*M94 -> 167876.28 | O94: =N94/K94 -> 3537.1137 | P94: =Y94 -> 11.897599 | Q94: =V94 -> 1.3176962 | R94: =K94*SIN(RADIANS(Q94)) -> 1.091427 | S94: =(N94/1000)/(R94*3600) -> 0.042725992 | T94: 1 | U94: =0.5*G$98*C$5*C$3*(X94-C$6)*K94^2+N94/K94*SIN(X94-C$1)-C$12*(C$14+G$101*(K$108-K94)/(K$108-K$94))*COS(W94) -> -4.5121851e-08 | V94: =DEGREES(W94) -> 1.3176962 | W94: 0.022998137 | X94: 0.20765227 | Y94: =DEGREES(X94) -> 11.897599 | Z94: =-0.5*G$98*C$5*K94^2*(C$8+(C$3^2)*(X94-C$6)^2/(PI()*C$7))+N94/K94*COS(X94-C$1)-C$12*(C$14+G$101*(K$108-K94)/(K$108-K$94))*SIN(W94) -> -1.8189894e-12 | AB94: =T94 -> 1
K95: 50 | L95: =K95/C$9/C$2 -> 0.63312938 | M95: =0.2202*L95^3-1.1245*L95^2+1.7429*L95 -> 0.70860714 | N95: =G$99*M95 -> 172627.64 | O95: =N95/K95 -> 3452.5529 | P95: =Y95 -> 10.356023 | Q95: =V95 -> 1.6359442 | R95: =K95*SIN(RADIANS(Q95)) -> 1.4274366 | S95: =(N95/1000)/(R95*3600) -> 0.033593171 | T95: 2 | U95: =0.5*G$98*C$5*C$3*(X95-C$6)*K95^2+N95/K95*SIN(X95-C$1)-C$12*(C$14+G$101*(K$108-K95)/(K$108-K$94))*COS(W95) -> 8.055965e-05 | V95: =DEGREES(W95) -> 1.6359442 | W95: 0.028552612 | X95: 0.18074669 | Y95: =DEGREES(X95) -> 10.356023 | Z95: =-0.5*G$98*C$5*K95^2*(C$8+(C$3^2)*(X95-C$6)^2/(PI()*C$7))+N95/K95*COS(X95-C$1)-C$12*(C$14+G$101*(K$108-K95)/(K$108-K$94))*SIN(W95) -> 1.4953734e-05 | AB95: =T95 -> 2
K96: =G$104+T59*G$103 -> 51.119378 | L96: =K96/C$9/C$2 -> 0.6473036 | M96: =0.2202*L96^3-1.1245*L96^2+1.7429*L96 -> 0.71674072 | N96: =G$99*M96 -> 174609.11 | O96: =N96/K96 -> 3415.7127 | P96: =Y96 -> 9.746754 | Q96: =V96 -> 1.7503207 | R96: =K96*SIN(RADIANS(Q96)) -> 1.5613958 | S96: =(N96/1000)/(R96*3600) -> 0.031063572 | T96: 3 | U96: =0.5*G$98*C$5*C$3*(X96-C$6)*K96^2+N96/K96*SIN(X96-C$1)-C$12*(C$14+G$101*(K$108-K96)/(K$108-K$94))*COS(W96) -> 9.6337317e-08 | V96: =DEGREES(W96) -> 1.7503207 | W96: 0.030548859 | X96: 0.17011295 | Y96: =DEGREES(X96) -> 9.746754 | Z96: =-0.5*G$98*C$5*K96^2*(C$8+(C$3^2)*(X96-C$6)^2/(PI()*C$7))+N96/K96*COS(X96-C$1)-C$12*(C$14+G$101*(K$108-K96)/(K$108-K$94))*SIN(W96) -> -3.5052608e-07 | AB96: =T96 -> 3
F97: h | G97: 5000 | H97: m | K97: =G$104+T60*G$103 -> 55.192763 | L97: =K97/C$9/C$2 -> 0.69888319 | M97: =0.2202*L97^3-1.1245*L97^2+1.7429*L97 -> 0.74400298 | N97: =G$99*M97 -> 181250.62 | O97: =N97/K97 -> 3283.9562 | P97: =Y97 -> 7.830194 | Q97: =V97 -> 2.0546706 | R97: =K97*SIN(RADIANS(Q97)) -> 1.9788306 | S97: =(N97/1000)/(R97*3600) -> 0.025443003 | T97: 4 | U97: =0.5*G$98*C$5*C$3*(X97-C$6)*K97^2+N97/K97*SIN(X97-C$1)-C$12*(C$14+G$101*(K$108-K97)/(K$108-K$94))*COS(W97) -> -7.1239592e-06 | V97: =DEGREES(W97) -> 2.0546706 | W97: 0.035860768 | X97: 0.13666267 | Y97: =DEGREES(X97) -> 7.830194 | Z97: =-0.5*G$98*C$5*K97^2*(C$8+(C$3^2)*(X97-C$6)^2/(PI()*C$7))+N97/K97*COS(X97-C$1)-C$12*(C$14+G$101*(K$108-K97)/(K$108-K$94))*SIN(W97) -> -2.0711479e-07 | AB97: =T97 -> 4
F98: ρh | G98: =C$11*(1-G97/44300)^4.256 -> 0.7361287 | H98: kg/m3 | K98: =G$104+T61*G$103 -> 59.266148 | L98: =K98/C$9/C$2 -> 0.75046279 | M98: =0.2202*L98^3-1.1245*L98^2+1.7429*L98 -> 0.76773844 | N98: =G$99*M98 -> 187032.94 | O98: =N98/K98 -> 3155.8141 | P98: =Y98 -> 6.2930223 | Q98: =V98 -> 2.2153823 | R98: =K98*SIN(RADIANS(Q98)) -> 2.290997 | S98: =(N98/1000)/(R98*3600) -> 0.022677286 | T98: 5 | U98: =0.5*G$98*C$5*C$3*(X98-C$6)*K98^2+N98/K98*SIN(X98-C$1)-C$12*(C$14+G$101*(K$108-K98)/(K$108-K$94))*COS(W98) -> 4.6045898e-08 | V98: =DEGREES(W98) -> 2.2153823 | W98: 0.038665715 | X98: 0.10983396 | Y98: =DEGREES(X98) -> 6.2930223 | Z98: =-0.5*G$98*C$5*K98^2*(C$8+(C$3^2)*(X98-C$6)^2/(PI()*C$7))+N98/K98*COS(X98-C$1)-C$12*(C$14+G$101*(K$108-K98)/(K$108-K$94))*SIN(W98) -> -2.2756967e-07 | AB98: =T98 -> 5
F99: Nh | G99: =C$4*((G98/C$11)-C$10)/(1-C$10) -> 243615.45 | H99: W | K99: =G$104+T62*G$103 -> 63.339533 | L99: =K99/C$9/C$2 -> 0.80204239 | M99: =0.2202*L99^3-1.1245*L99^2+1.7429*L99 -> 0.78812842 | N99: =G$99*M99 -> 192000.26 | O99: =N99/K99 -> 3031.2862 | P99: =Y99 -> 5.0432801 | Q99: =V99 -> 2.2638427 | R99: =K99*SIN(RADIANS(Q99)) -> 2.5019894 | S99: =(N99/1000)/(R99*3600) -> 0.021316399 | T99: 6 | U99: =0.5*G$98*C$5*C$3*(X99-C$6)*K99^2+N99/K99*SIN(X99-C$1)-C$12*(C$14+G$101*(K$108-K99)/(K$108-K$94))*COS(W99) -> 3.7503924e-08 | V99: =DEGREES(W99) -> 2.2638427 | W99: 0.039511509 | X99: 0.088021843 | Y99: =DEGREES(X99) -> 5.0432801 | Z99: =-0.5*G$98*C$5*K99^2*(C$8+(C$3^2)*(X99-C$6)^2/(PI()*C$7))+N99/K99*COS(X99-C$1)-C$12*(C$14+G$101*(K$108-K99)/(K$108-K$94))*SIN(W99) -> -2.1160918e-07 | AB99: =T99 -> 6
F100: CN | G100: =G99/G98/C$9^3/C$2^5 -> 0.19846449 | H100: - | K100: =G$104+T63*G$103 -> 67.412918 | L100: =K100/C$9/C$2 -> 0.85362199 | M100: =0.2202*L100^3-1.1245*L100^2+1.7429*L100 -> 0.8053542 | N100: =G$99*M100 -> 196196.72 | O100: =N100/K100 -> 2910.3728 | P100: =Y100 -> 4.0148863 | Q100: =V100 -> 2.2222019 | R100: =K100*SIN(RADIANS(Q100)) -> 2.613937 | S100: =(N100/1000)/(R100*3600) -> 0.020849427 | T100: 7 | U100: =0.5*G$98*C$5*C$3*(X100-C$6)*K100^2+N100/K100*SIN(X100-C$1)-C$12*(C$14+G$101*(K$108-K100)/(K$108-K$94))*COS(W100) -> 2.1012966e-08 | V100: =DEGREES(W100) -> 2.2222019 | W100: 0.038784739 | X100: 0.070072986 | Y100: =DEGREES(X100) -> 4.0148863 | Z100: =-0.5*G$98*C$5*K100^2*(C$8+(C$3^2)*(X100-C$6)^2/(PI()*C$7))+N100/K100*COS(X100-C$1)-C$12*(C$14+G$101*(K$108-K100)/(K$108-K$94))*SIN(W100) -> -1.3486124e-07 | AB100: =T100 -> 7
F101: mph | G101: =G83-G84 -> 528.78688 | H101: kg | K101: =G$104+T64*G$103 -> 71.486304 | L101: =K101/C$9/C$2 -> 0.90520158 | M101: =0.2202*L101^3-1.1245*L101^2+1.7429*L101 -> 0.8195971 | N101: =G$99*M101 -> 199666.51 | O101: =N101/K101 -> 2793.0737 | P101: =Y101 -> 3.1594721 | Q101: =V101 -> 2.1063339 | R101: =K101*SIN(RADIANS(Q101)) -> 2.6274206 | S101: =(N101/1000)/(R101*3600) -> 0.021109266 | T101: 8 | U101: =0.5*G$98*C$5*C$3*(X101-C$6)*K101^2+N101/K101*SIN(X101-C$1)-C$12*(C$14+G$101*(K$108-K101)/(K$108-K$94))*COS(W101) -> -9.7683191e-05 | V101: =DEGREES(W101) -> 2.1063339 | W101: 0.036762461 | X101: 0.055143191 | Y101: =DEGREES(X101) -> 3.1594721 | Z101: =-0.5*G$98*C$5*K101^2*(C$8+(C$3^2)*(X101-C$6)^2/(PI()*C$7))+N101/K101*COS(X101-C$1)-C$12*(C$14+G$101*(K$108-K101)/(K$108-K$94))*SIN(W101) -> -6.718119e-06 | AB101: =T101 -> 8
F102: dmp | G102: {=(G115-G97)*C$16*MIN(IF(S94:S108>0,S94:S108))} -> 6.4633225 | H102: kg | K102: =G$104+T65*G$103 -> 75.559689 | L102: =K102/C$9/C$2 -> 0.95678118 | M102: =0.2202*L102^3-1.1245*L102^2+1.7429*L102 -> 0.83103841 | N102: =G$99*M102 -> 202453.79 | O102: =N102/K102 -> 2679.3889 | P102: =Y102 -> 2.4410353 | Q102: =V102 -> 1.9277521 | R102: =K102*SIN(RADIANS(Q102)) -> 2.541773 | S102: =(N102/1000)/(R102*3600) -> 0.022125172 | T102: 9 | U102: =0.5*G$98*C$5*C$3*(X102-C$6)*K102^2+N102/K102*SIN(X102-C$1)-C$12*(C$14+G$101*(K$108-K102)/(K$108-K$94))*COS(W102) -> -4.779192e-05 | V102: =DEGREES(W102) -> 1.9277521 | W102: 0.033645621 | X102: 0.042604103 | Y102: =DEGREES(X102) -> 2.4410353 | Z102: =-0.5*G$98*C$5*K102^2*(C$8+(C$3^2)*(X102-C$6)^2/(PI()*C$7))+N102/K102*COS(X102-C$1)-C$12*(C$14+G$101*(K$108-K102)/(K$108-K$94))*SIN(W102) -> -2.8797147e-06 | AB102: =T102 -> 9
F103: v | G103: =(K108-G104)/T107 -> 4.0733852 | H103: m/s | K103: =G$104+T66*G$103 -> 79.633074 | L103: =K103/C$9/C$2 -> 1.0083608 | M103: =0.2202*L103^3-1.1245*L103^2+1.7429*L103 -> 0.83985944 | N103: =G$99*M103 -> 204602.73 | O103: =N103/K103 -> 2569.3185 | P103: =Y103 -> 1.8323677 | Q103: =V103 -> 1.6948751 | R103: =K103*SIN(RADIANS(Q103)) -> 2.3552945 | S103: =(N103/1000)/(R103*3600) -> 0.024130355 | T103: 10 | U103: =0.5*G$98*C$5*C$3*(X103-C$6)*K103^2+N103/K103*SIN(X103-C$1)-C$12*(C$14+G$101*(K$108-K103)/(K$108-K$94))*COS(W103) -> -2.1653403e-05 | V103: =DEGREES(W103) -> 1.6948751 | W103: 0.029581151 | X103: 0.03198085 | Y103: =DEGREES(X103) -> 1.8323677 | Z103: =-0.5*G$98*C$5*K103^2*(C$8+(C$3^2)*(X103-C$6)^2/(PI()*C$7))+N103/K103*COS(X103-C$1)-C$12*(C$14+G$101*(K$108-K103)/(K$108-K$94))*SIN(W103) -> -1.1383246e-06 | AB103: =T103 -> 10
G104: =SQRT(2*(C$14)*C$12/C$5/C$15/G98) -> 42.972607 | K104: =G$104+T67*G$103 -> 83.706459 | L104: =K104/C$9/C$2 -> 1.0599404 | M104: =0.2202*L104^3-1.1245*L104^2+1.7429*L104 -> 0.84624149 | N104: =G$99*M104 -> 206157.5 | O104: =N104/K104 -> 2462.8625 | P104: =Y104 -> 1.3126206 | Q104: =V104 -> 1.41388 | R104: =K104*SIN(RADIANS(Q104)) -> 2.0654031 | S104: =(N104/1000)/(R104*3600) -> 0.027726294 | T104: 11 | U104: =0.5*G$98*C$5*C$3*(X104-C$6)*K104^2+N104/K104*SIN(X104-C$1)-C$12*(C$14+G$101*(K$108-K104)/(K$108-K$94))*COS(W104) -> -8.6699365e-06 | V104: =DEGREES(W104) -> 1.41388 | W104: 0.024676861 | X104: 0.022909551 | Y104: =DEGREES(X104) -> 1.3126206 | Z104: =-0.5*G$98*C$5*K104^2*(C$8+(C$3^2)*(X104-C$6)^2/(PI()*C$7))+N104/K104*COS(X104-C$1)-C$12*(C$14+G$101*(K$108-K104)/(K$108-K$94))*SIN(W104) -> -3.9494023e-07 | AB104: =T104 -> 11
K105: =G$104+T68*G$103 -> 87.779844 | L105: =K105/C$9/C$2 -> 1.11152 | M105: =0.2202*L105^3-1.1245*L105^2+1.7429*L105 -> 0.85036585 | N105: =G$99*M105 -> 207162.26 | O105: =N105/K105 -> 2360.0208 | P105: =Y105 -> 0.86561494 | Q105: =V105 -> 1.0892872 | R105: =K105*SIN(RADIANS(Q105)) -> 1.668739 | S105: =(N105/1000)/(R105*3600) -> 0.034484164 | T105: 12 | U105: =0.5*G$98*C$5*C$3*(X105-C$6)*K105^2+N105/K105*SIN(X105-C$1)-C$12*(C$14+G$101*(K$108-K105)/(K$108-K$94))*COS(W105) -> -2.791985e-06 | V105: =DEGREES(W105) -> 1.0892872 | W105: 0.019011649 | X105: 0.015107831 | Y105: =DEGREES(X105) -> 0.86561494 | Z105: =-0.5*G$98*C$5*K105^2*(C$8+(C$3^2)*(X105-C$6)^2/(PI()*C$7))+N105/K105*COS(X105-C$1)-C$12*(C$14+G$101*(K$108-K105)/(K$108-K$94))*SIN(W105) -> -1.0643976e-07 | AB105: =T105 -> 12
...

Sheet h=0m
A1: wysokość lotu | B1: h | C1: 0 | D1: m | G1: Metoda ciągu, m=mśr, h=0m
A2: Maksymalny ciężar | B2: Qmax | C2: =Podsumowanie!B31 -> 28993.455 | D2: N | G2: V [m/s] | H2: J | I2: ηs | J2: Nr [W] | K2: Ps [N] | L2: α [°] | M2: γ [°] | N2: w [m/s]
A3: kąt pochylenia osi silnika fi | B3: φ | C3: =Podsumowanie!B29 -> 0.017453293 | D3: rad | G3: =SQRT(2*C$15/C$7/C$16/C17) -> 35.157432 | H3: =G3/C$12/C$4 -> 0.44518406 | I3: =0.185*H3^3-0.9822*H3^2+1.6209*H3 -> 0.54326041 | J3: =C$18*I3 -> 242294.14 | K3: =J3/G3 -> 6891.6905 | L3: =OFFSET(D27,A27-2,0,1,1) -> 11.327448 | M3: =OFFSET(D26,A27-2,0,1,1) -> 9.5841953 | N3: =G3*SIN(RADIANS(M3)) -> 5.8535985
A4: średnica śmigła | B4: D | C4: =Podsumowanie!B12 -> 1.84 | D4: m | G4: 45 | H4: =G4/C$12/C$4 -> 0.56981644 | I4: =0.185*H4^3-0.9822*H4^2+1.6209*H4 -> 0.63893181 | J4: =C$18*I4 -> 284963.59 | K4: =J4/G4 -> 6332.5241 | L4: =OFFSET(D28,A28-2,0,1,1) -> 5.9971158 | M4: =OFFSET(D27,A28-2,0,1,1) -> 9.6448957 | N4: =G4*SIN(RADIANS(M4)) -> 7.5393585
A5: Współczynnik kierunkowy prostej Cz(a) | B5: a∞ | C5: =Podsumowanie!B16 -> 6.134 | D5: 1/rad | G5: 52 | H5: =G5/C$12/C$4 -> 0.65845456 | I5: =0.185*H5^3-0.9822*H5^2+1.6209*H5 -> 0.69425801 | J5: =C$18*I5 -> 309639.07 | K5: =J5/G5 -> 5954.5975 | L5: =OFFSET(D29,A29-2,0,1,1) -> 3.8246266 | M5: =OFFSET(D28,A29-2,0,1,1) -> 9.0931619 | N5: =G5*SIN(RADIANS(M5)) -> 8.2180915
A6: Moc silnika | B6: Nmax | C6: =Podsumowanie!B9 -> 446000 | D6: W | G6: 59 | H6: =G6/C$12/C$4 -> 0.74709267 | I6: =0.185*H6^3-0.9822*H6^2+1.6209*H6 -> 0.73989283 | J6: =C$18*I6 -> 329992.2 | K6: =J6/G6 -> 5593.0882 | L6: =OFFSET(D30,A30-2,0,1,1) -> 2.3527363 | M6: =OFFSET(D29,A30-2,0,1,1) -> 8.281519 | N6: =G6*SIN(RADIANS(M6)) -> 8.498184
A7: Powierzchnia nośna | B7: S | C7: =Podsumowanie!B3 -> 21.3 | D7: m2 | G7: 67 | H7: =G7/C$12/C$4 -> 0.84839337 | I7: =0.185*H7^3-0.9822*H7^2+1.6209*H7 -> 0.78117154 | J7: =C$18*I7 -> 348402.51 | K7: =J7/G7 -> 5200.0374 | L7: =OFFSET(D31,A31-2,0,1,1) -> 1.1869397 | M7: =OFFSET(D30,A31-2,0,1,1) -> 7.1547475 | N7: =G7*SIN(RADIANS(M7)) -> 8.3448243
A8: Kąt zerowej siły nośnej | B8: α0 | C8: =Podsumowanie!B30 -> -0.051836279 | D8: rad | G8: 74 | H8: =G8/C$12/C$4 -> 0.93703148 | I8: =0.185*H8^3-0.9822*H8^2+1.6209*H8 -> 0.80864211 | J8: =C$18*I8 -> 360654.38 | K8: =J8/G8 -> 4873.7078 | L8: =OFFSET(D32,A32-2,0,1,1) -> 0.45359557 | M8: =OFFSET(D31,A32-2,0,1,1) -> 6.0505477 | N8: =G8*SIN(RADIANS(M8)) -> 7.8000302
A9: masa samolotu | B9: m | C9: =Podsumowanie!B7 -> 2405.5 | D9: kg | G9: 81 | H9: =G9/C$12/C$4 -> 1.0256696 | I9: =0.185*H9^3-0.9822*H9^2+1.6209*H9 -> 0.82885075 | J9: =C$18*I9 -> 369667.44 | K9: =J9/G9 -> 4563.7955 | L9: =OFFSET(D33,A33-2,0,1,1) -> -0.10241885 | M9: =OFFSET(D32,A33-2,0,1,1) -> 4.8658269 | N9: =G9*SIN(RADIANS(M9)) -> 6.8706351
A10: wydłużenie Oswalda | B10: Λe | C10: =Podsumowanie!B13 -> 5.884 | D10: - | G10: 89 | H10: =G10/C$12/C$4 -> 1.1269703 | I10: =0.185*H10^3-0.9822*H10^2+1.6209*H10 -> 0.84404582 | J10: =C$18*I10 -> 376444.43 | K10: =J10/G10 -> 4229.7127 | L10: =OFFSET(D34,A34-2,0,1,1) -> -0.58781925 | M10: =OFFSET(D33,A34-2,0,1,1) -> 3.4348398 | N10: =G10*SIN(RADIANS(M10)) -> 5.3322891
A11: Minimalny współczynnik Cx z danych | B11: (Cx)min | C11: =Podsumowanie!B14 -> 0.02214 | D11: - | G11: 96 | H11: =G11/C$12/C$4 -> 1.2156084 | I11: =0.185*H11^3-0.9822*H11^2+1.6209*H11 -> 0.85129619 | J11: =C$18*I11 -> 379678.1 | K11: =J11/G11 -> 3954.9802 | L11: =OFFSET(D35,A35-2,0,1,1) -> -0.91910979 | M11: =OFFSET(D34,A35-2,0,1,1) -> 2.1270789 | N11: =G11*SIN(RADIANS(M11)) -> 3.5631363
A12: Obroty silnika | B12: ns | C12: =Podsumowanie!B11 -> 42.92 | D12: 1/s | G12: 103 | H12: =G12/C$12/C$4 -> 1.3042465 | I12: =0.185*H12^3-0.9822*H12^2+1.6209*H12 -> 0.8537141 | J12: =C$18*I12 -> 380756.49 | K12: =J12/G12 -> 3696.6649 | L12: =OFFSET(D36,A36-2,0,1,1) -> -1.1867582 | M12: =OFFSET(D35,A36-2,0,1,1) -> 0.77433371 | N12: =G12*SIN(RADIANS(M12)) -> 1.3919689
A13: współczynnik korekcyjny | B13: k | C13: =Podsumowanie!B17 -> 0.12 | D13: - | G13: 111 | H13: =G13/C$12/C$4 -> 1.4055472 | I13: =0.185*H13^3-0.9822*H13^2+1.6209*H13 -> 0.85155173 | J13: =C$18*I13 -> 379792.07 | K13: =J13/G13 -> 3421.5502 | L13: =OFFSET(D37,A37-2,0,1,1) -> -1.4343085 | M13: =OFFSET(D36,A37-2,0,1,1) -> -0.82143482 | N13: =G13*SIN(RADIANS(M13)) -> -1.5913239
A14: gęstość powietrza przy ziemii | B14: ρ | C14: =Podsumowanie!B2 -> 1.2255 | D14: kg/m3 | G14: 118 | H14: =G14/C$12/C$4 -> 1.4941853 | I14: =0.185*H14^3-0.9822*H14^2+1.6209*H14 -> 0.84621734 | J14: =C$18*I14 -> 377412.93 | K14: =J14/G14 -> 3198.4147 | L14: =OFFSET(D38,A38-2,0,1,1) -> -1.6119936 | M14: =OFFSET(D37,A38-2,0,1,1) -> -2.2583952 | N14: =G14*SIN(RADIANS(M14)) -> -4.6499347
A15: Ciężar samolotu | B15: Q | C15: =Podsumowanie!B8 -> 26295.705 | D15: N | G15: 125 | H15: =G15/C$12/C$4 -> 1.5828235 | I15: =0.185*H15^3-0.9822*H15^2+1.6209*H15 -> 0.83847994 | J15: =C$18*I15 -> 373962.05 | K15: =J15/G15 -> 2991.6964 | L15: =OFFSET(D39,A39-2,0,1,1) -> -1.7615241 | M15: =OFFSET(D38,A39-2,0,1,1) -> -3.7317614 | N15: =G15*SIN(RADIANS(M15)) -> -8.1356855
A16: Maksymalne Cz | B16: Czmax | C16: =Podsumowanie!B15 -> 1.63 | D16: - | G16: 132 | H16: =G16/C$12/C$4 -> 1.6714616 | I16: =0.185*H16^3-0.9822*H16^2+1.6209*H16 -> 0.82911254 | J16: =C$18*I16 -> 369784.19 | K16: =J16/G16 -> 2801.3954 | L16: =OFFSET(D40,A40-2,0,1,1) -> -1.8886441 | M16: =OFFSET(D39,A40-2,0,1,1) -> -5.240845 | N16: =G16*SIN(RADIANS(M16)) -> -12.05721
A17: gęstość powietrza na wysokości h | B17: ρh | C17: =C14*(1-C1/44300)^4.256 -> 1.2255 | D17: kg/m3 | G17: 140 | H17: =G17/C$12/C$4 -> 1.7727623 | I17: =0.185*H17^3-0.9822*H17^2+1.6209*H17 -> 0.81740264 | J17: =C$18*I17 -> 364561.58 | K17: =J17/G17 -> 2604.0113 | L17: =OFFSET(D41,A41-2,0,1,1) -> -2.012017 | M17: =OFFSET(D40,A41-2,0,1,1) -> -7.009137 | N17: =G17*SIN(RADIANS(M17)) -> -17.083867
A18: Moc na wysokości przelotowej | B18: Nh | C18: =C6*((C17/C14)-C13)/(1-C13) -> 446000 | D18: W
A19: Współczynnik mocy | B19: CN | C19: =C18/C17/C12^3/C4^5 -> 0.21824952 | D19: -
A20: Maksymalny ciężar samolotu | B20: Qmax | C20: =Podsumowanie!B31 -> 28993.455 | D20: N | F20: Metoda mocy, m=mśr, h=0m
F21: Cz | G21: E | H21: V [m/s] | I21: J | J21: ηs | K21: Nn [W] | L21: Nr [W] | M21: ΔN [W] | N21: w [m/s] | O21: γ [°] | P21: α [°]
F22: 1.63 | G22: 156.18 | H22: =SQRT((2*C$15)/(C$7*C$17*F22)) -> 35.157432 | I22: =H22/C$12/C$4 -> 0.44518406 | J22: =0.185*I22^3-0.9822*I22^2+1.6209*I22 -> 0.54326041 | K22: =C$15*SQRT((2*C$15)/(C$17*C$7*G22)) -> 94445.889 | L22: =C$18*J22 -> 242294.14 | M22: =(L22-K22) -> 147848.25 | N22: =M22/C$15 -> 5.6225247 | O22: =DEGREES(ASIN(N22/H22)) -> 9.2024975 | P22: 15.277
F23: 1.571 | G23: 158.85 | H23: =SQRT((2*C$15)/(C$7*C$17*F23)) -> 35.811528 | I23: =H23/C$12/C$4 -> 0.45346661 | J23: =0.185*I23^3-0.9822*I23^2+1.6209*I23 -> 0.55030305 | K23: =C$15*SQRT((2*C$15)/(C$17*C$7*G23)) -> 93648.787 | L23: =C$18*J23 -> 245435.16 | M23: =(L23-K23) -> 151786.37 | N23: =M23/C$15 -> 5.7722877 | O23: =DEGREES(ASIN(N23/H23)) -> 9.2756951 | P23: 12.123
F24: 1.474 | G24: 163.07 | H24: =SQRT((2*C$15)/(C$7*C$17*F24)) -> 36.971086 | I24: =H24/C$12/C$4 -> 0.46814961 | J24: =0.185*I24^3-0.9822*I24^2+1.6209*I24 -> 0.56254206 | K24: =C$15*SQRT((2*C$15)/(C$17*C$7*G24)) -> 92429.101 | L24: =C$18*J24 -> 250893.76 | M24: =(L24-K24) -> 158464.66 | N24: =M24/C$15 -> 6.0262563 | O24: =DEGREES(ASIN(N24/H24)) -> 9.3810218 | P24: 11.015
B25: Równania | C25: Kąty [rad] | D25: Kąty [deg] | F25: 1.379 | G25: 167.61 | H25: =SQRT((2*C$15)/(C$7*C$17*F25)) -> 38.223356 | I25: =H25/C$12/C$4 -> 0.48400659 | J25: =0.185*I25^3-0.9822*I25^2+1.6209*I25 -> 0.57540992 | K25: =C$15*SQRT((2*C$15)/(C$17*C$7*G25)) -> 91168.709 | L25: =C$18*J25 -> 256632.82 | M25: =(L25-K25) -> 165464.11 | N25: =M25/C$15 -> 6.2924388 | O25: =DEGREES(ASIN(N25/H25)) -> 9.4753272 | P25: 9.578
A26: 1 | B26: =-K3*COS(C26+C27-C$3)+0.5*C$17*C$7*C$5*(C27-C$8)*G3^2*SIN(C26)+0.5*C$17*C$7*(C$11+1/PI()/C$10*C$5^2*(C27-C$8)^2)*G3^2*COS(C26) -> 0.00025508661 | C26: 0.16727576 | D26: =DEGREES(C26) -> 9.5841953 | F26: 1.272 | G26: 169.65 | H26: =SQRT((2*C$15)/(C$7*C$17*F26)) -> 39.798563 | I26: =H26/C$12/C$4 -> 0.50395279 | J26: =0.185*I26^3-0.9822*I26^2+1.6209*I26 -> 0.5910871 | K26: =C$15*SQRT((2*C$15)/(C$17*C$7*G26)) -> 90618.91 | L26: =C$18*J26 -> 263624.85 | M26: =(L26-K26) -> 173005.94 | N26: =M26/C$15 -> 6.5792469 | O26: =DEGREES(ASIN(N26/H26)) -> 9.5154573 | P26: 8.472
A27: 2 | B27: =K3*SIN(C26+C27-C$3)+0.5*C$17*C$7*C$5*(C27-C$8)*G3^2*COS(C26)-0.5*C$17*C$7*(C$11+1/PI()/C$10*C$5^2*(C27-C$8)^2)*G3^2*SIN(C26)-C$15 -> -2.8058639e-07 | C27: 0.19770126 | D27: =DEGREES(C27) -> 11.327448 | F27: 1.178 | G27: 170.58 | H27: =SQRT((2*C$15)/(C$7*C$17*F27)) -> 41.355979 | I27: =H27/C$12/C$4 -> 0.5236737 | J27: =0.185*I27^3-0.9822*I27^2+1.6209*I27 -> 0.60603763 | K27: =C$15*SQRT((2*C$15)/(C$17*C$7*G27)) -> 90371.546 | L27: =C$18*J27 -> 270292.78 | M27: =(L27-K27) -> 179921.24 | N27: =M27/C$15 -> 6.8422291 | O27: =DEGREES(ASIN(N27/H27)) -> 9.5232117 | P27: 7.694
A28: 3 | B28: =-K4*COS(C28+C29-C$3)+0.5*C$17*C$7*C$5*(C29-C$8)*G4^2*SIN(C28)+0.5*C$17*C$7*(C$11+1/PI()/C$10*C$5^2*(C29-C$8)^2)*G4^2*COS(C28) -> -0.00034872542 | C28: 0.16833519 | D28: =DEGREES(C28) -> 9.6448957 | F28: 1.08 | G28: 169.97 | H28: =SQRT((2*C$15)/(C$7*C$17*F28)) -> 43.191578 | I28: =H28/C$12/C$4 -> 0.54691714 | J28: =0.185*I28^3-0.9822*I28^2+1.6209*I28 -> 0.62296864 | K28: =C$15*SQRT((2*C$15)/(C$17*C$7*G28)) -> 90533.567 | L28: =C$18*J28 -> 277844.01 | M28: =(L28-K28) -> 187310.45 | N28: =M28/C$15 -> 7.1232335 | O28: =DEGREES(ASIN(N28/H28)) -> 9.4926926 | P28: 7.048
A29: 4 | B29: =K4*SIN(C28+C29-C$3)+0.5*C$17*C$7*C$5*(C29-C$8)*G4^2*COS(C28)-0.5*C$17*C$7*(C$11+1/PI()/C$10*C$5^2*(C29-C$8)^2)*G4^2*SIN(C28)-C$15 -> 0.00017152022 | C29: 0.10466942 | D29: =DEGREES(C29) -> 5.9971158 | F29: 0.969 | G29: 164.23 | H29: =SQRT((2*C$15)/(C$7*C$17*F29)) -> 45.598343 | I29: =H29/C$12/C$4 -> 0.57739301 | J29: =0.185*I29^3-0.9822*I29^2+1.6209*I29 -> 0.64405903 | K29: =C$15*SQRT((2*C$15)/(C$17*C$7*G29)) -> 92102.097 | L29: =C$18*J29 -> 287250.33 | M29: =(L29-K29) -> 195148.23 | N29: =M29/C$15 -> 7.4212967 | O29: =DEGREES(ASIN(N29/H29)) -> 9.3667642 | P29: 6.074
A30: 5 | B30: =-K5*COS(C30+C31-C$3)+0.5*C$17*C$7*C$5*(C31-C$8)*G5^2*SIN(C30)+0.5*C$17*C$7*(C$11+1/PI()/C$10*C$5^2*(C31-C$8)^2)*G5^2*COS(C30) -> -0.00041453414 | C30: 0.15870561 | D30: =DEGREES(C30) -> 9.0931619 | F30: 0.868 | G30: 160.73 | H30: =SQRT((2*C$15)/(C$7*C$17*F30)) -> 48.178257 | I30: =H30/C$12/C$4 -> 0.6100614 | J30: =0.185*I30^3-0.9822*I30^2+1.6209*I30 -> 0.66530249 | K30: =C$15*SQRT((2*C$15)/(C$17*C$7*G30)) -> 93099.488 | L30: =C$18*J30 -> 296724.91 | M30: =(L30-K30) -> 203625.42 | N30: =M30/C$15 -> 7.7436761 | O30: =DEGREES(ASIN(N30/H30)) -> 9.2492523 | P30: 5.099
A31: 6 | B31: =K5*SIN(C30+C31-C$3)+0.5*C$17*C$7*C$5*(C31-C$8)*G5^2*COS(C30)-0.5*C$17*C$7*(C$11+1/PI()/C$10*C$5^2*(C31-C$8)^2)*G5^2*SIN(C30)-C$15 -> 0.00014969691 | C31: 0.066752327 | D31: =DEGREES(C31) -> 3.8246266 | F31: 0.771 | G31: 153.61 | H31: =SQRT((2*C$15)/(C$7*C$17*F31)) -> 51.119166 | I31: =H31/C$12/C$4 -> 0.64730092 | J31: =0.185*I31^3-0.9822*I31^2+1.6209*I31 -> 0.6878451 | K31: =C$15*SQRT((2*C$15)/(C$17*C$7*G31)) -> 95232.683 | L31: =C$18*J31 -> 306778.91 | M31: =(L31-K31) -> 211546.23 | N31: =M31/C$15 -> 8.0448967 | O31: =DEGREES(ASIN(N31/H31)) -> 9.054585 | P31: 3.86
A32: 7 | B32: =-K6*COS(C32+C33-C$3)+0.5*C$17*C$7*C$5*(C33-C$8)*G6^2*SIN(C32)+0.5*C$17*C$7*(C$11+1/PI()/C$10*C$5^2*(C33-C$8)^2)*G6^2*COS(C32) -> 0.00042264457 | C32: 0.14453977 | D32: =DEGREES(C32) -> 8.281519 | F32: 0.569 | G32: 116.14 | H32: =SQRT((2*C$15)/(C$7*C$17*F32)) -> 59.505186 | I32: =H32/C$12/C$4 -> 0.75348963 | J32: =0.185*I32^3-0.9822*I32^2+1.6209*I32 -> 0.74283198 | K32: =C$15*SQRT((2*C$15)/(C$17*C$7*G32)) -> 109522.88 | L32: =C$18*J32 -> 331303.06 | M32: =(L32-K32) -> 221780.18 | N32: =M32/C$15 -> 8.4340839 | O32: =DEGREES(ASIN(N32/H32)) -> 8.1483689 | P32: 2.042
A33: 8 | B33: =K6*SIN(C32+C33-C$3)+0.5*C$17*C$7*C$5*(C33-C$8)*G6^2*COS(C32)-0.5*C$17*C$7*(C$11+1/PI()/C$10*C$5^2*(C33-C$8)^2)*G6^2*SIN(C32)-C$15 -> -3.6503887e-05 | C33: 0.041062994 | D33: =DEGREES(C33) -> 2.3527363 | F33: 0.471 | G33: 88.53 | H33: =SQRT((2*C$15)/(C$7*C$17*F33)) -> 65.403425 | I33: =H33/C$12/C$4 -> 0.8281766 | J33: =0.185*I33^3-0.9822*I33^2+1.6209*I33 -> 0.77380854 | K33: =C$15*SQRT((2*C$15)/(C$17*C$7*G33)) -> 125444.19 | L33: =C$18*J33 -> 345118.61 | M33: =(L33-K33) -> 219674.42 | N33: =M33/C$15 -> 8.354004 | O33: =DEGREES(ASIN(N33/H33)) -> 7.3384589 | P33: 1.198
A34: 9 | B34: =-K7*COS(C34+C35-C$3)+0.5*C$17*C$7*C$5*(C35-C$8)*G7^2*SIN(C34)+0.5*C$17*C$7*(C$11+1/PI()/C$10*C$5^2*(C35-C$8)^2)*G7^2*COS(C34) -> 1.7864102e-06 | C34: 0.1248739 | D34: =DEGREES(C34) -> 7.1547475 | F34: 0.371 | G34: 56.77 | H34: =SQRT((2*C$15)/(C$7*C$17*F34)) -> 73.692619 | I34: =H34/C$12/C$4 -> 0.93313925 | J34: =0.185*I34^3-0.9822*I34^2+1.6209*I34 -> 0.80759392 | K34: =C$15*SQRT((2*C$15)/(C$17*C$7*G34)) -> 156652.14 | L34: =C$18*J34 -> 360186.89 | M34: =(L34-K34) -> 203534.75 | N34: =M34/C$15 -> 7.740228 | O34: =DEGREES(ASIN(N34/H34)) -> 6.0291234 | P34: 0.42
A35: 10 | B35: =K7*SIN(C34+C35-C$3)+0.5*C$17*C$7*C$5*(C35-C$8)*G7^2*COS(C34)-0.5*C$17*C$7*(C$11+1/PI()/C$10*C$5^2*(C35-C$8)^2)*G7^2*SIN(C34)-C$15 -> -9.0160029e-08 | C35: 0.020716007 | D35: =DEGREES(C35) -> 1.1869397 | F35: 0.276 | G35: 29.74 | H35: =SQRT((2*C$15)/(C$7*C$17*F35)) -> 85.439049 | I35: =H35/C$12/C$4 -> 1.0818794 | J35: =0.185*I35^3-0.9822*I35^2+1.6209*I35 -> 0.838255 | K35: =C$15*SQRT((2*C$15)/(C$17*C$7*G35)) -> 216433.9 | L35: =C$18*J35 -> 373861.73 | M35: =(L35-K35) -> 157427.83 | N35: =M35/C$15 -> 5.9868268 | O35: =DEGREES(ASIN(N35/H35)) -> 4.0180835 | P35: -0.292
A36: 11 | B36: =-K8*COS(C36+C37-C$3)+0.5*C$17*C$7*C$5*(C37-C$8)*G8^2*SIN(C36)+0.5*C$17*C$7*(C$11+1/PI()/C$10*C$5^2*(C37-C$8)^2)*G8^2*COS(C36) -> 5.3572876e-07 | C36: 0.10560198 | D36: =DEGREES(C36) -> 6.0505477 | F36: 0.186 | G36: 10.85 | H36: =SQRT((2*C$15)/(C$7*C$17*F36)) -> 104.07693 | I36: =H36/C$12/C$4 -> 1.3178833 | J36: =0.185*I36^3-0.9822*I36^2+1.6209*I36 -> 0.85370642 | K36: =C$15*SQRT((2*C$15)/(C$17*C$7*G36)) -> 358328.13 | L36: =C$18*J36 -> 380753.07 | M36: =(L36-K36) -> 22424.94 | N36: =M36/C$15 -> 0.85279858 | O36: =DEGREES(ASIN(N36/H36)) -> 0.46948258 | P36: -1.071
A37: 12 | B37: =K8*SIN(C36+C37-C$3)+0.5*C$17*C$7*C$5*(C37-C$8)*G8^2*COS(C36)-0.5*C$17*C$7*(C$11+1/PI()/C$10*C$5^2*(C37-C$8)^2)*G8^2*SIN(C36)-C$15 -> -1.7738785e-08 | C37: 0.0079167362 | D37: =DEGREES(C37) -> 0.45359557 | F37: 0.071 | G37: 0.71 | H37: =SQRT((2*C$15)/(C$7*C$17*F37)) -> 168.45417 | I37: =H37/C$12/C$4 -> 2.1330657 | J37: =0.185*I37^3-0.9822*I37^2+1.6209*I37 -> 0.7840023 | K37: =C$15*SQRT((2*C$15)/(C$17*C$7*G37)) -> 1400769.2 | L37: =C$18*J37 -> 349665.02 | M37: =(L37-K37) -> -1051104.2 | N37: =M37/C$15 -> -39.972467 | O37: =DEGREES(ASIN(N37/H37)) -> -13.726641 | P37: -2.044
A38: 13 | B38: =-K9*COS(C38+C39-C$3)+0.5*C$17*C$7*C$5*(C39-C$8)*G9^2*SIN(C38)+0.5*C$17*C$7*(C$11+1/PI()/C$10*C$5^2*(C39-C$8)^2)*G9^2*COS(C38) -> 1.3178305e-06 | C38: 0.084924701 | D38: =DEGREES(C38) -> 4.8658269
A39: 14 | B39: =K9*SIN(C38+C39-C$3)+0.5*C$17*C$7*C$5*(C39-C$8)*G9^2*COS(C38)-0.5*C$17*C$7*(C$11+1/PI()/C$10*C$5^2*(C39-C$8)^2)*G9^2*SIN(C38)-C$15 -> -4.296453e-08 | C39: -0.0017875461 | D39: =DEGREES(C39) -> -0.10241885 | F39: Metoda mocy, m=m0, h=0m
A40: 15 | B40: =-K10*COS(C40+C41-C$3)+0.5*C$17*C$7*C$5*(C41-C$8)*G10^2*SIN(C40)+0.5*C$17*C$7*(C$11+1/PI()/C$10*C$5^2*(C41-C$8)^2)*G10^2*COS(C40) -> -1.7700322e-06 | C40: 0.059949263 | D40: =DEGREES(C40) -> 3.4348398 | F40: Cz | G40: E | H40: V [m/s] | I40: J | J40: ηs | K40: Nn [W] | L40: Nr [W] | M40: ΔN [W] | N40: w [m/s] | O40: γ [°] | P40: α [°]
A41: 16 | B41: =K10*SIN(C40+C41-C$3)+0.5*C$17*C$7*C$5*(C41-C$8)*G10^2*COS(C40)-0.5*C$17*C$7*(C$11+1/PI()/C$10*C$5^2*(C41-C$8)^2)*G10^2*SIN(C40)-C$15 -> -5.3457952e-05 | C41: -0.010259381 | D41: =DEGREES(C41) -> -0.58781925 | F41: =F22 -> 1.63 | G41: =G22 -> 156.18 | H41: =SQRT((2*C$20)/(C$7*C$17*F41)) -> 36.916857 | I41: =H41/C$12/C$4 -> 0.46746294 | J41: =0.185*I41^3-0.9822*I41^2+1.6209*I41 -> 0.56197665 | K41: =C$20*SQRT((2*C$20)/(C$17*C$7*G41)) -> 109346.73 | L41: =C$18*J41 -> 250641.59 | M41: =(L41-K41) -> 141294.86 | N41: =M41/C$20 -> 4.8733364 | O41: =DEGREES(ASIN(N41/H41)) -> 7.5856674 | P41: =P22 -> 15.277
A42: 17 | B42: =-K11*COS(C42+C43-C$3)+0.5*C$17*C$7*C$5*(C43-C$8)*G11^2*SIN(C42)+0.5*C$17*C$7*(C$11+1/PI()/C$10*C$5^2*(C43-C$8)^2)*G11^2*COS(C42) -> -0.0011058816 | C42: 0.03712453 | D42: =DEGREES(C42) -> 2.1270789 | F42: =F23 -> 1.571 | G42: =G23 -> 158.85 | H42: =SQRT((2*C$20)/(C$7*C$17*F42)) -> 37.603687 | I42: =H42/C$12/C$4 -> 0.47615998 | J42: =0.185*I42^3-0.9822*I42^2+1.6209*I42 -> 0.56908756 | K42: =C$20*SQRT((2*C$20)/(C$17*C$7*G42)) -> 108423.87 | L42: =C$18*J42 -> 253813.05 | M42: =(L42-K42) -> 145389.19 | N42: =M42/C$20 -> 5.0145519 | O42: =DEGREES(ASIN(N42/H42)) -> 7.6633733 | P42: =P23 -> 12.123
A43: 18 | B43: =K11*SIN(C42+C43-C$3)+0.5*C$17*C$7*C$5*(C43-C$8)*G11^2*COS(C42)-0.5*C$17*C$7*(C$11+1/PI()/C$10*C$5^2*(C43-C$8)^2)*G11^2*SIN(C42)-C$15 -> 4.0488241e-05 | C43: -0.016041492 | D43: =DEGREES(C43) -> -0.91910979 | F43: =F24 -> 1.474 | G43: =G24 -> 163.07 | H43: =SQRT((2*C$20)/(C$7*C$17*F43)) -> 38.821274 | I43: =H43/C$12/C$4 -> 0.49157778 | J43: =0.185*I43^3-0.9822*I43^2+1.6209*I43 -> 0.58142705 | K43: =C$20*SQRT((2*C$20)/(C$17*C$7*G43)) -> 107011.75 | L43: =C$18*J43 -> 259316.46 | M43: =(L43-K43) -> 152304.72 | N43: =M43/C$20 -> 5.2530723 | O43: =DEGREES(ASIN(N43/H43)) -> 7.776793 | P43: =P24 -> 11.015
A44: 19 | B44: =-K12*COS(C44+C45-C$3)+0.5*C$17*C$7*C$5*(C45-C$8)*G12^2*SIN(C44)+0.5*C$17*C$7*(C$11+1/PI()/C$10*C$5^2*(C45-C$8)^2)*G12^2*COS(C44) -> 3.4232613e-05 | C44: 0.013514673 | D44: =DEGREES(C44) -> 0.77433371 | F44: =F25 -> 1.379 | G44: =G25 -> 167.61 | H44: =SQRT((2*C$20)/(C$7*C$17*F44)) -> 40.136213 | I44: =H44/C$12/C$4 -> 0.50822831 | J44: =0.185*I44^3-0.9822*I44^2+1.6209*I44 -> 0.59437449 | K44: =C$20*SQRT((2*C$20)/(C$17*C$7*G44)) -> 105552.5 | L44: =C$18*J44 -> 265091.02 | M44: =(L44-K44) -> 159538.52 | N44: =M44/C$20 -> 5.5025702 | O44: =DEGREES(ASIN(N44/H44)) -> 7.8799196 | P44: =P25 -> 9.578
A45: 20 | B45: =K12*SIN(C44+C45-C$3)+0.5*C$17*C$7*C$5*(C45-C$8)*G12^2*COS(C44)-0.5*C$17*C$7*(C$11+1/PI()/C$10*C$5^2*(C45-C$8)^2)*G12^2*SIN(C44)-C$15 -> 0.0001584835 | C45: -0.020712838 | D45: =DEGREES(C45) -> -1.1867582 | F45: =F26 -> 1.272 | G45: =G26 -> 169.65 | H45: =SQRT((2*C$20)/(C$7*C$17*F45)) -> 41.79025 | I45: =H45/C$12/C$4 -> 0.5291727 | J45: =0.185*I45^3-0.9822*I45^2+1.6209*I45 -> 0.61011018 | K45: =C$20*SQRT((2*C$20)/(C$17*C$7*G45)) -> 104915.96 | L45: =C$18*J45 -> 272109.14 | M45: =(L45-K45) -> 167193.18 | N45: =M45/C$20 -> 5.7665835 | O45: =DEGREES(ASIN(N45/H45)) -> 7.9314793 | P45: =P26 -> 8.472
A46: 21 | B46: =-K13*COS(C46+C47-C$3)+0.5*C$17*C$7*C$5*(C47-C$8)*G13^2*SIN(C46)+0.5*C$17*C$7*(C$11+1/PI()/C$10*C$5^2*(C47-C$8)^2)*G13^2*COS(C46) -> 0.00033589977 | C46: -0.014336742 | D46: =DEGREES(C46) -> -0.82143482 | F46: =F27 -> 1.178 | G46: =G27 -> 170.58 | H46: =SQRT((2*C$20)/(C$7*C$17*F46)) -> 43.425605 | I46: =H46/C$12/C$4 -> 0.54988053 | J46: =0.185*I46^3-0.9822*I46^2+1.6209*I46 -> 0.62507424 | K46: =C$20*SQRT((2*C$20)/(C$17*C$7*G46)) -> 104629.57 | L46: =C$18*J46 -> 278783.11 | M46: =(L46-K46) -> 174153.54 | N46: =M46/C$20 -> 6.0066501 | O46: =DEGREES(ASIN(N46/H46)) -> 7.9506707 | P46: =P27 -> 7.694
A47: 22 | B47: =K13*SIN(C46+C47-C$3)+0.5*C$17*C$7*C$5*(C47-C$8)*G13^2*COS(C46)-0.5*C$17*C$7*(C$11+1/PI()/C$10*C$5^2*(C47-C$8)^2)*G13^2*SIN(C46)-C$15 -> -3.0751777e-05 | C47: -0.025033405 | D47: =DEGREES(C47) -> -1.4343085 | F47: =F28 -> 1.08 | G47: =G28 -> 169.97 | H47: =SQRT((2*C$20)/(C$7*C$17*F47)) -> 45.353065 | I47: =H47/C$12/C$4 -> 0.57428716 | J47: =0.185*I47^3-0.9822*I47^2+1.6209*I47 -> 0.64196645 | K47: =C$20*SQRT((2*C$20)/(C$17*C$7*G47)) -> 104817.15 | L47: =C$18*J47 -> 286317.04 | M47: =(L47-K47) -> 181499.89 | N47: =M47/C$20 -> 6.2600296 | O47: =DEGREES(ASIN(N47/H47)) -> 7.9337979 | P47: =P28 -> 7.048
A48: 23 | B48: =-K14*COS(C48+C49-C$3)+0.5*C$17*C$7*C$5*(C49-C$8)*G14^2*SIN(C48)+0.5*C$17*C$7*(C$11+1/PI()/C$10*C$5^2*(C49-C$8)^2)*G14^2*COS(C48) -> 0.0011690442 | C48: -0.039416432 | D48: =DEGREES(C48) -> -2.2583952 | F48: =F29 -> 0.969 | G48: =G29 -> 164.23 | H48: =SQRT((2*C$20)/(C$7*C$17*F48)) -> 47.880275 | I48: =H48/C$12/C$4 -> 0.60628818 | J48: =0.185*I48^3-0.9822*I48^2+1.6209*I48 -> 0.66291976 | K48: =C$20*SQRT((2*C$20)/(C$17*C$7*G48)) -> 106633.15 | L48: =C$18*J48 -> 295662.21 | M48: =(L48-K48) -> 189029.06 | N48: =M48/C$20 -> 6.5197149 | O48: =DEGREES(ASIN(N48/H48)) -> 7.8261091 | P48: =P29 -> 6.074
A49: 24 | B49: =K14*SIN(C48+C49-C$3)+0.5*C$17*C$7*C$5*(C49-C$8)*G14^2*COS(C48)-0.5*C$17*C$7*(C$11+1/PI()/C$10*C$5^2*(C49-C$8)^2)*G14^2*SIN(C48)-C$15 -> -0.00014499607 | C49: -0.028134596 | D49: =DEGREES(C49) -> -1.6119936 | F49: =F30 -> 0.868 | G49: =G30 -> 160.73 | H49: =SQRT((2*C$20)/(C$7*C$17*F49)) -> 50.589299 | I49: =H49/C$12/C$4 -> 0.64059143 | J49: =0.185*I49^3-0.9822*I49^2+1.6209*I49 -> 0.68391284 | K49: =C$20*SQRT((2*C$20)/(C$17*C$7*G49)) -> 107787.9 | L49: =C$18*J49 -> 305025.13 | M49: =(L49-K49) -> 197237.23 | N49: =M49/C$20 -> 6.802819 | O49: =DEGREES(ASIN(N49/H49)) -> 7.7280605 | P49: =P30 -> 5.099
A50: 25 | B50: =-K15*COS(C50+C51-C$3)+0.5*C$17*C$7*C$5*(C51-C$8)*G15^2*SIN(C50)+0.5*C$17*C$7*(C$11+1/PI()/C$10*C$5^2*(C51-C$8)^2)*G15^2*COS(C50) -> 0.00079390413 | C50: -0.065131524 | D50: =DEGREES(C50) -> -3.7317614 | F50: =F31 -> 0.771 | G50: =G31 -> 153.61 | H50: =SQRT((2*C$20)/(C$7*C$17*F50)) -> 53.677383 | I50: =H50/C$12/C$4 -> 0.67969457 | J50: =0.185*I50^3-0.9822*I50^2+1.6209*I50 -> 0.70604712 | K50: =C$20*SQRT((2*C$20)/(C$17*C$7*G50)) -> 110257.65 | L50: =C$18*J50 -> 314897.01 | M50: =(L50-K50) -> 204639.36 | N50: =M50/C$20 -> 7.0581226 | O50: =DEGREES(ASIN(N50/H50)) -> 7.5557921 | P50: =P31 -> 3.86
A51: 26 | B51: =K15*SIN(C50+C51-C$3)+0.5*C$17*C$7*C$5*(C51-C$8)*G15^2*COS(C50)-0.5*C$17*C$7*(C$11+1/PI()/C$10*C$5^2*(C51-C$8)^2)*G15^2*SIN(C50)-C$15 -> -7.419362e-05 | C51: -0.030744396 | D51: =DEGREES(C51) -> -1.7615241 | F51: =F32 -> 0.569 | G51: =G32 -> 116.14 | H51: =SQRT((2*C$20)/(C$7*C$17*F51)) -> 62.483074 | I51: =H51/C$12/C$4 -> 0.79119741 | J51: =0.185*I51^3-0.9822*I51^2+1.6209*I51 -> 0.75922882 | K51: =C$20*SQRT((2*C$20)/(C$17*C$7*G51)) -> 126802.43 | L51: =C$18*J51 -> 338616.05 | M51: =(L51-K51) -> 211813.62 | N51: =M51/C$20 -> 7.3055667 | O51: =DEGREES(ASIN(N51/H51)) -> 6.7144223 | P51: =P32 -> 2.042
A52: 27 | B52: =-K16*COS(C52+C53-C$3)+0.5*C$17*C$7*C$5*(C53-C$8)*G16^2*SIN(C52)+0.5*C$17*C$7*(C$11+1/PI()/C$10*C$5^2*(C53-C$8)^2)*G16^2*COS(C52) -> 0.00021935096 | C52: -0.091470001 | D52: =DEGREES(C52) -> -5.240845 | F52: =F33 -> 0.471 | G52: =G33 -> 88.53 | H52: =SQRT((2*C$20)/(C$7*C$17*F52)) -> 68.676487 | I52: =H52/C$12/C$4 -> 0.86962203 | J52: =0.185*I52^3-0.9822*I52^2+1.6209*I52 -> 0.78845334 | K52: =C$20*SQRT((2*C$20)/(C$17*C$7*G52)) -> 145235.66 | L52: =C$18*J52 -> 351650.19 | M52: =(L52-K52) -> 206414.53 | N52: =M52/C$20 -> 7.1193491 | O52: =DEGREES(ASIN(N52/H52)) -> 5.9502579 | P52: =P33 -> 1.198
A53: 28 | B53: =K16*SIN(C52+C53-C$3)+0.5*C$17*C$7*C$5*(C53-C$8)*G16^2*COS(C52)-0.5*C$17*C$7*(C$11+1/PI()/C$10*C$5^2*(C53-C$8)^2)*G16^2*SIN(C52)-C$15 -> -2.6977086e-05 | C53: -0.032963057 | D53: =DEGREES(C53) -> -1.8886441 | F53: =F34 -> 0.371 | G53: =G34 -> 56.77 | H53: =SQRT((2*C$20)/(C$7*C$17*F53)) -> 77.380507 | I53: =H53/C$12/C$4 -> 0.97983745 | J53: =0.185*I53^3-0.9822*I53^2+1.6209*I53 -> 0.81926043 | K53: =C$20*SQRT((2*C$20)/(C$17*C$7*G53)) -> 181367.33 | L53: =C$18*J53 -> 365390.15 | M53: =(L53-K53) -> 184022.83 | N53: =M53/C$20 -> 6.3470472 | O53: =DEGREES(ASIN(N53/H53)) -> 4.7049063 | P53: =P34 -> 0.42
A54: 29 | B54: =-K17*COS(C54+C55-C$3)+0.5*C$17*C$7*C$5*(C55-C$8)*G17^2*SIN(C54)+0.5*C$17*C$7*(C$11+1/PI()/C$10*C$5^2*(C55-C$8)^2)*G17^2*COS(C54) -> 0.00047275781 | C54: -0.12233252 | D54: =DEGREES(C54) -> -7.009137 | F54: =F35 -> 0.276 | G54: =G35 -> 29.74 | H54: =SQRT((2*C$20)/(C$7*C$17*F54)) -> 89.714777 | I54: =H54/C$12/C$4 -> 1.1360212 | J54: =0.185*I54^3-0.9822*I54^2+1.6209*I54 -> 0.84503011 | K54: =C$20*SQRT((2*C$20)/(C$17*C$7*G54)) -> 250580.93 | L54: =C$18*J54 -> 376883.43 | M54: =(L54-K54) -> 126302.5 | N54: =M54/C$20 -> 4.3562418 | O54: =DEGREES(ASIN(N54/H54)) -> 2.7831809 | P54: =P35 -> -0.292
A55: 30 | B55: =K17*SIN(C54+C55-C$3)+0.5*C$17*C$7*C$5*(C55-C$8)*G17^2*COS(C54)-0.5*C$17*C$7*(C$11+1/PI()/C$10*C$5^2*(C55-C$8)^2)*G17^2*SIN(C54)-C$15 -> -4.6997633e-05 | C55: -0.035116322 | D55: =DEGREES(C55) -> -2.012017 | F55: =F36 -> 0.186 | G55: =G36 -> 10.85 | H55: =SQRT((2*C$20)/(C$7*C$17*F55)) -> 109.28538 | I55: =H55/C$12/C$4 -> 1.3838357 | J55: =0.185*I55^3-0.9822*I55^2+1.6209*I55 -> 0.85240378 | K55: =C$20*SQRT((2*C$20)/(C$17*C$7*G55)) -> 414861.97 | L55: =C$18*J55 -> 380172.08 | M55: =(L55-K55) -> -34689.886 | N55: =M55/C$20 -> -1.196473 | O55: =DEGREES(ASIN(N55/H55)) -> -0.62729548 | P55: =P36 -> -1.071
F56: =F37 -> 0.071 | G56: =G37 -> 0.71 | H56: =SQRT((2*C$20)/(C$7*C$17*F56)) -> 176.88433 | I56: =H56/C$12/C$4 -> 2.2398133 | J56: =0.185*I56^3-0.9822*I56^2+1.6209*I56 -> 0.78182172 | K56: =C$20*SQRT((2*C$20)/(C$17*C$7*G56)) -> 1621770.2 | L56: =C$18*J56 -> 348692.49 | M56: =(L56-K56) -> -1273077.7 | N56: =M56/C$20 -> -43.909142 | O56: =DEGREES(ASIN(N56/H56)) -> -14.373181 | P56: =P37 -> -2.044
G58: Metoda ciągu, m=m0, h=0m
B59: Równanie 1 | C59: gamma | D59: alfa | E59: Rówannie 2 | G59: V [m/s] | H59: J | I59: ηs | J59: Nr [W] | K59: Ps [N] | L59: α [°] | M59: γ [°] | N59: w [m/s]
B60: =-K60*COS(C60+D60-C$3)+0.5*C$17*C$7*C$5*(D60-C$8)*G60^2*SIN(C60)+0.5*C$17*C$7*(C$11+1/PI()/C$10*C$5^2*(D60-C$8)^2)*G60^2*COS(C60) -> -5.1390998e-08 | C60: 0.13788436 | D60: 0.200073 | E60: =K60*SIN(C60+D60-C$3)+0.5*C$17*C$7*C$5*(D60-C$8)*G60^2*COS(C60)-0.5*C$17*C$7*(C$11+1/PI()/C$10*C$5^2*(D60-C$8)^2)*G60^2*SIN(C60)-C$20 -> 9.9324825e-07 | G60: =SQRT(2*C$20/C$7/C$16/C17) -> 36.916857 | H60: =G60/C$12/C$4 -> 0.46746294 | I60: =0.185*H60^3-0.9822*H60^2+1.6209*H60 -> 0.56197665 | J60: =C$18*I60 -> 250641.59 | K60: =J60/G60 -> 6789.3533 | L60: =DEGREES(D60) -> 11.463338 | M60: =DEGREES(C60) -> 7.900192 | N60: =G60*SIN(RADIANS(M60)) -> 5.0741432
B61: =-K61*COS(C61+D61-C$3)+0.5*C$17*C$7*C$5*(D61-C$8)*G61^2*SIN(C61)+0.5*C$17*C$7*(C$11+1/PI()/C$10*C$5^2*(D61-C$8)^2)*G61^2*COS(C61) -> 2.0781954e-10 | C61: 0.14200265 | D61: 0.12116138 | E61: =K61*SIN(C61+D61-C$3)+0.5*C$17*C$7*C$5*(D61-C$8)*G61^2*COS(C61)-0.5*C$17*C$7*(C$11+1/PI()/C$10*C$5^2*(D61-C$8)^2)*G61^2*SIN(C61)-C$20 -> 0 | G61: =G4 -> 45 | H61: =G61/C$12/C$4 -> 0.56981644 | I61: =0.185*H61^3-0.9822*H61^2+1.6209*H61 -> 0.63893181 | J61: =C$18*I61 -> 284963.59 | K61: =J61/G61 -> 6332.5241 | L61: =DEGREES(D61) -> 6.9420356 | M61: =DEGREES(C61) -> 8.1361528 | N61: =G61*SIN(RADIANS(M61)) -> 6.3686652
B62: =-K62*COS(C62+D62-C$3)+0.5*C$17*C$7*C$5*(D62-C$8)*G62^2*SIN(C62)+0.5*C$17*C$7*(C$11+1/PI()/C$10*C$5^2*(D62-C$8)^2)*G62^2*COS(C62) -> 2.5920599e-11 | C62: 0.13593643 | D62: 0.079164467 | E62: =K62*SIN(C62+D62-C$3)+0.5*C$17*C$7*C$5*(D62-C$8)*G62^2*COS(C62)-0.5*C$17*C$7*(C$11+1/PI()/C$10*C$5^2*(D62-C$8)^2)*G62^2*SIN(C62)-C$20 -> 0 | G62: =G5 -> 52 | H62: =G62/C$12/C$4 -> 0.65845456 | I62: =0.185*H62^3-0.9822*H62^2+1.6209*H62 -> 0.69425801 | J62: =C$18*I62 -> 309639.07 | K62: =J62/G62 -> 5954.5975 | L62: =DEGREES(D62) -> 4.5357899 | M62: =DEGREES(C62) -> 7.7885835 | N62: =G62*SIN(RADIANS(M62)) -> 7.0469442
B63: =-K63*COS(C63+D63-C$3)+0.5*C$17*C$7*C$5*(D63-C$8)*G63^2*SIN(C63)+0.5*C$17*C$7*(C$11+1/PI()/C$10*C$5^2*(D63-C$8)^2)*G63^2*COS(C63) -> -2.1964297e-10 | C63: 0.1248837 | D63: 0.050723243 | E63: =K63*SIN(C63+D63-C$3)+0.5*C$17*C$7*C$5*(D63-C$8)*G63^2*COS(C63)-0.5*C$17*C$7*(C$11+1/PI()/C$10*C$5^2*(D63-C$8)^2)*G63^2*SIN(C63)-C$20 -> 0 | G63: =G6 -> 59 | H63: =G63/C$12/C$4 -> 0.74709267 | I63: =0.185*H63^3-0.9822*H63^2+1.6209*H63 -> 0.73989283 | J63: =C$18*I63 -> 329992.2 | K63: =J63/G63 -> 5593.0882 | L63: =DEGREES(D63) -> 2.9062278 | M63: =DEGREES(C63) -> 7.1553087 | N63: =G63*SIN(RADIANS(M63)) -> 7.3490008
B64: =-K64*COS(C64+D64-C$3)+0.5*C$17*C$7*C$5*(D64-C$8)*G64^2*SIN(C64)+0.5*C$17*C$7*(C$11+1/PI()/C$10*C$5^2*(D64-C$8)^2)*G64^2*COS(C64) -> -1.4789975e-07 | C64: 0.10846011 | D64: 0.028209901 | E64: =K64*SIN(C64+D64-C$3)+0.5*C$17*C$7*C$5*(D64-C$8)*G64^2*COS(C64)-0.5*C$17*C$7*(C$11+1/PI()/C$10*C$5^2*(D64-C$8)^2)*G64^2*SIN(C64)-C$20 -> 0 | G64: =G7 -> 67 | H64: =G64/C$12/C$4 -> 0.84839337 | I64: =0.185*H64^3-0.9822*H64^2+1.6209*H64 -> 0.78117154 | J64: =C$18*I64 -> 348402.51 | K64: =J64/G64 -> 5200.0374 | L64: =DEGREES(D64) -> 1.6163083 | M64: =DEGREES(C64) -> 6.2143067 | N64: =G64*SIN(RADIANS(M64)) -> 7.2525886
B65: =-K65*COS(C65+D65-C$3)+0.5*C$17*C$7*C$5*(D65-C$8)*G65^2*SIN(C65)+0.5*C$17*C$7*(C$11+1/PI()/C$10*C$5^2*(D65-C$8)^2)*G65^2*COS(C65) -> -6.2305389e-08 | C65: 0.091862651 | D65: 0.014057391 | E65: =K65*SIN(C65+D65-C$3)+0.5*C$17*C$7*C$5*(D65-C$8)*G65^2*COS(C65)-0.5*C$17*C$7*(C$11+1/PI()/C$10*C$5^2*(D65-C$8)^2)*G65^2*SIN(C65)-C$20 -> 0 | G65: =G8 -> 74 | H65: =G65/C$12/C$4 -> 0.93703148 | I65: =0.185*H65^3-0.9822*H65^2+1.6209*H65 -> 0.80864211 | J65: =C$18*I65 -> 360654.38 | K65: =J65/G65 -> 4873.7078 | L65: =DEGREES(D65) -> 0.80542916 | M65: =DEGREES(C65) -> 5.2633422 | N65: =G65*SIN(RADIANS(M65)) -> 6.7882794
B66: =-K66*COS(C66+D66-C$3)+0.5*C$17*C$7*C$5*(D66-C$8)*G66^2*SIN(C66)+0.5*C$17*C$7*(C$11+1/PI()/C$10*C$5^2*(D66-C$8)^2)*G66^2*COS(C66) -> -1.7905131e-07 | C66: 0.073770734 | D66: 0.0033342496 | E66: =K66*SIN(C66+D66-C$3)+0.5*C$17*C$7*C$5*(D66-C$8)*G66^2*COS(C66)-0.5*C$17*C$7*(C$11+1/PI()/C$10*C$5^2*(D66-C$8)^2)*G66^2*SIN(C66)-C$20 -> 0 | G66: =G9 -> 81 | H66: =G66/C$12/C$4 -> 1.0256696 | I66: =0.185*H66^3-0.9822*H66^2+1.6209*H66 -> 0.82885075 | J66: =C$18*I66 -> 369667.44 | K66: =J66/G66 -> 4563.7955 | L66: =DEGREES(D66) -> 0.19103843 | M66: =DEGREES(C66) -> 4.2267517 | N66: =G66*SIN(RADIANS(M66)) -> 5.9700111
B67: =-K67*COS(C67+D67-C$3)+0.5*C$17*C$7*C$5*(D67-C$8)*G67^2*SIN(C67)+0.5*C$17*C$7*(C$11+1/PI()/C$10*C$5^2*(D67-C$8)^2)*G67^2*COS(C67) -> 4.2196825e-07 | C67: 0.051688499 | D67: -0.0060200478 | E67: =K67*SIN(C67+D67-C$3)+0.5*C$17*C$7*C$5*(D67-C$8)*G67^2*COS(C67)-0.5*C$17*C$7*(C$11+1/PI()/C$10*C$5^2*(D67-C$8)^2)*G67^2*SIN(C67)-C$20 -> 0 | G67: =G10 -> 89 | H67: =G67/C$12/C$4 -> 1.1269703 | I67: =0.185*H67^3-0.9822*H67^2+1.6209*H67 -> 0.84404582 | J67: =C$18*I67 -> 376444.43 | K67: =J67/G67 -> 4229.7127 | L67: =DEGREES(D67) -> -0.34492333 | M67: =DEGREES(C67) -> 2.9615329 | N67: =G67*SIN(RADIANS(M67)) -> 4.5982283
B68: =-K68*COS(C68+D68-C$3)+0.5*C$17*C$7*C$5*(D68-C$8)*G68^2*SIN(C68)+0.5*C$17*C$7*(C$11+1/PI()/C$10*C$5^2*(D68-C$8)^2)*G68^2*COS(C68) -> -2.3646862e-11 | C68: 0.031369606 | D68: -0.012399391 | E68: =K68*SIN(C68+D68-C$3)+0.5*C$17*C$7*C$5*(D68-C$8)*G68^2*COS(C68)-0.5*C$17*C$7*(C$11+1/PI()/C$10*C$5^2*(D68-C$8)^2)*G68^2*SIN(C68)-C$20 -> 0 | G68: =G11 -> 96 | H68: =G68/C$12/C$4 -> 1.2156084 | I68: =0.185*H68^3-0.9822*H68^2+1.6209*H68 -> 0.85129619 | J68: =C$18*I68 -> 379678.1 | K68: =J68/G68 -> 3954.9802 | L68: =DEGREES(D68) -> -0.71043278 | M68: =DEGREES(C68) -> 1.797346 | N68: =G68*SIN(RADIANS(M68)) -> 3.0109883
B69: =-K69*COS(C69+D69-C$3)+0.5*C$17*C$7*C$5*(D69-C$8)*G69^2*SIN(C69)+0.5*C$17*C$7*(C$11+1/PI()/C$10*C$5^2*(D69-C$8)^2)*G69^2*COS(C69) -> 0 | C69: 0.010260206 | D69: -0.017549274 | E69: =K69*SIN(C69+D69-C$3)+0.5*C$17*C$7*C$5*(D69-C$8)*G69^2*COS(C69)-0.5*C$17*C$7*(C$11+1/PI()/C$10*C$5^2*(D69-C$8)^2)*G69^2*SIN(C69)-C$20 -> 0 | G69: =G12 -> 103 | H69: =G69/C$12/C$4 -> 1.3042465 | I69: =0.185*H69^3-0.9822*H69^2+1.6209*H69 -> 0.8537141 | J69: =C$18*I69 -> 380756.49 | K69: =J69/G69 -> 3696.6649 | L69: =DEGREES(D69) -> -1.0054994 | M69: =DEGREES(C69) -> 0.58786649 | N69: =G69*SIN(RADIANS(M69)) -> 1.0567827
B70: =-K70*COS(C70+D70-C$3)+0.5*C$17*C$7*C$5*(D70-C$8)*G70^2*SIN(C70)+0.5*C$17*C$7*(C$11+1/PI()/C$10*C$5^2*(D70-C$8)^2)*G70^2*COS(C70) -> -1.286935e-10 | C70: -0.014722618 | D70: -0.022308348 | E70: =K70*SIN(C70+D70-C$3)+0.5*C$17*C$7*C$5*(D70-C$8)*G70^2*COS(C70)-0.5*C$17*C$7*(C$11+1/PI()/C$10*C$5^2*(D70-C$8)^2)*G70^2*SIN(C70)-C$20 -> 0 | G70: =G13 -> 111 | H70: =G70/C$12/C$4 -> 1.4055472 | I70: =0.185*H70^3-0.9822*H70^2+1.6209*H70 -> 0.85155173 | J70: =C$18*I70 -> 379792.07 | K70: =J70/G70 -> 3421.5502 | L70: =DEGREES(D70) -> -1.2781742 | M70: =DEGREES(C70) -> -0.84354387 | N70: =G70*SIN(RADIANS(M70)) -> -1.6341516
B71: =-K71*COS(C71+D71-C$3)+0.5*C$17*C$7*C$5*(D71-C$8)*G71^2*SIN(C71)+0.5*C$17*C$7*(C$11+1/PI()/C$10*C$5^2*(D71-C$8)^2)*G71^2*COS(C71) -> 9.094947e-11 | C71: -0.037270375 | D71: -0.025721167 | E71: =K71*SIN(C71+D71-C$3)+0.5*C$17*C$7*C$5*(D71-C$8)*G71^2*COS(C71)-0.5*C$17*C$7*(C$11+1/PI()/C$10*C$5^2*(D71-C$8)^2)*G71^2*SIN(C71)-C$20 -> 0 | G71: =G14 -> 118 | H71: =G71/C$12/C$4 -> 1.4941853 | I71: =0.185*H71^3-0.9822*H71^2+1.6209*H71 -> 0.84621734 | J71: =C$18*I71 -> 377412.93 | K71: =J71/G71 -> 3198.4147 | L71: =DEGREES(D71) -> -1.4737143 | M71: =DEGREES(C71) -> -2.1354352 | N71: =G71*SIN(RADIANS(M71)) -> -4.3968861
B72: =-K72*COS(C72+D72-C$3)+0.5*C$17*C$7*C$5*(D72-C$8)*G72^2*SIN(C72)+0.5*C$17*C$7*(C$11+1/PI()/C$10*C$5^2*(D72-C$8)^2)*G72^2*COS(C72) -> -3.601599e-10 | C72: -0.060422952 | D72: -0.028590641 | E72: =K72*SIN(C72+D72-C$3)+0.5*C$17*C$7*C$5*(D72-C$8)*G72^2*COS(C72)-0.5*C$17*C$7*(C$11+1/PI()/C$10*C$5^2*(D72-C$8)^2)*G72^2*SIN(C72)-C$20 -> 0 | G72: =G15 -> 125 | H72: =G72/C$12/C$4 -> 1.5828235 | I72: =0.185*H72^3-0.9822*H72^2+1.6209*H72 -> 0.83847994 | J72: =C$18*I72 -> 373962.05 | K72: =J72/G72 -> 2991.6964 | L72: =DEGREES(D72) -> -1.638123 | M72: =DEGREES(C72) -> -3.4619801 | N72: =G72*SIN(RADIANS(M72)) -> -7.548274
... B74: =-K74*COS(C74+D74-C$3)+0.5*C$17*C$7*C$5*(D74-C$8)*G74^2*SIN(C74)+0.5*C$17*C$7*(C$11+1/PI()/C$10*C$5^2*(D74-C$8)^2)*G74^2*COS(C74) -> -2.3646862e-11 | C74: -0.11198925 | D74: -0.033390441 | E74: =K74*SIN(C74+D74-C$3)+0.5*C$17*C$7*C$5*(D74-C$8)*G74^2*COS(C74)-0.5*C$17*C$7*(C$11+1/PI()/C$10*C$5^2*(D74-C$8)^2)*G74^2*SIN(C74)-C$20 -> 0 | G74: =G17 -> 140 | H74: =G74/C$12/C$4 -> 1.7727623 | I74: =0.185*H74^3-0.9822*H74^2+1.6209*H74 -> 0.81740264 | J74: =C$18*I74 -> 364561.58 | K74: =J74/G74 -> 2604.0113 | L74: =DEGREES(D74) -> -1.9131313 | M74: =DEGREES(C74) -> -6.4165116 | N74: =G74*SIN(RADIANS(M74)) -> -15.645744

Sheet h=1km
A1: wysokość lotu | B1: h | C1: 1000 | D1: m | G1: Metoda ciągu, m=mśr, h=1000m
A2: Maksymalny ciężar | B2: Qmax | C2: =Podsumowanie!B31 -> 28993.455 | D2: N | G2: V [m/s] | H2: J | I2: ηs | J2: Nr [W] | K2: Ps [N] | L2: α [°] | M2: γ [°] | N2: w [m/s]
A3: kąt pochylenia osi silnika fi | B3: φ | C3: =Podsumowanie!B29 -> 0.017453293 | D3: rad | G3: =SQRT(2*C$15/C$7/C$16/C17) -> 36.907789 | H3: =G3/C$12/C$4 -> 0.46734811 | I3: =0.1881*H3^3-0.9979*H3^2+1.6359*H3 -> 0.56577959 | J3: =C$18*I3 -> 225784.56 | K3: =J3/G3 -> 6117.5315 | L3: =OFFSET(D23,A23-2,0,1,1) -> 11.470446 | M3: =OFFSET(D22,A23-2,0,1,1) -> 7.8086521 | N3: =G3*SIN(RADIANS(M3)) -> 5.0144835
A4: średnica śmigła | B4: D | C4: =Podsumowanie!B12 -> 1.84 | D4: m | G4: 45 | H4: =G4/C$12/C$4 -> 0.56981644 | I4: =0.1881*H4^3-0.9979*H4^2+1.6359*H4 -> 0.64295495 | J4: =C$18*I4 -> 256582.78 | K4: =J4/G4 -> 5701.8396 | L4: =OFFSET(D24,A24-2,0,1,1) -> 6.9411942 | M4: =OFFSET(D23,A24-2,0,1,1) -> 8.0438021 | N4: =G4*SIN(RADIANS(M4)) -> 6.296855
A5: Współczynnik kierunkowy prostej Cz(a) | B5: a∞ | C5: =Podsumowanie!B16 -> 6.134 | D5: 1/rad | G5: 52 | H5: =G5/C$12/C$4 -> 0.65845456 | I5: =0.1881*H5^3-0.9979*H5^2+1.6359*H5 -> 0.69821289 | J5: =C$18*I5 -> 278634.46 | K5: =J5/G5 -> 5358.355 | L5: =OFFSET(D25,A25-2,0,1,1) -> 4.5345854 | M5: =OFFSET(D24,A25-2,0,1,1) -> 7.694825 | N5: =G5*SIN(RADIANS(M5)) -> 6.9626273
A6: Moc silnika | B6: Nmax | C6: =Podsumowanie!B9 -> 446000 | D6: W | G6: 59 | H6: =G6/C$12/C$4 -> 0.74709267 | I6: =0.1881*H6^3-0.9979*H6^2+1.6359*H6 -> 0.74362897 | J6: =C$18*I6 -> 296758.57 | K6: =J6/G6 -> 5029.8062 | L6: =OFFSET(D26,A26-2,0,1,1) -> 2.9049145 | M6: =OFFSET(D25,A26-2,0,1,1) -> 7.0601813 | N6: =G6*SIN(RADIANS(M6)) -> 7.2517967
A7: Powierzchnia nośna | B7: S | C7: =Podsumowanie!B3 -> 21.3 | D7: m2 | G7: 67 | H7: =G7/C$12/C$4 -> 0.84839337 | I7: =0.1881*H7^3-0.9979*H7^2+1.6359*H7 -> 0.78449004 | J7: =C$18*I7 -> 313064.92 | K7: =J7/G7 -> 4672.6107 | L7: =OFFSET(D27,A27-2,0,1,1) -> 1.6149937 | M7: =OFFSET(D26,A27-2,0,1,1) -> 6.1176638 | N7: =G7*SIN(RADIANS(M7)) -> 7.140231
A8: Kąt zerowej siły nośnej | B8: α0 | C8: =Podsumowanie!B30 -> -0.051836279 | D8: rad | G8: 74 | H8: =G8/C$12/C$4 -> 0.93703148 | I8: =0.1881*H8^3-0.9979*H8^2+1.6359*H8 -> 0.81146303 | J8: =C$18*I8 -> 323828.98 | K8: =J8/G8 -> 4376.0672 | L8: =OFFSET(D28,A28-2,0,1,1) -> 0.80415537 | M8: =OFFSET(D27,A28-2,0,1,1) -> 5.1654144 | N8: =G8*SIN(RADIANS(M8)) -> 6.6623247
A9: masa samolotu | B9: m | C9: =Podsumowanie!B7 -> 2405.5 | D9: kg | G9: 81 | H9: =G9/C$12/C$4 -> 1.0256696 | I9: =0.1881*H9^3-0.9979*H9^2+1.6359*H9 -> 0.83106434 | J9: =C$18*I9 -> 331651.23 | K9: =J9/G9 -> 4094.4596 | L9: =OFFSET(D29,A29-2,0,1,1) -> 0.1898189 | M9: =OFFSET(D28,A29-2,0,1,1) -> 4.1275747 | N9: =G9*SIN(RADIANS(M9)) -> 5.8301754
A10: wydłużenie Oswalda | B10: Λe | C10: =Podsumowanie!B13 -> 5.884 | D10: - | G10: 89 | H10: =G10/C$12/C$4 -> 1.1269703 | I10: =0.1881*H10^3-0.9979*H10^2+1.6359*H10 -> 0.8454475 | J10: =C$18*I10 -> 337391.09 | K10: =J10/G10 -> 3790.9111 | L10: =OFFSET(D30,A30-2,0,1,1) -> -0.3460775 | M10: =OFFSET(D29,A30-2,0,1,1) -> 2.8609683 | N10: =G10*SIN(RADIANS(M10)) -> 4.4422187
A11: Minimalny współczynnik Cx z danych | B11: (Cx)min | C11: =Podsumowanie!B14 -> 0.02214 | D11: - | G11: 96 | H11: =G11/C$12/C$4 -> 1.2156084 | I11: =0.1881*H11^3-0.9979*H11^2+1.6359*H11 -> 0.85189893 | J11: =C$18*I11 -> 339965.65 | K11: =J11/G11 -> 3541.3088 | L11: =OFFSET(D31,A31-2,0,1,1) -> -0.71153174 | M11: =OFFSET(D30,A31-2,0,1,1) -> 1.695598 | N11: =G11*SIN(RADIANS(M11)) -> 2.840587
A12: Obroty silnika | B12: ns | C12: =Podsumowanie!B11 -> 42.92 | D12: 1/s | G12: 103 | H12: =G12/C$12/C$4 -> 1.3042465 | I12: =0.1881*H12^3-0.9979*H12^2+1.6359*H12 -> 0.85344883 | J12: =C$18*I12 -> 340584.17 | K12: =J12/G12 -> 3306.6424 | L12: =OFFSET(D32,A32-2,0,1,1) -> -1.0065468 | M12: =OFFSET(D31,A32-2,0,1,1) -> 0.48495913 | N12: =G12*SIN(RADIANS(M12)) -> 0.87179535
A13: współczynnik korekcyjny | B13: k | C13: =Podsumowanie!B17 -> 0.12 | D13: - | G13: 111 | H13: =G13/C$12/C$4 -> 1.4055472 | I13: =0.1881*H13^3-0.9979*H13^2+1.6359*H13 -> 0.85022651 | J13: =C$18*I13 -> 339298.24 | K13: =J13/G13 -> 3056.7409 | L13: =OFFSET(D33,A33-2,0,1,1) -> -1.2791679 | M13: =OFFSET(D32,A33-2,0,1,1) -> -0.94775178 | N13: =G13*SIN(RADIANS(M13)) -> -1.8360105
A14: gęstość powietrza przy ziemii | B14: ρ | C14: =Podsumowanie!B2 -> 1.2255 | D14: kg/m3 | G14: 118 | H14: =G14/C$12/C$4 -> 1.4941853 | I14: =0.1881*H14^3-0.9979*H14^2+1.6359*H14 -> 0.84391976 | J14: =C$18*I14 -> 336781.42 | K14: =J14/G14 -> 2854.0798 | L14: =OFFSET(D34,A34-2,0,1,1) -> -1.4746654 | M14: =OFFSET(D33,A34-2,0,1,1) -> -2.2407641 | N14: =G14*SIN(RADIANS(M14)) -> -4.6136516
A15: Ciężar samolotu | B15: Q | C15: =Podsumowanie!B8 -> 26295.705 | D15: N | G15: 125 | H15: =G15/C$12/C$4 -> 1.5828235 | I15: =0.1881*H15^3-0.9979*H15^2+1.6359*H15 -> 0.83518165 | J15: =C$18*I15 -> 333294.32 | K15: =J15/G15 -> 2666.3545 | L15: =OFFSET(D35,A35-2,0,1,1) -> -1.6390355 | M15: =OFFSET(D34,A35-2,0,1,1) -> -3.5684223 | N15: =G15*SIN(RADIANS(M15)) -> -7.7800579
A16: Maksymalne Cz | B16: Czmax | C16: =Podsumowanie!B15 -> 1.63 | D16: - | G16: 132 | H16: =G16/C$12/C$4 -> 1.6714616 | I16: =0.1881*H16^3-0.9979*H16^2+1.6359*H16 -> 0.82479814 | J16: =C$18*I16 -> 329150.59 | K16: =J16/G16 -> 2493.5651 | L16: =OFFSET(D36,A36-2,0,1,1) -> -1.7786358 | M16: =OFFSET(D35,A36-2,0,1,1) -> -4.9295366 | N16: =G16*SIN(RADIANS(M16)) -> -11.342831
A17: gęstość powietrza na wysokości h | B17: ρh | C17: =C14*(1-C1/44300)^4.256 -> 1.1120173 | D17: kg/m3 | G17: 140 | H17: =G17/C$12/C$4 -> 1.7727623 | I17: =0.1881*H17^3-0.9979*H17^2+1.6359*H17 -> 0.81192473 | J17: =C$18*I17 -> 324013.22 | K17: =J17/G17 -> 2314.3802 | L17: =OFFSET(D37,A37-2,0,1,1) -> -1.9139724 | M17: =OFFSET(D36,A37-2,0,1,1) -> -6.5253305 | N17: =G17*SIN(RADIANS(M17)) -> -15.909945
A18: Moc na wysokości przelotowej | B18: Nh | C18: =C6*((C17/C14)-C13)/(1-C13) -> 399068.06 | D18: W
A19: Współczynnik mocy | B19: CN | C19: =C18/C17/C12^3/C4^5 -> 0.21521234 | D19: -
A20: Maksymalny ciężar samolotu | B20: Qmax | C20: =Podsumowanie!B31 -> 28993.455 | D20: N | F20: Metoda mocy, m=mśr, h=1000m
B21: Równania | C21: Kąty [rad] | D21: Kąty [deg] | F21: Cz | G21: E | H21: V [m/s] | I21: J | J21: ηs | K21: Nn [W] | L21: Nr [W] | M21: ΔN [W] | N21: w [m/s] | O21: γ [°] | P21: α [°]
A22: 1 | B22: =-K3*COS(C22+C23-C$3)+0.5*C$17*C$7*C$5*(C23-C$8)*G3^2*SIN(C22)+0.5*C$17*C$7*(C$11+1/PI()/C$10*C$5^2*(C23-C$8)^2)*G3^2*COS(C22) -> 9.8248225e-05 | C22: 0.13628669 | D22: =DEGREES(C22) -> 7.8086521 | F22: 1.63 | G22: 156.18 | H22: =SQRT((2*C$15)/(C$7*C$17*F22)) -> 36.907789 | I22: =H22/C$12/C$4 -> 0.46734811 | J22: =0.1881*I22^3-0.9979*I22^2+1.6359*I22 -> 0.56577959 | K22: =C$15*SQRT((2*C$15)/(C$17*C$7*G22)) -> 99147.997 | L22: =C$18*J22 -> 225784.56 | M22: =(L22-K22) -> 126636.57 | N22: =M22/C$15 -> 4.815865 | O22: =DEGREES(ASIN(N22/H22)) -> 7.4975445 | P22: 15.277
A23: 2 | B23: =K3*SIN(C22+C23-C$3)+0.5*C$17*C$7*C$5*(C23-C$8)*G3^2*COS(C22)-0.5*C$17*C$7*(C$11+1/PI()/C$10*C$5^2*(C23-C$8)^2)*G3^2*SIN(C22)-C$15 -> -6.5829227e-08 | C23: 0.20019706 | D23: =DEGREES(C23) -> 11.470446 | F23: 1.571 | G23: 158.85 | H23: =SQRT((2*C$15)/(C$7*C$17*F23)) -> 37.59445 | I23: =H23/C$12/C$4 -> 0.47604302 | J23: =0.1881*I23^3-0.9979*I23^2+1.6359*I23 -> 0.57290984 | K23: =C$15*SQRT((2*C$15)/(C$17*C$7*G23)) -> 98311.21 | L23: =C$18*J23 -> 228630.02 | M23: =(L23-K23) -> 130318.81 | N23: =M23/C$15 -> 4.955897 | O23: =DEGREES(ASIN(N23/H23)) -> 7.575078 | P23: 12.123
A24: 3 | B24: =-K4*COS(C24+C25-C$3)+0.5*C$17*C$7*C$5*(C25-C$8)*G4^2*SIN(C24)+0.5*C$17*C$7*(C$11+1/PI()/C$10*C$5^2*(C25-C$8)^2)*G4^2*COS(C24) -> -0.00024970483 | C24: 0.14039083 | D24: =DEGREES(C24) -> 8.0438021 | F24: 1.474 | G24: 163.07 | H24: =SQRT((2*C$15)/(C$7*C$17*F24)) -> 38.811738 | I24: =H24/C$12/C$4 -> 0.49145703 | J24: =0.1881*I24^3-0.9979*I24^2+1.6359*I24 -> 0.58527953 | K24: =C$15*SQRT((2*C$15)/(C$17*C$7*G24)) -> 97030.801 | L24: =C$18*J24 -> 233566.37 | M24: =(L24-K24) -> 136535.57 | N24: =M24/C$15 -> 5.1923143 | O24: =DEGREES(ASIN(N24/H24)) -> 7.6881983 | P24: 11.015
A25: 4 | B25: =K4*SIN(C24+C25-C$3)+0.5*C$17*C$7*C$5*(C25-C$8)*G4^2*COS(C24)-0.5*C$17*C$7*(C$11+1/PI()/C$10*C$5^2*(C25-C$8)^2)*G4^2*SIN(C24)-C$15 -> 9.0896843e-05 | C25: 0.12114669 | D25: =DEGREES(C25) -> 6.9411942 | F25: 1.379 | G25: 167.61 | H25: =SQRT((2*C$15)/(C$7*C$17*F25)) -> 40.126354 | I25: =H25/C$12/C$4 -> 0.50810347 | J25: =0.1881*I25^3-0.9979*I25^2+1.6359*I25 -> 0.59825381 | K25: =C$15*SQRT((2*C$15)/(C$17*C$7*G25)) -> 95707.658 | L25: =C$18*J25 -> 238743.99 | M25: =(L25-K25) -> 143036.33 | N25: =M25/C$15 -> 5.439532 | O25: =DEGREES(ASIN(N25/H25)) -> 7.7910082 | P25: 9.578
A26: 5 | B26: =-K5*COS(C26+C27-C$3)+0.5*C$17*C$7*C$5*(C27-C$8)*G5^2*SIN(C26)+0.5*C$17*C$7*(C$11+1/PI()/C$10*C$5^2*(C27-C$8)^2)*G5^2*COS(C26) -> -0.00053166605 | C26: 0.13430003 | D26: =DEGREES(C26) -> 7.694825 | F26: 1.272 | G26: 169.65 | H26: =SQRT((2*C$15)/(C$7*C$17*F26)) -> 41.779985 | I26: =H26/C$12/C$4 -> 0.52904272 | J26: =0.1881*I26^3-0.9979*I26^2+1.6359*I26 -> 0.61401484 | K26: =C$15*SQRT((2*C$15)/(C$17*C$7*G26)) -> 95130.487 | L26: =C$18*J26 -> 245033.71 | M26: =(L26-K26) -> 149903.22 | N26: =M26/C$15 -> 5.7006733 | O26: =DEGREES(ASIN(N26/H26)) -> 7.8421901 | P26: 8.472
A27: 6 | B27: =K5*SIN(C26+C27-C$3)+0.5*C$17*C$7*C$5*(C27-C$8)*G5^2*COS(C26)-0.5*C$17*C$7*(C$11+1/PI()/C$10*C$5^2*(C27-C$8)^2)*G5^2*SIN(C26)-C$15 -> 1.3929304e-05 | C27: 0.079143445 | D27: =DEGREES(C27) -> 4.5345854 | F27: 1.178 | G27: 170.58 | H27: =SQRT((2*C$15)/(C$7*C$17*F27)) -> 43.414938 | I27: =H27/C$12/C$4 -> 0.54974546 | J27: =0.1881*I27^3-0.9979*I27^2+1.6359*I27 -> 0.6289949 | K27: =C$15*SQRT((2*C$15)/(C$17*C$7*G27)) -> 94870.808 | L27: =C$18*J27 -> 251011.77 | M27: =(L27-K27) -> 156140.96 | N27: =M27/C$15 -> 5.9378885 | O27: =DEGREES(ASIN(N27/H27)) -> 7.8610194 | P27: 7.694
A28: 7 | B28: =-K6*COS(C28+C29-C$3)+0.5*C$17*C$7*C$5*(C29-C$8)*G6^2*SIN(C28)+0.5*C$17*C$7*(C$11+1/PI()/C$10*C$5^2*(C29-C$8)^2)*G6^2*COS(C28) -> -0.0003930335 | C28: 0.12322341 | D28: =DEGREES(C28) -> 7.0601813 | F28: 1.08 | G28: 169.97 | H28: =SQRT((2*C$15)/(C$7*C$17*F28)) -> 45.341925 | I28: =H28/C$12/C$4 -> 0.5741461 | J28: =0.1881*I28^3-0.9979*I28^2+1.6359*I28 -> 0.64589461 | K28: =C$15*SQRT((2*C$15)/(C$17*C$7*G28)) -> 95040.895 | L28: =C$18*J28 -> 257755.91 | M28: =(L28-K28) -> 162715.01 | N28: =M28/C$15 -> 6.1878931 | O28: =DEGREES(ASIN(N28/H28)) -> 7.8437343 | P28: 7.048
A29: 8 | B29: =K6*SIN(C28+C29-C$3)+0.5*C$17*C$7*C$5*(C29-C$8)*G6^2*COS(C28)-0.5*C$17*C$7*(C$11+1/PI()/C$10*C$5^2*(C29-C$8)^2)*G6^2*SIN(C28)-C$15 -> 2.8135739e-05 | C29: 0.050700322 | D29: =DEGREES(C29) -> 2.9049145 | F29: 0.969 | G29: 164.23 | H29: =SQRT((2*C$15)/(C$7*C$17*F29)) -> 47.868514 | I29: =H29/C$12/C$4 -> 0.60613925 | J29: =0.1881*I29^3-0.9979*I29^2+1.6359*I29 -> 0.66683954 | K29: =C$15*SQRT((2*C$15)/(C$17*C$7*G29)) -> 96687.517 | L29: =C$18*J29 -> 266114.36 | M29: =(L29-K29) -> 169426.84 | N29: =M29/C$15 -> 6.4431375 | O29: =DEGREES(ASIN(N29/H29)) -> 7.7355334 | P29: 6.074
A30: 9 | B30: =-K7*COS(C30+C31-C$3)+0.5*C$17*C$7*C$5*(C31-C$8)*G7^2*SIN(C30)+0.5*C$17*C$7*(C$11+1/PI()/C$10*C$5^2*(C31-C$8)^2)*G7^2*COS(C30) -> -0.00015259234 | C30: 0.10677338 | D30: =DEGREES(C30) -> 6.1176638 | F30: 0.868 | G30: 160.73 | H30: =SQRT((2*C$15)/(C$7*C$17*F30)) -> 50.576873 | I30: =H30/C$12/C$4 -> 0.64043408 | J30: =0.1881*I30^3-0.9979*I30^2+1.6359*I30 -> 0.68780131 | K30: =C$15*SQRT((2*C$15)/(C$17*C$7*G30)) -> 97734.564 | L30: =C$18*J30 -> 274479.53 | M30: =(L30-K30) -> 176744.97 | N30: =M30/C$15 -> 6.7214387 | O30: =DEGREES(ASIN(N30/H30)) -> 7.6369444 | P30: 5.099
A31: 10 | B31: =K7*SIN(C30+C31-C$3)+0.5*C$17*C$7*C$5*(C31-C$8)*G7^2*COS(C30)-0.5*C$17*C$7*(C$11+1/PI()/C$10*C$5^2*(C31-C$8)^2)*G7^2*SIN(C30)-C$15 -> 1.1383363e-05 | C31: 0.028186957 | D31: =DEGREES(C31) -> 1.6149937 | F31: 0.771 | G31: 153.61 | H31: =SQRT((2*C$15)/(C$7*C$17*F31)) -> 53.664198 | I31: =H31/C$12/C$4 -> 0.67952761 | J31: =0.1881*I31^3-0.9979*I31^2+1.6359*I31 -> 0.70987262 | K31: =C$15*SQRT((2*C$15)/(C$17*C$7*G31)) -> 99973.963 | L31: =C$18*J31 -> 283287.49 | M31: =(L31-K31) -> 183313.52 | N31: =M31/C$15 -> 6.9712344 | O31: =DEGREES(ASIN(N31/H31)) -> 7.4640884 | P31: 3.86
A32: 11 | B32: =-K8*COS(C32+C33-C$3)+0.5*C$17*C$7*C$5*(C33-C$8)*G8^2*SIN(C32)+0.5*C$17*C$7*(C$11+1/PI()/C$10*C$5^2*(C33-C$8)^2)*G8^2*COS(C32) -> -8.2214681e-05 | C32: 0.090153488 | D32: =DEGREES(C32) -> 5.1654144 | F32: 0.569 | G32: 116.14 | H32: =SQRT((2*C$15)/(C$7*C$17*F32)) -> 62.467727 | I32: =H32/C$12/C$4 -> 0.79100306 | J32: =0.1881*I32^3-0.9979*I32^2+1.6359*I32 -> 0.76272435 | K32: =C$15*SQRT((2*C$15)/(C$17*C$7*G32)) -> 114975.62 | L32: =C$18*J32 -> 304378.92 | M32: =(L32-K32) -> 189403.31 | N32: =M32/C$15 -> 7.202823 | O32: =DEGREES(ASIN(N32/H32)) -> 6.6212005 | P32: 2.042
A33: 12 | B33: =K8*SIN(C32+C33-C$3)+0.5*C$17*C$7*C$5*(C33-C$8)*G8^2*COS(C32)-0.5*C$17*C$7*(C$11+1/PI()/C$10*C$5^2*(C33-C$8)^2)*G8^2*SIN(C32)-C$15 -> 3.1398959e-06 | C33: 0.014035159 | D33: =DEGREES(C33) -> 0.80415537 | F33: 0.471 | G33: 88.53 | H33: =SQRT((2*C$15)/(C$7*C$17*F33)) -> 68.659618 | I33: =H33/C$12/C$4 -> 0.86940842 | J33: =0.1881*I33^3-0.9979*I33^2+1.6359*I33 -> 0.79159348 | K33: =C$15*SQRT((2*C$15)/(C$17*C$7*G33)) -> 131689.58 | L33: =C$18*J33 -> 315899.67 | M33: =(L33-K33) -> 184210.09 | N33: =M33/C$15 -> 7.0053299 | O33: =DEGREES(ASIN(N33/H33)) -> 5.8560698 | P33: 1.198
A34: 13 | B34: =-K9*COS(C34+C35-C$3)+0.5*C$17*C$7*C$5*(C35-C$8)*G9^2*SIN(C34)+0.5*C$17*C$7*(C$11+1/PI()/C$10*C$5^2*(C35-C$8)^2)*G9^2*COS(C34) -> -8.1709571e-05 | C34: 0.072039769 | D34: =DEGREES(C34) -> 4.1275747 | F34: 0.371 | G34: 56.77 | H34: =SQRT((2*C$15)/(C$7*C$17*F34)) -> 77.361499 | I34: =H34/C$12/C$4 -> 0.97959677 | J34: =0.1881*I34^3-0.9979*I34^2+1.6359*I34 -> 0.82174748 | K34: =C$15*SQRT((2*C$15)/(C$17*C$7*G34)) -> 164451.26 | L34: =C$18*J34 -> 327933.17 | M34: =(L34-K34) -> 163481.91 | N34: =M34/C$15 -> 6.2170575 | O34: =DEGREES(ASIN(N34/H34)) -> 4.6094724 | P34: 0.42
A35: 14 | B35: =K9*SIN(C34+C35-C$3)+0.5*C$17*C$7*C$5*(C35-C$8)*G9^2*COS(C34)-0.5*C$17*C$7*(C$11+1/PI()/C$10*C$5^2*(C35-C$8)^2)*G9^2*SIN(C34)-C$15 -> 4.5346751e-06 | C35: 0.0033129648 | D35: =DEGREES(C35) -> 0.1898189 | F35: 0.276 | G35: 29.74 | H35: =SQRT((2*C$15)/(C$7*C$17*F35)) -> 89.69274 | I35: =H35/C$12/C$4 -> 1.1357422 | J35: =0.1881*I35^3-0.9979*I35^2+1.6359*I35 -> 0.84632669 | K35: =C$15*SQRT((2*C$15)/(C$17*C$7*G35)) -> 227209.34 | L35: =C$18*J35 -> 337741.95 | M35: =(L35-K35) -> 110532.61 | N35: =M35/C$15 -> 4.2034473 | O35: =DEGREES(ASIN(N35/H35)) -> 2.6861487 | P35: -0.292
A36: 15 | B36: =-K10*COS(C36+C37-C$3)+0.5*C$17*C$7*C$5*(C37-C$8)*G10^2*SIN(C36)+0.5*C$17*C$7*(C$11+1/PI()/C$10*C$5^2*(C37-C$8)^2)*G10^2*COS(C36) -> -2.4050938e-05 | C36: 0.049933317 | D36: =DEGREES(C36) -> 2.8609683 | F36: 0.186 | G36: 10.85 | H36: =SQRT((2*C$15)/(C$7*C$17*F36)) -> 109.25853 | I36: =H36/C$12/C$4 -> 1.3834957 | J36: =0.1881*I36^3-0.9979*I36^2+1.6359*I36 -> 0.85132632 | K36: =C$15*SQRT((2*C$15)/(C$17*C$7*G36)) -> 376167.94 | L36: =C$18*J36 -> 339737.14 | M36: =(L36-K36) -> -36430.803 | N36: =M36/C$15 -> -1.3854279 | O36: =DEGREES(ASIN(N36/H36)) -> -0.72654554 | P36: -1.071
A37: 16 | B37: =K10*SIN(C36+C37-C$3)+0.5*C$17*C$7*C$5*(C37-C$8)*G10^2*COS(C36)-0.5*C$17*C$7*(C$11+1/PI()/C$10*C$5^2*(C37-C$8)^2)*G10^2*SIN(C36)-C$15 -> 2.3539505e-06 | C37: -0.0060401919 | D37: =DEGREES(C37) -> -0.3460775 | F37: 0.071 | G37: 0.71 | H37: =SQRT((2*C$15)/(C$7*C$17*F37)) -> 176.84088 | I37: =H37/C$12/C$4 -> 2.2392631 | J37: =0.1881*I37^3-0.9979*I37^2+1.6359*I37 -> 0.77149116 | K37: =C$15*SQRT((2*C$15)/(C$17*C$7*G37)) -> 1470508.3 | L37: =C$18*J37 -> 307877.48 | M37: =(L37-K37) -> -1162630.8 | N37: =M37/C$15 -> -44.213715 | O37: =DEGREES(ASIN(N37/H37)) -> -14.478682 | P37: -2.044
A38: 17 | B38: =-K11*COS(C38+C39-C$3)+0.5*C$17*C$7*C$5*(C39-C$8)*G11^2*SIN(C38)+0.5*C$17*C$7*(C$11+1/PI()/C$10*C$5^2*(C39-C$8)^2)*G11^2*COS(C38) -> 1.7015052e-05 | C38: 0.029593767 | D38: =DEGREES(C38) -> 1.695598
A39: 18 | B39: =K11*SIN(C38+C39-C$3)+0.5*C$17*C$7*C$5*(C39-C$8)*G11^2*COS(C38)-0.5*C$17*C$7*(C$11+1/PI()/C$10*C$5^2*(C39-C$8)^2)*G11^2*SIN(C38)-C$15 -> 9.8680561e-05 | C39: -0.012418572 | D39: =DEGREES(C39) -> -0.71153174 | F39: Metoda mocy, m=m0, h=1000m
A40: 19 | B40: =-K12*COS(C40+C41-C$3)+0.5*C$17*C$7*C$5*(C41-C$8)*G12^2*SIN(C40)+0.5*C$17*C$7*(C$11+1/PI()/C$10*C$5^2*(C41-C$8)^2)*G12^2*COS(C40) -> 1.7458331e-05 | C40: 0.0084641336 | D40: =DEGREES(C40) -> 0.48495913 | F40: Cz | G40: E | H40: V [m/s] | I40: J | J40: ηs | K40: Nn [W] | L40: Nr [W] | M40: ΔN [W] | N40: w [m/s] | O40: γ [°] | P40: α [°]
A41: 20 | B41: =K12*SIN(C40+C41-C$3)+0.5*C$17*C$7*C$5*(C41-C$8)*G12^2*COS(C40)-0.5*C$17*C$7*(C$11+1/PI()/C$10*C$5^2*(C41-C$8)^2)*G12^2*SIN(C40)-C$15 -> 9.3447819e-05 | C41: -0.017567556 | D41: =DEGREES(C41) -> -1.0065468 | F41: =F22 -> 1.63 | G41: =G22 -> 156.18 | H41: =SQRT((2*C$20)/(C$7*C$17*F41)) -> 38.75481 | I41: =H41/C$12/C$4 -> 0.49073617 | J41: =0.185*I41^3-0.9822*I41^2+1.6209*I41 -> 0.58076221 | K41: =C$20*SQRT((2*C$20)/(C$17*C$7*G41)) -> 114790.69 | L41: =C$18*J41 -> 231763.65 | M41: =(L41-K41) -> 116972.96 | N41: =M41/C$20 -> 4.0344608 | O41: =DEGREES(ASIN(N41/H41)) -> 5.9754427 | P41: =P22 -> 15.277
A42: 21 | B42: =-K13*COS(C42+C43-C$3)+0.5*C$17*C$7*C$5*(C43-C$8)*G13^2*SIN(C42)+0.5*C$17*C$7*(C$11+1/PI()/C$10*C$5^2*(C43-C$8)^2)*G13^2*COS(C42) -> 0.00011668972 | C42: -0.016541389 | D42: =DEGREES(C42) -> -0.94775178 | F42: =F23 -> 1.571 | G42: =G23 -> 158.85 | H42: =SQRT((2*C$20)/(C$7*C$17*F42)) -> 39.475834 | I42: =H42/C$12/C$4 -> 0.49986621 | J42: =0.185*I42^3-0.9822*I42^2+1.6209*I42 -> 0.58792097 | K42: =C$20*SQRT((2*C$20)/(C$17*C$7*G42)) -> 113821.88 | L42: =C$18*J42 -> 234620.48 | M42: =(L42-K42) -> 120798.6 | N42: =M42/C$20 -> 4.1664091 | O42: =DEGREES(ASIN(N42/H42)) -> 6.0584683 | P42: =P23 -> 12.123
A43: 22 | B43: =K13*SIN(C42+C43-C$3)+0.5*C$17*C$7*C$5*(C43-C$8)*G13^2*COS(C42)-0.5*C$17*C$7*(C$11+1/PI()/C$10*C$5^2*(C43-C$8)^2)*G13^2*SIN(C42)-C$15 -> -1.6058566e-05 | C43: -0.022325691 | D43: =DEGREES(C43) -> -1.2791679 | F43: =F24 -> 1.474 | G43: =G24 -> 163.07 | H43: =SQRT((2*C$20)/(C$7*C$17*F43)) -> 40.75404 | I43: =H43/C$12/C$4 -> 0.5160516 | J43: =0.185*I43^3-0.9822*I43^2+1.6209*I43 -> 0.60032352 | K43: =C$20*SQRT((2*C$20)/(C$17*C$7*G43)) -> 112339.46 | L43: =C$18*J43 -> 239569.94 | M43: =(L43-K43) -> 127230.48 | N43: =M43/C$20 -> 4.3882482 | O43: =DEGREES(ASIN(N43/H43)) -> 6.1813872 | P43: =P24 -> 11.015
A44: 23 | B44: =-K14*COS(C44+C45-C$3)+0.5*C$17*C$7*C$5*(C45-C$8)*G14^2*SIN(C44)+0.5*C$17*C$7*(C$11+1/PI()/C$10*C$5^2*(C45-C$8)^2)*G14^2*COS(C44) -> 0.00071650729 | C44: -0.039108711 | D44: =DEGREES(C44) -> -2.2407641 | F44: =F25 -> 1.379 | G44: =G25 -> 167.61 | H44: =SQRT((2*C$20)/(C$7*C$17*F44)) -> 42.134445 | I44: =H44/C$12/C$4 -> 0.5335311 | J44: =0.185*I44^3-0.9822*I44^2+1.6209*I44 -> 0.61330841 | K44: =C$20*SQRT((2*C$20)/(C$17*C$7*G44)) -> 110807.57 | L44: =C$18*J44 -> 244751.8 | M44: =(L44-K44) -> 133944.23 | N44: =M44/C$20 -> 4.6198092 | O44: =DEGREES(ASIN(N44/H44)) -> 6.2948216 | P44: =P25 -> 9.578
A45: 24 | B45: =K14*SIN(C44+C45-C$3)+0.5*C$17*C$7*C$5*(C45-C$8)*G14^2*COS(C44)-0.5*C$17*C$7*(C$11+1/PI()/C$10*C$5^2*(C45-C$8)^2)*G14^2*SIN(C44)-C$15 -> -7.6856937e-05 | C45: -0.025737767 | D45: =DEGREES(C45) -> -1.4746654 | F45: =F26 -> 1.272 | G45: =G26 -> 169.65 | H45: =SQRT((2*C$20)/(C$7*C$17*F45)) -> 43.87083 | I45: =H45/C$12/C$4 -> 0.55551823 | J45: =0.185*I45^3-0.9822*I45^2+1.6209*I45 -> 0.62904723 | K45: =C$20*SQRT((2*C$20)/(C$17*C$7*G45)) -> 110139.33 | L45: =C$18*J45 -> 251032.66 | M45: =(L45-K45) -> 140893.32 | N45: =M45/C$20 -> 4.8594871 | O45: =DEGREES(ASIN(N45/H45)) -> 6.3595932 | P45: =P26 -> 8.472
A46: 25 | B46: =-K15*COS(C46+C47-C$3)+0.5*C$17*C$7*C$5*(C47-C$8)*G15^2*SIN(C46)+0.5*C$17*C$7*(C$11+1/PI()/C$10*C$5^2*(C47-C$8)^2)*G15^2*COS(C46) -> 0.00037290577 | C46: -0.062280719 | D46: =DEGREES(C46) -> -3.5684223 | F46: =F27 -> 1.178 | G46: =G27 -> 170.58 | H46: =SQRT((2*C$20)/(C$7*C$17*F46)) -> 45.587604 | I46: =H46/C$12/C$4 -> 0.57725703 | J46: =0.185*I46^3-0.9822*I46^2+1.6209*I46 -> 0.64396768 | K46: =C$20*SQRT((2*C$20)/(C$17*C$7*G46)) -> 109838.69 | L46: =C$18*J46 -> 256986.93 | M46: =(L46-K46) -> 147148.24 | N46: =M46/C$20 -> 5.0752228 | O46: =DEGREES(ASIN(N46/H46)) -> 6.3919329 | P46: =P27 -> 7.694
A47: 26 | B47: =K15*SIN(C46+C47-C$3)+0.5*C$17*C$7*C$5*(C47-C$8)*G15^2*COS(C46)-0.5*C$17*C$7*(C$11+1/PI()/C$10*C$5^2*(C47-C$8)^2)*G15^2*SIN(C46)-C$15 -> -2.9755091e-05 | C47: -0.028606565 | D47: =DEGREES(C47) -> -1.6390355 | F47: =F28 -> 1.08 | G47: =G28 -> 169.97 | H47: =SQRT((2*C$20)/(C$7*C$17*F47)) -> 47.611025 | I47: =H47/C$12/C$4 -> 0.60287878 | J47: =0.185*I47^3-0.9822*I47^2+1.6209*I47 -> 0.66075097 | K47: =C$20*SQRT((2*C$20)/(C$17*C$7*G47)) -> 110035.61 | L47: =C$18*J47 -> 263684.61 | M47: =(L47-K47) -> 153649 | N47: =M47/C$20 -> 5.2994374 | O47: =DEGREES(ASIN(N47/H47)) -> 6.3906603 | P47: =P28 -> 7.048
A48: 27 | B48: =-K16*COS(C48+C49-C$3)+0.5*C$17*C$7*C$5*(C49-C$8)*G16^2*SIN(C48)+0.5*C$17*C$7*(C$11+1/PI()/C$10*C$5^2*(C49-C$8)^2)*G16^2*COS(C48) -> 0.00017166113 | C48: -0.086036644 | D48: =DEGREES(C48) -> -4.9295366 | F48: =F29 -> 0.969 | G48: =G29 -> 164.23 | H48: =SQRT((2*C$20)/(C$7*C$17*F48)) -> 50.264055 | I48: =H48/C$12/C$4 -> 0.636473 | J48: =0.185*I48^3-0.9822*I48^2+1.6209*I48 -> 0.68147121 | K48: =C$20*SQRT((2*C$20)/(C$17*C$7*G48)) -> 111942.02 | L48: =C$18*J48 -> 271953.39 | M48: =(L48-K48) -> 160011.37 | N48: =M48/C$20 -> 5.5188792 | O48: =DEGREES(ASIN(N48/H48)) -> 6.3036557 | P48: =P29 -> 6.074
A49: 28 | B49: =K16*SIN(C48+C49-C$3)+0.5*C$17*C$7*C$5*(C49-C$8)*G16^2*COS(C48)-0.5*C$17*C$7*(C$11+1/PI()/C$10*C$5^2*(C49-C$8)^2)*G16^2*SIN(C48)-C$15 -> -1.8378654e-05 | C49: -0.031043051 | D49: =DEGREES(C49) -> -1.7786358 | F49: =F30 -> 0.868 | G49: =G30 -> 160.73 | H49: =SQRT((2*C$20)/(C$7*C$17*F49)) -> 53.107951 | I49: =H49/C$12/C$4 -> 0.67248409 | J49: =0.185*I49^3-0.9822*I49^2+1.6209*I49 -> 0.70210673 | K49: =C$20*SQRT((2*C$20)/(C$17*C$7*G49)) -> 113154.26 | L49: =C$18*J49 -> 280188.37 | M49: =(L49-K49) -> 167034.11 | N49: =M49/C$20 -> 5.761097 | O49: =DEGREES(ASIN(N49/H49)) -> 6.2276435 | P49: =P30 -> 5.099
A50: 29 | B50: =-K17*COS(C50+C51-C$3)+0.5*C$17*C$7*C$5*(C51-C$8)*G17^2*SIN(C50)+0.5*C$17*C$7*(C$11+1/PI()/C$10*C$5^2*(C51-C$8)^2)*G17^2*COS(C50) -> 0.00027073702 | C50: -0.1138885 | D50: =DEGREES(C50) -> -6.5253305 | F50: =F31 -> 0.771 | G50: =G31 -> 153.61 | H50: =SQRT((2*C$20)/(C$7*C$17*F50)) -> 56.349779 | I50: =H50/C$12/C$4 -> 0.71353402 | J50: =0.185*I50^3-0.9822*I50^2+1.6209*I50 -> 0.72370622 | K50: =C$20*SQRT((2*C$20)/(C$17*C$7*G50)) -> 115746.97 | L50: =C$18*J50 -> 288808.04 | M50: =(L50-K50) -> 173061.06 | N50: =M50/C$20 -> 5.96897 | O50: =DEGREES(ASIN(N50/H50)) -> 6.0805847 | P50: =P31 -> 3.86
A51: 30 | B51: =K17*SIN(C50+C51-C$3)+0.5*C$17*C$7*C$5*(C51-C$8)*G17^2*COS(C50)-0.5*C$17*C$7*(C$11+1/PI()/C$10*C$5^2*(C51-C$8)^2)*G17^2*SIN(C50)-C$15 -> -2.3237295e-05 | C51: -0.03340512 | D51: =DEGREES(C51) -> -1.9139724 | F51: =F32 -> 0.569 | G51: =G32 -> 116.14 | H51: =SQRT((2*C$20)/(C$7*C$17*F51)) -> 65.593873 | I51: =H51/C$12/C$4 -> 0.83058817 | J51: =0.185*I51^3-0.9822*I51^2+1.6209*I51 -> 0.7747091 | K51: =C$20*SQRT((2*C$20)/(C$17*C$7*G51)) -> 133115.45 | L51: =C$18*J51 -> 309161.65 | M51: =(L51-K51) -> 176046.2 | N51: =M51/C$20 -> 6.0719291 | O51: =DEGREES(ASIN(N51/H51)) -> 5.3113906 | P51: =P32 -> 2.042
F52: =F33 -> 0.471 | G52: =G33 -> 88.53 | H52: =SQRT((2*C$20)/(C$7*C$17*F52)) -> 72.095632 | I52: =H52/C$12/C$4 -> 0.91291726 | J52: =0.185*I52^3-0.9822*I52^2+1.6209*I52 -> 0.8019202 | K52: =C$20*SQRT((2*C$20)/(C$17*C$7*G52)) -> 152466.4 | L52: =C$18*J52 -> 320020.74 | M52: =(L52-K52) -> 167554.34 | N52: =M52/C$20 -> 5.77904 | O52: =DEGREES(ASIN(N52/H52)) -> 4.5976463 | P52: =P33 -> 1.198
F53: =F34 -> 0.371 | G53: =G34 -> 56.77 | H53: =SQRT((2*C$20)/(C$7*C$17*F53)) -> 81.232993 | I53: =H53/C$12/C$4 -> 1.0286199 | J53: =0.185*I53^3-0.9822*I53^2+1.6209*I53 -> 0.82940753 | K53: =C$20*SQRT((2*C$20)/(C$17*C$7*G53)) -> 190396.93 | L53: =C$18*J53 -> 330990.05 | M53: =(L53-K53) -> 140593.12 | N53: =M53/C$20 -> 4.8491331 | O53: =DEGREES(ASIN(N53/H53)) -> 3.4222564 | P53: =P34 -> 0.42
F54: =F35 -> 0.276 | G54: =G35 -> 29.74 | H54: =SQRT((2*C$20)/(C$7*C$17*F54)) -> 94.181341 | I54: =H54/C$12/C$4 -> 1.1925795 | J54: =0.185*I54^3-0.9822*I54^2+1.6209*I54 -> 0.84990836 | K54: =C$20*SQRT((2*C$20)/(C$17*C$7*G54)) -> 263056.42 | L54: =C$18*J54 -> 339171.28 | M54: =(L54-K54) -> 76114.861 | N54: =M54/C$20 -> 2.6252429 | O54: =DEGREES(ASIN(N54/H54)) -> 1.597289 | P54: =P35 -> -0.292
F55: =F36 -> 0.186 | G55: =G36 -> 10.85 | H55: =SQRT((2*C$20)/(C$7*C$17*F55)) -> 114.72629 | I55: =H55/C$12/C$4 -> 1.4527317 | J55: =0.185*I55^3-0.9822*I55^2+1.6209*I55 -> 0.84905829 | K55: =C$20*SQRT((2*C$20)/(C$17*C$7*G55)) -> 435516.4 | L55: =C$18*J55 -> 338832.04 | M55: =(L55-K55) -> -96684.357 | N55: =M55/C$20 -> -3.334696 | O55: =DEGREES(ASIN(N55/H55)) -> -1.6656245 | P55: =P36 -> -1.071
F56: =F37 -> 0.071 | G56: =G37 -> 0.71 | H56: =SQRT((2*C$20)/(C$7*C$17*F56)) -> 185.69074 | I56: =H56/C$12/C$4 -> 2.3513252 | J56: =0.185*I56^3-0.9822*I56^2+1.6209*I56 -> 0.78591511 | K56: =C$20*SQRT((2*C$20)/(C$17*C$7*G56)) -> 1702512.1 | L56: =C$18*J56 -> 313633.61 | M56: =(L56-K56) -> -1388878.5 | N56: =M56/C$20 -> -47.903173 | O56: =DEGREES(ASIN(N56/H56)) -> -14.949814 | P56: =P37 -> -2.044
G58: Metoda ciągu, m=m0, h=1000m
B59: Równanie 1 | C59: gamma | D59: alfa | E59: Rówannie 2 | G59: V [m/s] | H59: J | I59: ηs | J59: Nr [W] | K59: Ps [N] | L59: α [°] | M59: γ [°] | N59: w [m/s]
B60: =-K60*COS(C60+D60-C$3)+0.5*C$17*C$7*C$5*(D60-C$8)*G60^2*SIN(C60)+0.5*C$17*C$7*(C$11+1/PI()/C$10*C$5^2*(D60-C$8)^2)*G60^2*COS(C60) -> 2.2070073e-05 | C60: 0.10875956 | D60: 0.20225416 | E60: =K60*SIN(C60+D60-C$3)+0.5*C$17*C$7*C$5*(D60-C$8)*G60^2*COS(C60)-0.5*C$17*C$7*(C$11+1/PI()/C$10*C$5^2*(D60-C$8)^2)*G60^2*SIN(C60)-C$20 -> -1.2947567e-08 | G60: =SQRT(2*C$20/C$7/C$16/C17) -> 38.75481 | H60: =G60/C$12/C$4 -> 0.49073617 | I60: =0.185*H60^3-0.9822*H60^2+1.6209*H60 -> 0.58076221 | J60: =C$18*I60 -> 231763.65 | K60: =J60/G60 -> 5980.2551 | L60: =DEGREES(D60) -> 11.58831 | M60: =DEGREES(C60) -> 6.2314639 | N60: =G60*SIN(RADIANS(M60)) -> 4.2066515
B61: =-K61*COS(C61+D61-C$3)+0.5*C$17*C$7*C$5*(D61-C$8)*G61^2*SIN(C61)+0.5*C$17*C$7*(C$11+1/PI()/C$10*C$5^2*(D61-C$8)^2)*G61^2*COS(C61) -> 0.0011648946 | C61: 0.11441664 | D61: 0.13928639 | E61: =K61*SIN(C61+D61-C$3)+0.5*C$17*C$7*C$5*(D61-C$8)*G61^2*COS(C61)-0.5*C$17*C$7*(C$11+1/PI()/C$10*C$5^2*(D61-C$8)^2)*G61^2*SIN(C61)-C$20 -> -2.2424501e-07 | G61: =G4 -> 45 | H61: =G61/C$12/C$4 -> 0.56981644 | I61: =0.185*H61^3-0.9822*H61^2+1.6209*H61 -> 0.63893181 | J61: =C$18*I61 -> 254977.27 | K61: =J61/G61 -> 5666.1617 | L61: =DEGREES(D61) -> 7.9805224 | M61: =DEGREES(C61) -> 6.5555906 | N61: =G61*SIN(RADIANS(M61)) -> 5.1375223
B62: =-K62*COS(C62+D62-C$3)+0.5*C$17*C$7*C$5*(D62-C$8)*G62^2*SIN(C62)+0.5*C$17*C$7*(C$11+1/PI()/C$10*C$5^2*(D62-C$8)^2)*G62^2*COS(C62) -> 0.00039437436 | C62: 0.11199459 | D62: 0.092797995 | E62: =K62*SIN(C62+D62-C$3)+0.5*C$17*C$7*C$5*(D62-C$8)*G62^2*COS(C62)-0.5*C$17*C$7*(C$11+1/PI()/C$10*C$5^2*(D62-C$8)^2)*G62^2*SIN(C62)-C$20 -> -3.8402504e-08 | G62: =G5 -> 52 | H62: =G62/C$12/C$4 -> 0.65845456 | I62: =0.185*H62^3-0.9822*H62^2+1.6209*H62 -> 0.69425801 | J62: =C$18*I62 -> 277056.2 | K62: =J62/G62 -> 5328.0038 | L62: =DEGREES(D62) -> 5.3169334 | M62: =DEGREES(C62) -> 6.4168171 | N62: =G62*SIN(RADIANS(M62)) -> 5.8115518
B63: =-K63*COS(C63+D63-C$3)+0.5*C$17*C$7*C$5*(D63-C$8)*G63^2*SIN(C63)+0.5*C$17*C$7*(C$11+1/PI()/C$10*C$5^2*(D63-C$8)^2)*G63^2*COS(C63) -> 0.00031203163 | C63: 0.1040855 | D63: 0.061329637 | E63: =K63*SIN(C63+D63-C$3)+0.5*C$17*C$7*C$5*(D63-C$8)*G63^2*COS(C63)-0.5*C$17*C$7*(C$11+1/PI()/C$10*C$5^2*(D63-C$8)^2)*G63^2*SIN(C63)-C$20 -> -7.8798621e-09 | G63: =G6 -> 59 | H63: =G63/C$12/C$4 -> 0.74709267 | I63: =0.185*H63^3-0.9822*H63^2+1.6209*H63 -> 0.73989283 | J63: =C$18*I63 -> 295267.6 | K63: =J63/G63 -> 5004.5355 | L63: =DEGREES(D63) -> 3.5139294 | M63: =DEGREES(C63) -> 5.9636599 | N63: =G63*SIN(RADIANS(M63)) -> 6.1299621
B64: =-K64*COS(C64+D64-C$3)+0.5*C$17*C$7*C$5*(D64-C$8)*G64^2*SIN(C64)+0.5*C$17*C$7*(C$11+1/PI()/C$10*C$5^2*(D64-C$8)^2)*G64^2*COS(C64) -> 0.00033674462 | C64: 0.090897661 | D64: 0.036434804 | E64: =K64*SIN(C64+D64-C$3)+0.5*C$17*C$7*C$5*(D64-C$8)*G64^2*COS(C64)-0.5*C$17*C$7*(C$11+1/PI()/C$10*C$5^2*(D64-C$8)^2)*G64^2*SIN(C64)-C$20 -> 5.4205884e-10 | G64: =G7 -> 67 | H64: =G64/C$12/C$4 -> 0.84839337 | I64: =0.185*H64^3-0.9822*H64^2+1.6209*H64 -> 0.78117154 | J64: =C$18*I64 -> 311740.61 | K64: =J64/G64 -> 4652.8449 | L64: =DEGREES(D64) -> 2.0875605 | M64: =DEGREES(C64) -> 5.2080523 | N64: =G64*SIN(RADIANS(M64)) -> 6.0817602
B65: =-K65*COS(C65+D65-C$3)+0.5*C$17*C$7*C$5*(D65-C$8)*G65^2*SIN(C65)+0.5*C$17*C$7*(C$11+1/PI()/C$10*C$5^2*(D65-C$8)^2)*G65^2*COS(C65) -> -0.00014408711 | C65: 0.076942587 | D65: 0.020795349 | E65: =K65*SIN(C65+D65-C$3)+0.5*C$17*C$7*C$5*(D65-C$8)*G65^2*COS(C65)-0.5*C$17*C$7*(C$11+1/PI()/C$10*C$5^2*(D65-C$8)^2)*G65^2*SIN(C65)-C$20 -> -1.5643309e-10 | G65: =G8 -> 74 | H65: =G65/C$12/C$4 -> 0.93703148 | I65: =0.185*H65^3-0.9822*H65^2+1.6209*H65 -> 0.80864211 | J65: =C$18*I65 -> 322703.23 | K65: =J65/G65 -> 4360.8545 | L65: =DEGREES(D65) -> 1.1914858 | M65: =DEGREES(C65) -> 4.4084855 | N65: =G65*SIN(RADIANS(M65)) -> 5.6881351
B66: =-K66*COS(C66+D66-C$3)+0.5*C$17*C$7*C$5*(D66-C$8)*G66^2*SIN(C66)+0.5*C$17*C$7*(C$11+1/PI()/C$10*C$5^2*(D66-C$8)^2)*G66^2*COS(C66) -> -0.00079007584 | C66: 0.061384586 | D66: 0.0089529841 | E66: =K66*SIN(C66+D66-C$3)+0.5*C$17*C$7*C$5*(D66-C$8)*G66^2*COS(C66)-0.5*C$17*C$7*(C$11+1/PI()/C$10*C$5^2*(D66-C$8)^2)*G66^2*SIN(C66)-C$20 -> 1.7857903e-05 | G66: =G9 -> 81 | H66: =G66/C$12/C$4 -> 1.0256696 | I66: =0.185*H66^3-0.9822*H66^2+1.6209*H66 -> 0.82885075 | J66: =C$18*I66 -> 330767.86 | K66: =J66/G66 -> 4083.5538 | L66: =DEGREES(D66) -> 0.51296821 | M66: =DEGREES(C66) -> 3.5170777 | N66: =G66*SIN(RADIANS(M66)) -> 4.9690295
B67: =-K67*COS(C67+D67-C$3)+0.5*C$17*C$7*C$5*(D67-C$8)*G67^2*SIN(C67)+0.5*C$17*C$7*(C$11+1/PI()/C$10*C$5^2*(D67-C$8)^2)*G67^2*COS(C67) -> -4.9194351e-05 | C67: 0.04211665 | D67: -0.0013705649 | E67: =K67*SIN(C67+D67-C$3)+0.5*C$17*C$7*C$5*(D67-C$8)*G67^2*COS(C67)-0.5*C$17*C$7*(C$11+1/PI()/C$10*C$5^2*(D67-C$8)^2)*G67^2*SIN(C67)-C$20 -> -0.0013932289 | G67: =G10 -> 89 | H67: =G67/C$12/C$4 -> 1.1269703 | I67: =0.185*H67^3-0.9822*H67^2+1.6209*H67 -> 0.84404582 | J67: =C$18*I67 -> 336831.72 | K67: =J67/G67 -> 3784.6261 | L67: =DEGREES(D67) -> -0.078527585 | M67: =DEGREES(C67) -> 2.4131063 | N67: =G67*SIN(RADIANS(M67)) -> 3.7472738
B68: =-K68*COS(C68+D68-C$3)+0.5*C$17*C$7*C$5*(D68-C$8)*G68^2*SIN(C68)+0.5*C$17*C$7*(C$11+1/PI()/C$10*C$5^2*(D68-C$8)^2)*G68^2*COS(C68) -> -0.00022543527 | C68: 0.024218521 | D68: -0.008405864 | E68: =K68*SIN(C68+D68-C$3)+0.5*C$17*C$7*C$5*(D68-C$8)*G68^2*COS(C68)-0.5*C$17*C$7*(C$11+1/PI()/C$10*C$5^2*(D68-C$8)^2)*G68^2*SIN(C68)-C$20 -> -0.0038609786 | G68: =G11 -> 96 | H68: =G68/C$12/C$4 -> 1.2156084 | I68: =0.185*H68^3-0.9822*H68^2+1.6209*H68 -> 0.85129619 | J68: =C$18*I68 -> 339725.12 | K68: =J68/G68 -> 3538.8033 | L68: =DEGREES(D68) -> -0.48162053 | M68: =DEGREES(C68) -> 1.387619 | N68: =G68*SIN(RADIANS(M68)) -> 2.3247507
B69: =-K69*COS(C69+D69-C$3)+0.5*C$17*C$7*C$5*(D69-C$8)*G69^2*SIN(C69)+0.5*C$17*C$7*(C$11+1/PI()/C$10*C$5^2*(D69-C$8)^2)*G69^2*COS(C69) -> -0.00015020106 | C69: 0.0055104111 | D69: -0.014081379 | E69: =K69*SIN(C69+D69-C$3)+0.5*C$17*C$7*C$5*(D69-C$8)*G69^2*COS(C69)-0.5*C$17*C$7*(C$11+1/PI()/C$10*C$5^2*(D69-C$8)^2)*G69^2*SIN(C69)-C$20 -> -0.0033375422 | G69: =G12 -> 103 | H69: =G69/C$12/C$4 -> 1.3042465 | I69: =0.185*H69^3-0.9822*H69^2+1.6209*H69 -> 0.8537141 | J69: =C$18*I69 -> 340690.03 | K69: =J69/G69 -> 3307.6702 | L69: =DEGREES(D69) -> -0.80680356 | M69: =DEGREES(C69) -> 0.3157233 | N69: =G69*SIN(RADIANS(M69)) -> 0.56756947
B70: =-K70*COS(C70+D70-C$3)+0.5*C$17*C$7*C$5*(D70-C$8)*G70^2*SIN(C70)+0.5*C$17*C$7*(C$11+1/PI()/C$10*C$5^2*(D70-C$8)^2)*G70^2*COS(C70) -> -5.1579618e-05 | C70: -0.016734399 | D70: -0.01932221 | E70: =K70*SIN(C70+D70-C$3)+0.5*C$17*C$7*C$5*(D70-C$8)*G70^2*COS(C70)-0.5*C$17*C$7*(C$11+1/PI()/C$10*C$5^2*(D70-C$8)^2)*G70^2*SIN(C70)-C$20 -> -0.0014052661 | G70: =G13 -> 111 | H70: =G70/C$12/C$4 -> 1.4055472 | I70: =0.185*H70^3-0.9822*H70^2+1.6209*H70 -> 0.85155173 | J70: =C$18*I70 -> 339827.09 | K70: =J70/G70 -> 3061.5054 | L70: =DEGREES(D70) -> -1.1070811 | M70: =DEGREES(C70) -> -0.95881042 | N70: =G70*SIN(RADIANS(M70)) -> -1.8574316
B71: =-K71*COS(C71+D71-C$3)+0.5*C$17*C$7*C$5*(D71-C$8)*G71^2*SIN(C71)+0.5*C$17*C$7*(C$11+1/PI()/C$10*C$5^2*(D71-C$8)^2)*G71^2*COS(C71) -> -6.4231654e-07 | C71: -0.036879833 | D71: -0.023077508 | E71: =K71*SIN(C71+D71-C$3)+0.5*C$17*C$7*C$5*(D71-C$8)*G71^2*COS(C71)-0.5*C$17*C$7*(C$11+1/PI()/C$10*C$5^2*(D71-C$8)^2)*G71^2*SIN(C71)-C$20 -> -3.3303e-05 | G71: =G14 -> 118 | H71: =G71/C$12/C$4 -> 1.4941853 | I71: =0.185*H71^3-0.9822*H71^2+1.6209*H71 -> 0.84621734 | J71: =C$18*I71 -> 337698.31 | K71: =J71/G71 -> 2861.8501 | L71: =DEGREES(D71) -> -1.3222438 | M71: =DEGREES(C71) -> -2.1130588 | N71: =G71*SIN(RADIANS(M71)) -> -4.3508339
B72: =-K72*COS(C72+D72-C$3)+0.5*C$17*C$7*C$5*(D72-C$8)*G72^2*SIN(C72)+0.5*C$17*C$7*(C$11+1/PI()/C$10*C$5^2*(D72-C$8)^2)*G72^2*COS(C72) -> 3.2382342e-05 | C72: -0.057614553 | D72: -0.026232485 | E72: =K72*SIN(C72+D72-C$3)+0.5*C$17*C$7*C$5*(D72-C$8)*G72^2*COS(C72)-0.5*C$17*C$7*(C$11+1/PI()/C$10*C$5^2*(D72-C$8)^2)*G72^2*SIN(C72)-C$20 -> 1.9281288e-10 | G72: =G15 -> 125 | H72: =G72/C$12/C$4 -> 1.5828235 | I72: =0.185*H72^3-0.9822*H72^2+1.6209*H72 -> 0.83847994 | J72: =C$18*I72 -> 334610.56 | K72: =J72/G72 -> 2676.8845 | L72: =DEGREES(D72) -> -1.5030107 | M72: =DEGREES(C72) -> -3.3010707 | N72: =G72*SIN(RADIANS(M72)) -> -7.1978355
... B74: =-K74*COS(C74+D74-C$3)+0.5*C$17*C$7*C$5*(D74-C$8)*G74^2*SIN(C74)+0.5*C$17*C$7*(C$11+1/PI()/C$10*C$5^2*(D74-C$8)^2)*G74^2*COS(C74) -> -0.0039069167 | C74: -0.10391142 | D74: -0.031503164 | E74: =K74*SIN(C74+D74-C$3)+0.5*C$17*C$7*C$5*(D74-C$8)*G74^2*COS(C74)-0.5*C$17*C$7*(C$11+1/PI()/C$10*C$5^2*(D74-C$8)^2)*G74^2*SIN(C74)-C$20 -> -0.00081145443 | G74: =G17 -> 140 | H74: =G74/C$12/C$4 -> 1.7727623 | I74: =0.185*H74^3-0.9822*H74^2+1.6209*H74 -> 0.81740264 | J74: =C$18*I74 -> 326199.28 | K74: =J74/G74 -> 2329.9949 | L74: =DEGREES(D74) -> -1.8049984 | M74: =DEGREES(C74) -> -5.9536856 | N74: =G74*SIN(RADIANS(M74)) -> -14.521433

Sheet h=2km
A1: wysokość lotu | B1: h | C1: 2000 | D1: m | G1: Metoda ciągu, m=mśr, h=2000m
A2: Maksymalny ciężar | B2: Qmax | C2: =Podsumowanie!B31 -> 28993.455 | D2: N | G2: V [m/s] | H2: J | I2: ηs | J2: Nr [W] | K2: Ps [N] | L2: α [°] | M2: γ [°] | N2: w [m/s]
A3: kąt pochylenia osi silnika fi | B3: φ | C3: =Podsumowanie!B29 -> 0.017453293 | D3: rad | G3: =SQRT(2*C$15/C$7/C$16/C17) -> 38.789303 | H3: =G3/C$12/C$4 -> 0.49117295 | I3: =0.1906*H3^3-1.0151*H3^2+1.6538*H3 -> 0.58999338 | J3: =C$18*I3 -> 209763.66 | K3: =J3/G3 -> 5407.7709 | L3: =OFFSET(D23,A23-2,0,1,1) -> 11.590921 | M3: =OFFSET(D22,A23-2,0,1,1) -> 6.1951397 | N3: =G3*SIN(RADIANS(M3)) -> 4.1859485
A4: średnica śmigła | B4: D | C4: =Podsumowanie!B12 -> 1.84 | D4: m | G4: 45 | H4: =G4/C$12/C$4 -> 0.56981644 | I4: =0.1906*H4^3-1.0151*H4^2+1.6538*H4 -> 0.64803252 | J4: =C$18*I4 -> 230398.64 | K4: =J4/G4 -> 5119.9698 | L4: =OFFSET(D24,A24-2,0,1,1) -> 8.0012806 | M4: =OFFSET(D23,A24-2,0,1,1) -> 6.5085375 | N4: =G4*SIN(RADIANS(M4)) -> 5.1008068
A5: Współczynnik kierunkowy prostej Cz(a) | B5: a∞ | C5: =Podsumowanie!B16 -> 6.134 | D5: 1/rad | G5: 52 | H5: =G5/C$12/C$4 -> 0.65845456 | I5: =0.1906*H5^3-1.0151*H5^2+1.6538*H5 -> 0.70325566 | J5: =C$18*I5 -> 250032.43 | K5: =J5/G5 -> 4808.316 | L5: =OFFSET(D25,A25-2,0,1,1) -> 5.3327594 | M5: =OFFSET(D24,A25-2,0,1,1) -> 6.3612489 | N5: =G5*SIN(RADIANS(M5)) -> 5.7614329
A6: Moc silnika | B6: Nmax | C6: =Podsumowanie!B9 -> 446000 | D6: W | G6: 59 | H6: =G6/C$12/C$4 -> 0.74709267 | I6: =0.1906*H6^3-1.0151*H6^2+1.6538*H6 -> 0.74844426 | J6: =C$18*I6 -> 266098.59 | K6: =J6/G6 -> 4510.1456 | L6: =OFFSET(D26,A26-2,0,1,1) -> 3.526309 | M6: =OFFSET(D25,A26-2,0,1,1) -> 5.8995545 | N6: =G6*SIN(RADIANS(M6)) -> 6.0643034
A7: Powierzchnia nośna | B7: S | C7: =Podsumowanie!B3 -> 21.3 | D7: m2 | G7: 67 | H7: =G7/C$12/C$4 -> 0.84839337 | I7: =0.1906*H7^3-1.0151*H7^2+1.6538*H7 -> 0.78882284 | J7: =C$18*I7 -> 280454.61 | K7: =J7/G7 -> 4185.8898 | L7: =OFFSET(D27,A27-2,0,1,1) -> 2.0971481 | M7: =OFFSET(D26,A27-2,0,1,1) -> 5.1343893 | N7: =G7*SIN(RADIANS(M7)) -> 5.9959714
A8: Kąt zerowej siły nośnej | B8: α0 | C8: =Podsumowanie!B30 -> -0.051836279 | D8: rad | G8: 74 | H8: =G8/C$12/C$4 -> 0.93703148 | I8: =0.1906*H8^3-1.0151*H8^2+1.6538*H8 -> 0.81519066 | J8: =C$18*I8 -> 289829.32 | K8: =J8/G8 -> 3916.6124 | L8: =OFFSET(D28,A28-2,0,1,1) -> 1.199287 | M8: =OFFSET(D27,A28-2,0,1,1) -> 4.3267396 | N8: =G8*SIN(RADIANS(M8)) -> 5.5828634
A9: masa samolotu | B9: m | C9: =Podsumowanie!B7 -> 2405.5 | D9: kg | G9: 81 | H9: =G9/C$12/C$4 -> 1.0256696 | I9: =0.1906*H9^3-1.0151*H9^2+1.6538*H9 -> 0.83402696 | J9: =C$18*I9 -> 296526.29 | K9: =J9/G9 -> 3660.8184 | L9: =OFFSET(D29,A29-2,0,1,1) -> 0.51939846 | M9: =OFFSET(D28,A29-2,0,1,1) -> 3.4275612 | N9: =G9*SIN(RADIANS(M9)) -> 4.8427109
A10: wydłużenie Oswalda | B10: Λe | C10: =Podsumowanie!B13 -> 5.884 | D10: - | G10: 89 | H10: =G10/C$12/C$4 -> 1.1269703 | I10: =0.1906*H10^3-1.0151*H10^2+1.6538*H10 -> 0.8473535 | J10: =C$18*I10 -> 301264.35 | K10: =J10/G10 -> 3384.9927 | L10: =OFFSET(D30,A30-2,0,1,1) -> -0.07330634 | M10: =OFFSET(D29,A30-2,0,1,1) -> 2.3151239 | N10: =G10*SIN(RADIANS(M10)) -> 3.5952031
A11: Minimalny współczynnik Cx z danych | B11: (Cx)min | C11: =Podsumowanie!B14 -> 0.02214 | D11: - | G11: 96 | H11: =G11/C$12/C$4 -> 1.2156084 | I11: =0.1906*H11^3-1.0151*H11^2+1.6538*H11 -> 0.85273258 | J11: =C$18*I11 -> 303176.8 | K11: =J11/G11 -> 3158.0917 | L11: =OFFSET(D31,A31-2,0,1,1) -> -0.47723117 | M11: =OFFSET(D30,A31-2,0,1,1) -> 1.282608 | N11: =G11*SIN(RADIANS(M11)) -> 2.1488508
A12: Obroty silnika | B12: ns | C12: =Podsumowanie!B11 -> 42.92 | D12: 1/s | G12: 103 | H12: =G12/C$12/C$4 -> 1.3042465 | I12: =0.1906*H12^3-1.0151*H12^2+1.6538*H12 -> 0.85308313 | J12: =C$18*I12 -> 303301.44 | K12: =J12/G12 -> 2944.6741 | L12: =OFFSET(D32,A32-2,0,1,1) -> -0.80309053 | M12: =OFFSET(D31,A32-2,0,1,1) -> 0.20404359 | N12: =G12*SIN(RADIANS(M12)) -> 0.36680617
A13: współczynnik korekcyjny | B13: k | C13: =Podsumowanie!B17 -> 0.12 | D13: - | G13: 111 | H13: =G13/C$12/C$4 -> 1.4055472 | I13: =0.1906*H13^3-1.0151*H13^2+1.6538*H13 -> 0.84834799 | J13: =C$18*I13 -> 301617.93 | K13: =J13/G13 -> 2717.2786 | L13: =OFFSET(D33,A33-2,0,1,1) -> -1.1039966 | M13: =OFFSET(D32,A33-2,0,1,1) -> -1.0776768 | N13: =G13*SIN(RADIANS(M13)) -> -2.0876768
A14: gęstość powietrza przy ziemii | B14: ρ | C14: =Podsumowanie!B2 -> 1.2255 | D14: kg/m3 | G14: 118 | H14: =G14/C$12/C$4 -> 1.4941853 | I14: =0.1906*H14^3-1.0151*H14^2+1.6538*H14 -> 0.84060489 | J14: =C$18*I14 -> 298864.98 | K14: =J14/G14 -> 2532.754 | L14: =OFFSET(D34,A34-2,0,1,1) -> -1.3196119 | M14: =OFFSET(D33,A34-2,0,1,1) -> -2.2378316 | N14: =G14*SIN(RADIANS(M14)) -> -4.6076167
A15: Ciężar samolotu | B15: Q | C15: =Podsumowanie!B8 -> 26295.705 | D15: N | G15: 125 | H15: =G15/C$12/C$4 -> 1.5828235 | I15: =0.1906*H15^3-1.0151*H15^2+1.6538*H15 -> 0.83033625 | J15: =C$18*I15 -> 295214.11 | K15: =J15/G15 -> 2361.7129 | L15: =OFFSET(D35,A35-2,0,1,1) -> -1.5007601 | M15: =OFFSET(D34,A35-2,0,1,1) -> -3.4314014 | N15: =G15*SIN(RADIANS(M15)) -> -7.4816821
A16: Maksymalne Cz | B16: Czmax | C16: =Podsumowanie!B15 -> 1.63 | D16: - | G16: 132 | H16: =G16/C$12/C$4 -> 1.6714616 | I16: =0.1906*H16^3-1.0151*H16^2+1.6538*H16 -> 0.81833847 | J16: =C$18*I16 -> 290948.47 | K16: =J16/G16 -> 2204.1551 | L16: =OFFSET(D36,A36-2,0,1,1) -> -1.654488 | M16: =OFFSET(D35,A36-2,0,1,1) -> -4.6567437 | N16: =G16*SIN(RADIANS(M16)) -> -10.71656
A17: gęstość powietrza na wysokości h | B17: ρh | C17: =C14*(1-C1/44300)^4.256 -> 1.0067547 | D17: kg/m3 | G17: 140 | H17: =G17/C$12/C$4 -> 1.7727623 | I17: =0.1906*H17^3-1.0151*H17^2+1.6538*H17 -> 0.80353106 | J17: =C$18*I17 -> 285683.91 | K17: =J17/G17 -> 2040.5994 | L17: =OFFSET(D37,A37-2,0,1,1) -> -1.8033861 | M17: =OFFSET(D36,A37-2,0,1,1) -> -6.0947692 | N17: =G17*SIN(RADIANS(M17)) -> -14.864261
A18: Moc na wysokości przelotowej | B18: Nh | C18: =C6*((C17/C14)-C13)/(1-C13) -> 355535.62 | D18: W
A19: Współczynnik mocy | B19: CN | C19: =C18/C17/C12^3/C4^5 -> 0.21178305 | D19: -
A20: Maksymalny ciężar samolotu | B20: Qmax | C20: =Podsumowanie!B31 -> 28993.455 | D20: N | F20: Metoda mocy, m=mśr, h=2000m
B21: Równania | C21: Kąty [rad] | D21: Kąty [deg] | F21: Cz | G21: E | H21: V [m/s] | I21: J | J21: ηs | K21: Nn [W] | L21: Nr [W] | M21: ΔN [W] | N21: w [m/s] | O21: γ [°] | P21: α [°]
A22: 1 | B22: =-K3*COS(C22+C23-C$3)+0.5*C$17*C$7*C$5*(C23-C$8)*G3^2*SIN(C22)+0.5*C$17*C$7*(C$11+1/PI()/C$10*C$5^2*(C23-C$8)^2)*G3^2*COS(C22) -> 1.3771118e-05 | C22: 0.10812559 | D22: =DEGREES(C22) -> 6.1951397 | F22: 1.63 | G22: 156.18 | H22: =SQRT((2*C$15)/(C$7*C$17*F22)) -> 38.789303 | I22: =H22/C$12/C$4 -> 0.49117295 | J22: =0.1906*I22^3-1.0151*I22^2+1.6538*I22 -> 0.58999338 | K22: =C$15*SQRT((2*C$15)/(C$17*C$7*G22)) -> 104202.44 | L22: =C$18*J22 -> 209763.66 | M22: =(L22-K22) -> 105561.22 | N22: =M22/C$15 -> 4.0143903 | O22: =DEGREES(ASIN(N22/H22)) -> 5.9403027 | P22: 15.277
A23: 2 | B23: =K3*SIN(C22+C23-C$3)+0.5*C$17*C$7*C$5*(C23-C$8)*G3^2*COS(C22)-0.5*C$17*C$7*(C$11+1/PI()/C$10*C$5^2*(C23-C$8)^2)*G3^2*SIN(C22)-C$15 -> -3.5506673e-09 | C23: 0.20229973 | D23: =DEGREES(C23) -> 11.590921 | F23: 1.571 | G23: 158.85 | H23: =SQRT((2*C$15)/(C$7*C$17*F23)) -> 39.510969 | I23: =H23/C$12/C$4 -> 0.50031111 | J23: =0.1906*I23^3-1.0151*I23^2+1.6538*I23 -> 0.59719311 | K23: =C$15*SQRT((2*C$15)/(C$17*C$7*G23)) -> 103322.99 | L23: =C$18*J23 -> 212323.42 | M23: =(L23-K23) -> 109000.43 | N23: =M23/C$15 -> 4.1451798 | O23: =DEGREES(ASIN(N23/H23)) -> 6.0221038 | P23: 12.123
A24: 3 | B24: =-K4*COS(C24+C25-C$3)+0.5*C$17*C$7*C$5*(C25-C$8)*G4^2*SIN(C24)+0.5*C$17*C$7*(C$11+1/PI()/C$10*C$5^2*(C25-C$8)^2)*G4^2*COS(C24) -> -7.1965922e-05 | C24: 0.11359541 | D24: =DEGREES(C24) -> 6.5085375 | F24: 1.474 | G24: 163.07 | H24: =SQRT((2*C$15)/(C$7*C$17*F24)) -> 40.790313 | I24: =H24/C$12/C$4 -> 0.51651091 | J24: =0.1906*I24^3-1.0151*I24^2+1.6538*I24 -> 0.60965782 | K24: =C$15*SQRT((2*C$15)/(C$17*C$7*G24)) -> 101977.31 | L24: =C$18*J24 -> 216755.07 | M24: =(L24-K24) -> 114777.76 | N24: =M24/C$15 -> 4.3648861 | O24: =DEGREES(ASIN(N24/H24)) -> 6.1428633 | P24: 11.015
A25: 4 | B25: =K4*SIN(C24+C25-C$3)+0.5*C$17*C$7*C$5*(C25-C$8)*G4^2*COS(C24)-0.5*C$17*C$7*(C$11+1/PI()/C$10*C$5^2*(C25-C$8)^2)*G4^2*SIN(C24)-C$15 -> 2.2188909e-05 | C25: 0.13964869 | D25: =DEGREES(C25) -> 8.0012806 | F25: 1.379 | G25: 167.61 | H25: =SQRT((2*C$15)/(C$7*C$17*F25)) -> 42.171946 | I25: =H25/C$12/C$4 -> 0.53400596 | J25: =0.1906*I25^3-1.0151*I25^2+1.6538*I25 -> 0.622695 | K25: =C$15*SQRT((2*C$15)/(C$17*C$7*G25)) -> 100586.72 | L25: =C$18*J25 -> 221390.25 | M25: =(L25-K25) -> 120803.54 | N25: =M25/C$15 -> 4.5940406 | O25: =DEGREES(ASIN(N25/H25)) -> 6.2539808 | P25: 9.578
A26: 5 | B26: =-K5*COS(C26+C27-C$3)+0.5*C$17*C$7*C$5*(C27-C$8)*G5^2*SIN(C26)+0.5*C$17*C$7*(C$11+1/PI()/C$10*C$5^2*(C27-C$8)^2)*G5^2*COS(C26) -> -7.0156374e-05 | C26: 0.11102474 | D26: =DEGREES(C26) -> 6.3612489 | F26: 1.272 | G26: 169.65 | H26: =SQRT((2*C$15)/(C$7*C$17*F26)) -> 43.909877 | I26: =H26/C$12/C$4 -> 0.55601266 | J26: =0.1906*I26^3-1.0151*I26^2+1.6538*I26 -> 0.63847799 | K26: =C$15*SQRT((2*C$15)/(C$17*C$7*G26)) -> 99980.122 | L26: =C$18*J26 -> 227001.67 | M26: =(L26-K26) -> 127021.54 | N26: =M26/C$15 -> 4.8305053 | O26: =DEGREES(ASIN(N26/H26)) -> 6.3158655 | P26: 8.472
A27: 6 | B27: =K5*SIN(C26+C27-C$3)+0.5*C$17*C$7*C$5*(C27-C$8)*G5^2*COS(C26)-0.5*C$17*C$7*(C$11+1/PI()/C$10*C$5^2*(C27-C$8)^2)*G5^2*SIN(C26)-C$15 -> 2.4244091e-05 | C27: 0.09307421 | D27: =DEGREES(C27) -> 5.3327594 | F27: 1.178 | G27: 170.58 | H27: =SQRT((2*C$15)/(C$7*C$17*F27)) -> 45.628178 | I27: =H27/C$12/C$4 -> 0.57777081 | J27: =0.1906*I27^3-1.0151*I27^2+1.6538*I27 -> 0.65341879 | K27: =C$15*SQRT((2*C$15)/(C$17*C$7*G27)) -> 99707.204 | L27: =C$18*J27 -> 232313.65 | M27: =(L27-K27) -> 132606.45 | N27: =M27/C$15 -> 5.0428938 | O27: =DEGREES(ASIN(N27/H27)) -> 6.3453774 | P27: 7.694
A28: 7 | B28: =-K6*COS(C28+C29-C$3)+0.5*C$17*C$7*C$5*(C29-C$8)*G6^2*SIN(C28)+0.5*C$17*C$7*(C$11+1/PI()/C$10*C$5^2*(C29-C$8)^2)*G6^2*COS(C28) -> 6.8964618e-05 | C28: 0.10296665 | D28: =DEGREES(C28) -> 5.8995545 | F28: 1.08 | G28: 169.97 | H28: =SQRT((2*C$15)/(C$7*C$17*F28)) -> 47.653401 | I28: =H28/C$12/C$4 -> 0.60341536 | J28: =0.1906*I28^3-1.0151*I28^2+1.6538*I28 -> 0.67019682 | K28: =C$15*SQRT((2*C$15)/(C$17*C$7*G28)) -> 99885.962 | L28: =C$18*J28 -> 238278.84 | M28: =(L28-K28) -> 138392.88 | N28: =M28/C$15 -> 5.2629461 | O28: =DEGREES(ASIN(N28/H28)) -> 6.3408067 | P28: 7.048
A29: 8 | B29: =K6*SIN(C28+C29-C$3)+0.5*C$17*C$7*C$5*(C29-C$8)*G6^2*COS(C28)-0.5*C$17*C$7*(C$11+1/PI()/C$10*C$5^2*(C29-C$8)^2)*G6^2*SIN(C28)-C$15 -> -4.1179846e-06 | C29: 0.061545703 | D29: =DEGREES(C29) -> 3.526309 | F29: 0.969 | G29: 164.23 | H29: =SQRT((2*C$15)/(C$7*C$17*F29)) -> 50.308792 | I29: =H29/C$12/C$4 -> 0.63703948 | J29: =0.1906*I29^3-1.0151*I29^2+1.6538*I29 -> 0.69086319 | K29: =C$15*SQRT((2*C$15)/(C$17*C$7*G29)) -> 101616.53 | L29: =C$18*J29 -> 245626.47 | M29: =(L29-K29) -> 144009.94 | N29: =M29/C$15 -> 5.4765576 | O29: =DEGREES(ASIN(N29/H29)) -> 6.2495379 | P29: 6.074
A30: 9 | B30: =-K7*COS(C30+C31-C$3)+0.5*C$17*C$7*C$5*(C31-C$8)*G7^2*SIN(C30)+0.5*C$17*C$7*(C$11+1/PI()/C$10*C$5^2*(C31-C$8)^2)*G7^2*COS(C30) -> 3.6743627e-06 | C30: 0.089611998 | D30: =DEGREES(C30) -> 5.1343893 | F30: 0.868 | G30: 160.73 | H30: =SQRT((2*C$15)/(C$7*C$17*F30)) -> 53.155219 | I30: =H30/C$12/C$4 -> 0.67308262 | J30: =0.1906*I30^3-1.0151*I30^2+1.6538*I30 -> 0.71138324 | K30: =C$15*SQRT((2*C$15)/(C$17*C$7*G30)) -> 102716.95 | L30: =C$18*J30 -> 252922.08 | M30: =(L30-K30) -> 150205.13 | N30: =M30/C$15 -> 5.7121544 | O30: =DEGREES(ASIN(N30/H30)) -> 6.1690188 | P30: 5.099
A31: 10 | B31: =K7*SIN(C30+C31-C$3)+0.5*C$17*C$7*C$5*(C31-C$8)*G7^2*COS(C30)-0.5*C$17*C$7*(C$11+1/PI()/C$10*C$5^2*(C31-C$8)^2)*G7^2*SIN(C30)-C$15 -> -1.381668e-07 | C31: 0.036602139 | D31: =DEGREES(C31) -> 2.0971481 | F31: 0.771 | G31: 153.61 | H31: =SQRT((2*C$15)/(C$7*C$17*F31)) -> 56.399933 | I31: =H31/C$12/C$4 -> 0.71416909 | J31: =0.1906*I31^3-1.0151*I31^2+1.6538*I31 -> 0.73278041 | K31: =C$15*SQRT((2*C$15)/(C$17*C$7*G31)) -> 105070.51 | L31: =C$18*J31 -> 260529.54 | M31: =(L31-K31) -> 155459.02 | N31: =M31/C$15 -> 5.9119549 | O31: =DEGREES(ASIN(N31/H31)) -> 6.0169125 | P31: 3.86
A32: 11 | B32: =-K8*COS(C32+C33-C$3)+0.5*C$17*C$7*C$5*(C33-C$8)*G8^2*SIN(C32)+0.5*C$17*C$7*(C$11+1/PI()/C$10*C$5^2*(C33-C$8)^2)*G8^2*COS(C32) -> -3.2845783e-05 | C32: 0.075515853 | D32: =DEGREES(C32) -> 4.3267396 | F32: 0.569 | G32: 116.14 | H32: =SQRT((2*C$15)/(C$7*C$17*F32)) -> 65.652254 | I32: =H32/C$12/C$4 -> 0.83132742 | J32: =0.1906*I32^3-1.0151*I32^2+1.6538*I32 -> 0.78281465 | K32: =C$15*SQRT((2*C$15)/(C$17*C$7*G32)) -> 120836.93 | L32: =C$18*J32 -> 278318.49 | M32: =(L32-K32) -> 157481.56 | N32: =M32/C$15 -> 5.98887 | O32: =DEGREES(ASIN(N32/H32)) -> 5.2338592 | P32: 2.042
A33: 12 | B33: =K8*SIN(C32+C33-C$3)+0.5*C$17*C$7*C$5*(C33-C$8)*G8^2*COS(C32)-0.5*C$17*C$7*(C$11+1/PI()/C$10*C$5^2*(C33-C$8)^2)*G8^2*SIN(C32)-C$15 -> 6.7600195e-06 | C33: 0.020931506 | D33: =DEGREES(C33) -> 1.199287 | F33: 0.471 | G33: 88.53 | H33: =SQRT((2*C$15)/(C$7*C$17*F33)) -> 72.1598 | I33: =H33/C$12/C$4 -> 0.91372979 | J33: =0.1906*I33^3-1.0151*I33^2+1.6538*I33 -> 0.80902114 | K33: =C$15*SQRT((2*C$15)/(C$17*C$7*G33)) -> 138402.95 | L33: =C$18*J33 -> 287635.83 | M33: =(L33-K33) -> 149232.88 | N33: =M33/C$15 -> 5.6751806 | O33: =DEGREES(ASIN(N33/H33)) -> 4.5108224 | P33: 1.198
A34: 13 | B34: =-K9*COS(C34+C35-C$3)+0.5*C$17*C$7*C$5*(C35-C$8)*G9^2*SIN(C34)+0.5*C$17*C$7*(C$11+1/PI()/C$10*C$5^2*(C35-C$8)^2)*G9^2*COS(C34) -> -0.00043015548 | C34: 0.059822228 | D34: =DEGREES(C34) -> 3.4275612 | F34: 0.371 | G34: 56.77 | H34: =SQRT((2*C$15)/(C$7*C$17*F34)) -> 81.305293 | I34: =H34/C$12/C$4 -> 1.0295354 | J34: =0.1906*I34^3-1.0151*I34^2+1.6538*I34 -> 0.83468942 | K34: =C$15*SQRT((2*C$15)/(C$17*C$7*G34)) -> 172834.78 | L34: =C$18*J34 -> 296761.82 | M34: =(L34-K34) -> 123927.04 | N34: =M34/C$15 -> 4.7128242 | O34: =DEGREES(ASIN(N34/H34)) -> 3.3229863 | P34: 0.42
A35: 14 | B35: =K9*SIN(C34+C35-C$3)+0.5*C$17*C$7*C$5*(C35-C$8)*G9^2*COS(C34)-0.5*C$17*C$7*(C$11+1/PI()/C$10*C$5^2*(C35-C$8)^2)*G9^2*SIN(C34)-C$15 -> 1.255831e-05 | C35: 0.0090652133 | D35: =DEGREES(C35) -> 0.51939846 | F35: 0.276 | G35: 29.74 | H35: =SQRT((2*C$15)/(C$7*C$17*F35)) -> 94.265166 | I35: =H35/C$12/C$4 -> 1.1936409 | J35: =0.1906*I35^3-1.0151*I35^2+1.6538*I35 -> 0.85189903 | K35: =C$15*SQRT((2*C$15)/(C$17*C$7*G35)) -> 238792.19 | L35: =C$18*J35 -> 302880.45 | M35: =(L35-K35) -> 64088.261 | N35: =M35/C$15 -> 2.437214 | O35: =DEGREES(ASIN(N35/H35)) -> 1.4815403 | P35: -0.292
A36: 15 | B36: =-K10*COS(C36+C37-C$3)+0.5*C$17*C$7*C$5*(C37-C$8)*G10^2*SIN(C36)+0.5*C$17*C$7*(C$11+1/PI()/C$10*C$5^2*(C37-C$8)^2)*G10^2*COS(C36) -> 1.8738118e-05 | C36: 0.040406535 | D36: =DEGREES(C36) -> 2.3151239 | F36: 0.186 | G36: 10.85 | H36: =SQRT((2*C$15)/(C$7*C$17*F36)) -> 114.8284 | I36: =H36/C$12/C$4 -> 1.4540246 | J36: =0.1906*I36^3-1.0151*I36^2+1.6538*I36 -> 0.84447389 | K36: =C$15*SQRT((2*C$15)/(C$17*C$7*G36)) -> 395344.52 | L36: =C$18*J36 -> 300240.55 | M36: =(L36-K36) -> -95103.977 | N36: =M36/C$15 -> -3.6167114 | O36: =DEGREES(ASIN(N36/H36)) -> -1.8049244 | P36: -1.071
A37: 16 | B37: =K10*SIN(C36+C37-C$3)+0.5*C$17*C$7*C$5*(C37-C$8)*G10^2*COS(C36)-0.5*C$17*C$7*(C$11+1/PI()/C$10*C$5^2*(C37-C$8)^2)*G10^2*SIN(C36)-C$15 -> -9.243995e-07 | C37: -0.001279437 | D37: =DEGREES(C37) -> -0.07330634 | F37: 0.071 | G37: 0.71 | H37: =SQRT((2*C$15)/(C$7*C$17*F37)) -> 185.85601 | I37: =H37/C$12/C$4 -> 2.353418 | J37: =0.1906*I37^3-1.0151*I37^2+1.6538*I37 -> 0.75426583 | K37: =C$15*SQRT((2*C$15)/(C$17*C$7*G37)) -> 1545473 | L37: =C$18*J37 -> 268168.37 | M37: =(L37-K37) -> -1277304.6 | N37: =M37/C$15 -> -48.574648 | O37: =DEGREES(ASIN(N37/H37)) -> -15.150559 | P37: -2.044
A38: 17 | B38: =-K11*COS(C38+C39-C$3)+0.5*C$17*C$7*C$5*(C39-C$8)*G11^2*SIN(C38)+0.5*C$17*C$7*(C$11+1/PI()/C$10*C$5^2*(C39-C$8)^2)*G11^2*COS(C38) -> 1.5779315e-05 | C38: 0.022385732 | D38: =DEGREES(C38) -> 1.282608
A39: 18 | B39: =K11*SIN(C38+C39-C$3)+0.5*C$17*C$7*C$5*(C39-C$8)*G11^2*COS(C38)-0.5*C$17*C$7*(C$11+1/PI()/C$10*C$5^2*(C39-C$8)^2)*G11^2*SIN(C38)-C$15 -> -2.5659174e-06 | C39: -0.0083292552 | D39: =DEGREES(C39) -> -0.47723117 | F39: Metoda mocy, m=m0, h=2000m
A40: 19 | B40: =-K12*COS(C40+C41-C$3)+0.5*C$17*C$7*C$5*(C41-C$8)*G12^2*SIN(C40)+0.5*C$17*C$7*(C$11+1/PI()/C$10*C$5^2*(C41-C$8)^2)*G12^2*COS(C40) -> 0.00088849681 | C40: 0.0035612325 | D40: =DEGREES(C40) -> 0.20404359 | F40: Cz | G40: E | H40: V [m/s] | I40: J | J40: ηs | K40: Nn [W] | L40: Nr [W] | M40: ΔN [W] | N40: w [m/s] | O40: γ [°] | P40: α [°]
A41: 20 | B41: =K12*SIN(C40+C41-C$3)+0.5*C$17*C$7*C$5*(C41-C$8)*G12^2*COS(C40)-0.5*C$17*C$7*(C$11+1/PI()/C$10*C$5^2*(C41-C$8)^2)*G12^2*SIN(C40)-C$15 -> -9.1835904e-05 | C41: -0.014016574 | D41: =DEGREES(C41) -> -0.80309053 | F41: =F22 -> 1.63 | G41: =G22 -> 156.18 | H41: =SQRT((2*C$20)/(C$7*C$17*F41)) -> 40.730482 | I41: =H41/C$12/C$4 -> 0.5157533 | J41: =0.185*I41^3-0.9822*I41^2+1.6209*I41 -> 0.60009824 | K41: =C$20*SQRT((2*C$20)/(C$17*C$7*G41)) -> 120642.58 | L41: =C$18*J41 -> 213356.3 | M41: =(L41-K41) -> 92713.719 | N41: =M41/C$20 -> 3.1977465 | O41: =DEGREES(ASIN(N41/H41)) -> 4.5029205 | P41: =P22 -> 15.277
A42: 21 | B42: =-K13*COS(C42+C43-C$3)+0.5*C$17*C$7*C$5*(C43-C$8)*G13^2*SIN(C42)+0.5*C$17*C$7*(C$11+1/PI()/C$10*C$5^2*(C43-C$8)^2)*G13^2*COS(C42) -> 0.00019811385 | C42: -0.018809008 | D42: =DEGREES(C42) -> -1.0776768 | F42: =F23 -> 1.571 | G42: =G23 -> 158.85 | H42: =SQRT((2*C$20)/(C$7*C$17*F42)) -> 41.488264 | I42: =H42/C$12/C$4 -> 0.52534877 | J42: =0.185*I42^3-0.9822*I42^2+1.6209*I42 -> 0.6072826 | K42: =C$20*SQRT((2*C$20)/(C$17*C$7*G42)) -> 119624.38 | L42: =C$18*J42 -> 215910.6 | M42: =(L42-K42) -> 96286.212 | N42: =M42/C$20 -> 3.3209637 | O42: =DEGREES(ASIN(N42/H42)) -> 4.5912017 | P42: =P23 -> 12.123
A43: 22 | B43: =K13*SIN(C42+C43-C$3)+0.5*C$17*C$7*C$5*(C43-C$8)*G13^2*COS(C42)-0.5*C$17*C$7*(C$11+1/PI()/C$10*C$5^2*(C43-C$8)^2)*G13^2*SIN(C42)-C$15 -> -2.3260574e-05 | C43: -0.019268376 | D43: =DEGREES(C43) -> -1.1039966 | F43: =F24 -> 1.474 | G43: =G24 -> 163.07 | H43: =SQRT((2*C$20)/(C$7*C$17*F43)) -> 42.831631 | I43: =H43/C$12/C$4 -> 0.54235928 | J43: =0.185*I43^3-0.9822*I43^2+1.6209*I43 -> 0.61970683 | K43: =C$20*SQRT((2*C$20)/(C$17*C$7*G43)) -> 118066.39 | L43: =C$18*J43 -> 220327.85 | M43: =(L43-K43) -> 102261.46 | N43: =M43/C$20 -> 3.5270533 | O43: =DEGREES(ASIN(N43/H43)) -> 4.7234801 | P43: =P24 -> 11.015
A44: 23 | B44: =-K14*COS(C44+C45-C$3)+0.5*C$17*C$7*C$5*(C45-C$8)*G14^2*SIN(C44)+0.5*C$17*C$7*(C$11+1/PI()/C$10*C$5^2*(C45-C$8)^2)*G14^2*COS(C44) -> 0.00041595488 | C44: -0.039057529 | D44: =DEGREES(C44) -> -2.2378316 | F44: =F25 -> 1.379 | G44: =G25 -> 167.61 | H44: =SQRT((2*C$20)/(C$7*C$17*F44)) -> 44.282407 | I44: =H44/C$12/C$4 -> 0.56072986 | J44: =0.185*I44^3-0.9822*I44^2+1.6209*I44 -> 0.63268185 | K44: =C$20*SQRT((2*C$20)/(C$17*C$7*G44)) -> 116456.4 | L44: =C$18*J44 -> 224940.93 | M44: =(L44-K44) -> 108484.53 | N44: =M44/C$20 -> 3.7416904 | O44: =DEGREES(ASIN(N44/H44)) -> 4.8470489 | P44: =P25 -> 9.578
A45: 24 | B45: =K14*SIN(C44+C45-C$3)+0.5*C$17*C$7*C$5*(C45-C$8)*G14^2*COS(C44)-0.5*C$17*C$7*(C$11+1/PI()/C$10*C$5^2*(C45-C$8)^2)*G14^2*SIN(C44)-C$15 -> -3.8076501e-05 | C45: -0.023031572 | D45: =DEGREES(C45) -> -1.3196119 | F45: =F26 -> 1.272 | G45: =G26 -> 169.65 | H45: =SQRT((2*C$20)/(C$7*C$17*F45)) -> 46.107311 | I45: =H45/C$12/C$4 -> 0.58383787 | J45: =0.185*I45^3-0.9822*I45^2+1.6209*I45 -> 0.64836058 | K45: =C$20*SQRT((2*C$20)/(C$17*C$7*G45)) -> 115754.1 | L45: =C$18*J45 -> 230515.28 | M45: =(L45-K45) -> 114761.18 | N45: =M45/C$20 -> 3.9581753 | O45: =DEGREES(ASIN(N45/H45)) -> 4.9247336 | P45: =P26 -> 8.472
A46: 25 | B46: =-K15*COS(C46+C47-C$3)+0.5*C$17*C$7*C$5*(C47-C$8)*G15^2*SIN(C46)+0.5*C$17*C$7*(C$11+1/PI()/C$10*C$5^2*(C47-C$8)^2)*G15^2*COS(C46) -> 0.00013757801 | C46: -0.059889252 | D46: =DEGREES(C46) -> -3.4314014 | F46: =F27 -> 1.178 | G46: =G27 -> 170.58 | H46: =SQRT((2*C$20)/(C$7*C$17*F46)) -> 47.911604 | I46: =H46/C$12/C$4 -> 0.60668488 | J46: =0.185*I46^3-0.9822*I46^2+1.6209*I46 -> 0.66317114 | K46: =C$20*SQRT((2*C$20)/(C$17*C$7*G46)) -> 115438.13 | L46: =C$18*J46 -> 235780.96 | M46: =(L46-K46) -> 120342.83 | N46: =M46/C$20 -> 4.1506896 | O46: =DEGREES(ASIN(N46/H46)) -> 4.9698917 | P46: =P27 -> 7.694
A47: 26 | B47: =K15*SIN(C46+C47-C$3)+0.5*C$17*C$7*C$5*(C47-C$8)*G15^2*COS(C46)-0.5*C$17*C$7*(C$11+1/PI()/C$10*C$5^2*(C47-C$8)^2)*G15^2*SIN(C46)-C$15 -> -9.2260125e-06 | C47: -0.026193205 | D47: =DEGREES(C47) -> -1.5007601 | F47: =F28 -> 1.08 | G47: =G28 -> 169.97 | H47: =SQRT((2*C$20)/(C$7*C$17*F47)) -> 50.038176 | I47: =H47/C$12/C$4 -> 0.63361279 | J47: =0.185*I47^3-0.9822*I47^2+1.6209*I47 -> 0.67976298 | K47: =C$20*SQRT((2*C$20)/(C$17*C$7*G47)) -> 115645.09 | L47: =C$18*J47 -> 241679.95 | M47: =(L47-K47) -> 126034.86 | N47: =M47/C$20 -> 4.3470108 | O47: =DEGREES(ASIN(N47/H47)) -> 4.9837893 | P47: =P28 -> 7.048
A48: 27 | B48: =-K16*COS(C48+C49-C$3)+0.5*C$17*C$7*C$5*(C49-C$8)*G16^2*SIN(C48)+0.5*C$17*C$7*(C$11+1/PI()/C$10*C$5^2*(C49-C$8)^2)*G16^2*COS(C48) -> 0.00012250222 | C48: -0.081275509 | D48: =DEGREES(C48) -> -4.6567437 | F48: =F29 -> 0.969 | G48: =G29 -> 164.23 | H48: =SQRT((2*C$20)/(C$7*C$17*F48)) -> 52.826454 | I48: =H48/C$12/C$4 -> 0.66891961 | J48: =0.185*I48^3-0.9822*I48^2+1.6209*I48 -> 0.70013544 | K48: =C$20*SQRT((2*C$20)/(C$17*C$7*G48)) -> 117648.68 | L48: =C$18*J48 -> 248923.09 | M48: =(L48-K48) -> 131274.4 | N48: =M48/C$20 -> 4.5277254 | O48: =DEGREES(ASIN(N48/H48)) -> 4.9168212 | P48: =P29 -> 6.074
A49: 28 | B49: =K16*SIN(C48+C49-C$3)+0.5*C$17*C$7*C$5*(C49-C$8)*G16^2*COS(C48)-0.5*C$17*C$7*(C$11+1/PI()/C$10*C$5^2*(C49-C$8)^2)*G16^2*SIN(C48)-C$15 -> -1.1292006e-05 | C49: -0.028876264 | D49: =DEGREES(C49) -> -1.654488 | F49: =F30 -> 0.868 | G49: =G30 -> 160.73 | H49: =SQRT((2*C$20)/(C$7*C$17*F49)) -> 55.815329 | I49: =H49/C$12/C$4 -> 0.70676649 | J49: =0.185*I49^3-0.9822*I49^2+1.6209*I49 -> 0.72028336 | K49: =C$20*SQRT((2*C$20)/(C$17*C$7*G49)) -> 118922.72 | L49: =C$18*J49 -> 256086.39 | M49: =(L49-K49) -> 137163.66 | N49: =M49/C$20 -> 4.7308493 | O49: =DEGREES(ASIN(N49/H49)) -> 4.8621643 | P49: =P30 -> 5.099
A50: 29 | B50: =-K17*COS(C50+C51-C$3)+0.5*C$17*C$7*C$5*(C51-C$8)*G17^2*SIN(C50)+0.5*C$17*C$7*(C$11+1/PI()/C$10*C$5^2*(C51-C$8)^2)*G17^2*COS(C50) -> 0.0001464315 | C50: -0.10637379 | D50: =DEGREES(C50) -> -6.0947692 | F50: =F31 -> 0.771 | G50: =G31 -> 153.61 | H50: =SQRT((2*C$20)/(C$7*C$17*F50)) -> 59.222422 | I50: =H50/C$12/C$4 -> 0.7499091 | J50: =0.185*I50^3-0.9822*I50^2+1.6209*I50 -> 0.74119258 | K50: =C$20*SQRT((2*C$20)/(C$17*C$7*G50)) -> 121647.61 | L50: =C$18*J50 -> 263520.36 | M50: =(L50-K50) -> 141872.75 | N50: =M50/C$20 -> 4.8932682 | O50: =DEGREES(ASIN(N50/H50)) -> 4.739482 | P50: =P31 -> 3.86
A51: 30 | B51: =K17*SIN(C50+C51-C$3)+0.5*C$17*C$7*C$5*(C51-C$8)*G17^2*COS(C50)-0.5*C$17*C$7*(C$11+1/PI()/C$10*C$5^2*(C51-C$8)^2)*G17^2*SIN(C50)-C$15 -> -1.0688906e-05 | C51: -0.031475026 | D51: =DEGREES(C51) -> -1.8033861 | F51: =F32 -> 0.569 | G51: =G32 -> 116.14 | H51: =SQRT((2*C$20)/(C$7*C$17*F51)) -> 68.937768 | I51: =H51/C$12/C$4 -> 0.87293053 | J51: =0.185*I51^3-0.9822*I51^2+1.6209*I51 -> 0.78954738 | K51: =C$20*SQRT((2*C$20)/(C$17*C$7*G51)) -> 139901.51 | L51: =C$18*J51 -> 280712.22 | M51: =(L51-K51) -> 140810.7 | N51: =M51/C$20 -> 4.8566376 | O51: =DEGREES(ASIN(N51/H51)) -> 4.0398107 | P51: =P32 -> 2.042
F52: =F33 -> 0.471 | G52: =G33 -> 88.53 | H52: =SQRT((2*C$20)/(C$7*C$17*F52)) -> 75.770979 | I52: =H52/C$12/C$4 -> 0.95945666 | J52: =0.185*I52^3-0.9822*I52^2+1.6209*I52 -> 0.81441054 | K52: =C$20*SQRT((2*C$20)/(C$17*C$7*G52)) -> 160238.95 | L52: =C$18*J52 -> 289551.95 | M52: =(L52-K52) -> 129313 | N52: =M52/C$20 -> 4.4600757 | O52: =DEGREES(ASIN(N52/H52)) -> 3.3745283 | P52: =P33 -> 1.198
F53: =F34 -> 0.371 | G53: =G34 -> 56.77 | H53: =SQRT((2*C$20)/(C$7*C$17*F53)) -> 85.374151 | I53: =H53/C$12/C$4 -> 1.0810577 | J53: =0.185*I53^3-0.9822*I53^2+1.6209*I53 -> 0.83813537 | K53: =C$20*SQRT((2*C$20)/(C$17*C$7*G53)) -> 200103.13 | L53: =C$18*J53 -> 297986.98 | M53: =(L53-K53) -> 97883.849 | N53: =M53/C$20 -> 3.3760671 | O53: =DEGREES(ASIN(N53/H53)) -> 2.2663165 | P53: =P34 -> 0.42
F54: =F35 -> 0.276 | G54: =G35 -> 29.74 | H54: =SQRT((2*C$20)/(C$7*C$17*F54)) -> 98.982589 | I54: =H54/C$12/C$4 -> 1.2533757 | J54: =0.185*I54^3-0.9822*I54^2+1.6209*I54 -> 0.85287235 | K54: =C$20*SQRT((2*C$20)/(C$17*C$7*G54)) -> 276466.71 | L54: =C$18*J54 -> 303226.5 | M54: =(L54-K54) -> 26759.79 | N54: =M54/C$20 -> 0.92295968 | O54: =DEGREES(ASIN(N54/H54)) -> 0.53426023 | P54: =P35 -> -0.292
F55: =F36 -> 0.186 | G55: =G36 -> 10.85 | H55: =SQRT((2*C$20)/(C$7*C$17*F55)) -> 120.57489 | I55: =H55/C$12/C$4 -> 1.5267901 | J55: =0.185*I55^3-0.9822*I55^2+1.6209*I55 -> 0.84360962 | K55: =C$20*SQRT((2*C$20)/(C$17*C$7*G55)) -> 457718.49 | L55: =C$18*J55 -> 299933.26 | M55: =(L55-K55) -> -157785.22 | N55: =M55/C$20 -> -5.4420979 | O55: =DEGREES(ASIN(N55/H55)) -> -2.5869002 | P55: =P36 -> -1.071
F56: =F37 -> 0.071 | G56: =G37 -> 0.71 | H56: =SQRT((2*C$20)/(C$7*C$17*F56)) -> 195.15702 | I56: =H56/C$12/C$4 -> 2.4711929 | J56: =0.185*I56^3-0.9822*I56^2+1.6209*I56 -> 0.79931052 | K56: =C$20*SQRT((2*C$20)/(C$17*C$7*G56)) -> 1789304.1 | L56: =C$18*J56 -> 284183.36 | M56: =(L56-K56) -> -1505120.7 | N56: =M56/C$20 -> -51.91243 | O56: =DEGREES(ASIN(N56/H56)) -> -15.426583 | P56: =P37 -> -2.044
G58: Metoda ciągu, m=m0, h=2000m
B59: Równanie 1 | C59: gamma | D59: alfa | E59: Rówannie 2 | G59: V [m/s] | H59: J | I59: ηs | J59: Nr [W] | K59: Ps [N] | L59: α [°] | M59: γ [°] | N59: w [m/s]
B60: =-K60*COS(C60+D60-C$3)+0.5*C$17*C$7*C$5*(D60-C$8)*G60^2*SIN(C60)+0.5*C$17*C$7*(C$11+1/PI()/C$10*C$5^2*(D60-C$8)^2)*G60^2*COS(C60) -> 0.00011838821 | C60: 0.082251731 | D60: 0.20408892 | E60: =K60*SIN(C60+D60-C$3)+0.5*C$17*C$7*C$5*(D60-C$8)*G60^2*COS(C60)-0.5*C$17*C$7*(C$11+1/PI()/C$10*C$5^2*(D60-C$8)^2)*G60^2*SIN(C60)-C$20 -> -3.2359821e-08 | G60: =SQRT(2*C$20/C$7/C$16/C17) -> 40.730482 | H60: =G60/C$12/C$4 -> 0.5157533 | I60: =0.185*H60^3-0.9822*H60^2+1.6209*H60 -> 0.60009824 | J60: =C$18*I60 -> 213356.3 | K60: =J60/G60 -> 5238.2463 | L60: =DEGREES(D60) -> 11.693434 | M60: =DEGREES(C60) -> 4.712677 | N60: =G60*SIN(RADIANS(M60)) -> 3.3463764
