Workbook
Name g_v__dane: Podsumowanie!#REF!
Name g_v__dane_1: Podsumowanie!$V$1:$V$11
Name h_0: 'h=0m'!$I$40:$J$54
Name h_0: 'h=1000m'!$I$39:$J$53
Name h_0: 'h=1500m'!$I$39:$J$53
Name h_0: 'h=2000m'!$I$39:$J$52
Name h_0: 'h=2500m'!$I$39:$J$52
Name h_0: 'h=3000m'!$I$38:$J$52
Name h_0: 'h=3500m'!$I$38:$J$52
Name h_0: 'h=4000m'!$I$38:$J$52
Name h_0: 'h=4500m'!$I$38:$J$52
Name h_0: 'h=500m'!$I$39:$J$53
Name h_0: 'Nr(V)'!$B$2:$B$373
Name h_1: 'h=1000m'!$I$39:$J$53
Name h_1: 'h=1500m'!$I$39:$J$53
Name h_1: 'h=2000m'!$I$39:$J$52
Name h_1: 'h=2500m'!$I$39:$J$52
Name h_1: 'h=3000m'!$I$38:$J$52
Name h_1: 'h=3500m'!$I$38:$J$52
Name h_1: 'h=4000m'!$I$38:$J$52
Name h_1: 'h=4500m'!$I$38:$J$52
Name h_1: 'h=500m'!$I$39:$J$53
Name h_1000: 'Nr(V)'!$D$2:$D$112
Name h_1500: 'Nr(V)'!$E$2:$E$94
Name h_2000: 'Nr(V)'!$F$2:$F$280
Name h_2500: 'Nr(V)'!$G$2:$G$281
Name h_3000: 'Nr(V)'!$H$2:$H$372
Name h_3500: 'Nr(V)'!$I$2:$I$288
Name h_4000: 'Nr(V)'!$J$2:$J$288
Name h_4500: 'Nr(V)'!$K$2:$K$369
Name h_500: 'Nr(V)'!$C$2:$C$378
Name h_5000: 'Nr(V)'!#REF!
Name h_5011: 'Nr(V)'!$A$2:$A$510
Name PWS_Vmin: Podsumowanie!#REF!
Name PWS_Vmin_1: Podsumowanie!#REF!
Name V_minmax: Podsumowanie!#REF!
Name V_PWS: Podsumowanie!$AC$3:$AD$106
Name V_PWS_1: Podsumowanie!#REF!
Name V2_PWS: Podsumowanie!$AI$50:$AJ$150
Name w_V__dane: Podsumowanie!#REF!

Sheet Podsumowanie
A1: Ja w | B1: 9.81 | C1: m/s2 | AC1: ciągu | AD1: m zmienna | AE1: ciągu | AF1: mśr | AG1: mocy | AH1: mśr | AI1: ciągu | AJ1: mmax | AK1: mocy | AL1: mmax
A2: ρ0 | B2: 1.2255 | C2: kg/m3 | M2: h [m] | N2: Vmin [m/s] | O2: Vmin [km/h] | P2: Vmax [m/s] | Q2: Vmax [km/h] | R2: wmax [m/s] | S2: 10·wmax [m/s] | T2: Vw [m/s] | U2: Vw [km/h] | V2: γmax [°] | W2: 10·γmax [°] | X2: Vγ [m/s] | Y2: Vγ [km/h] | Z2: ht [m] | AA2: th [min] | AC2: Vmin
A3: S | B3: 18 | C3: m2 | M3: 0 | N3: =AC3 -> 20.474251 | O3: =N3*3.6 -> 73.707305 | P3: =AC13 -> 41.994755 | Q3: =P3*3.6 -> 151.18112 | R3: =AD23 -> 2.3164557 | S3: =10*R3 -> 23.164557 | T3: =AC23 -> 29.326946 | U3: =T3*3.6 -> 105.57701 | V3: =AD33 -> 4.8934426 | W3: =10*V3 -> 48.934426 | X3: =AC33 -> 25.677419 | Y3: =X3*3.6 -> 92.43871 | Z3: =AC46 -> 4240 | AA3: =Z3/R$3*LN(1/(1-M3/Z3))/60 -> 0 | AC3: 20.474251 | AD3: 1.6540084 | AE3: 19.907244 | AF3: 1.8847294 | AG3: 19.907244 | AH3: 1.728524 | AI3: 20.474251 | AJ3: 1.6540084 | AK3: 20.474251 | AL3: 1.5105485
A4: mmax | B4: 720 | C4: kg | M4: 500 | N4: =AC4 -> 20.97485 | O4: =N4*3.6 -> 75.509461 | P4: =AC14 -> 41.811788 | Q4: =P4*3.6 -> 150.52244 | R4: =AD24 -> 2.0379747 | S4: =10*R4 -> 20.379747 | T4: =AC24 -> 29.748503 | U4: =T4*3.6 -> 107.09461 | V4: =AD34 -> 4.147541 | W4: =10*V4 -> 41.47541 | X4: =AC34 -> 26.860215 | Y4: =X4*3.6 -> 96.696774 | Z4: =Z3 -> 4240 | AA4: =Z4/R$3*LN(1/(1-M4/Z4))/60 -> 3.8278685 | AC4: 20.97485 | AD4: 1.4008439 | AE4: 20.392191 | AF4: 1.6876131 | AG4: 20.365249 | AH4: 1.3566064 | AI4: 21.001198 | AJ4: 1.3966245 | AK4: 20.97485 | AL4: 1.2531646
A5: mpal | B5: 90 | C5: kg | M5: 1000 | N5: =AC5 -> 21.475449 | O5: =N5*3.6 -> 77.311617 | P5: =AC15 -> 41.674562 | Q5: =P5*3.6 -> 150.02842 | R5: =AD25 -> 1.742616 | S5: =10*R5 -> 17.42616 | T5: =AC25 -> 30.45988 | U5: =T5*3.6 -> 109.65557 | V5: =AD35 -> 3.4918033 | W5: =10*V5 -> 34.918033 | X5: =AC35 -> 27.596177 | Y5: =X5*3.6 -> 99.346237 | Z5: =Z4 -> 4240 | AA5: =Z5/R$3*LN(1/(1-M5/Z5))/60 -> 8.205908 | AC5: 21.475449 | AD5: 1.1350211 | AE5: 20.877138 | AF5: 1.3789215 | AG5: 20.90408 | AH5: 1.1037025 | AI5: 21.501796 | AJ5: 1.1223629 | AK5: 21.501796 | AL5: 0.99156118
A6: mk | B6: 520 | C6: kg | M6: 1500 | N6: =AC6 -> 22.002395 | O6: =N6*3.6 -> 79.208623 | P6: =AC16 -> 41.476347 | Q6: =P6*3.6 -> 149.31485 | R6: =AD26 -> 1.4303797 | S6: =10*R6 -> 14.303797 | T6: =AC26 -> 30.960479 | U6: =T6*3.6 -> 111.45772 | V6: =AD36 -> 2.9098361 | W6: =10*V6 -> 29.098361 | X6: =AC36 -> 28.227001 | Y6: =X6*3.6 -> 101.6172 | Z6: =Z5 -> 4240 | AA6: =Z6/R$3*LN(1/(1-M6/Z6))/60 -> 13.319247 | AC6: 22.002395 | AD6: 0.8649789 | AE6: 21.415968 | AF6: 1.1297367 | AG6: 21.415968 | AH6: 0.87683281 | AI6: 22.028743 | AJ6: 0.84810127 | AK6: 22.028743 | AL6: 0.72151899
A7: mobl | B7: =(B4+B6)/2 -> 620 | C7: kg | M7: 2000 | N7: =AC7 -> 22.555689 | O7: =N7*3.6 -> 81.200479 | P7: =AC17 -> 41.003682 | Q7: =P7*3.6 -> 147.61325 | R7: =AD27 -> 1.1265823 | S7: =10*R7 -> 11.265823 | T7: =AC27 -> 31.671856 | U7: =T7*3.6 -> 114.01868 | V7: =AD37 -> 2.204918 | W7: =10*V7 -> 22.04918 | X7: =AC37 -> 29.0681 | Y7: =X7*3.6 -> 104.64516 | Z7: =Z6 -> 4240 | AA7: =Z7/R$3*LN(1/(1-M7/Z7))/60 -> 19.465734 | AC7: 22.555689 | AD7: 0.5907173 | AE7: 21.98174 | AF7: 0.83592188 | AG7: 21.98174 | AH7: 0.60161382 | AI7: 22.608383 | AJ7: 0.56540084 | AK7: 22.608383 | AL7: 0.43881857
A8: Q | B8: =(B7+B4)/2*B1 -> 6572.7 | C8: N | M8: 2500 | N8: =AC8 -> 23.108982 | O8: =N8*3.6 -> 83.192335 | P8: =AC18 -> 40.759725 | Q8: =P8*3.6 -> 146.73501 | R8: =AD28 -> 0.86075949 | S8: =10*R8 -> 8.6075949 | T8: =AC28 -> 32.22515 | U8: =T8*3.6 -> 116.01054 | V8: =AD38 -> 1.6639344 | W8: =10*V8 -> 16.639344 | X8: =AC38 -> 29.961768 | Y8: =X8*3.6 -> 107.86237 | Z8: =Z7 -> 4240 | AA8: =Z8/R$3*LN(1/(1-M8/Z8))/60 -> 27.171362 | AC8: 23.108982 | AD8: 0.3164557 | AE8: 22.52057 | AF8: 0.56814125 | AG8: 22.493629 | AH8: 0.38218247 | AI8: 23.188024 | AJ8: 0.28691983 | AK8: 23.161677 | AL8: 0.16455696
A9: Qmax | B9: =(B7+B5)*B1 -> 6965.1 | C9: N | M9: 3000 | N9: =AC9 -> 23.688623 | O9: =N9*3.6 -> 85.279042 | P9: =AC19 -> 40.104092 | Q9: =P9*3.6 -> 144.37473 | R9: =AD29 -> 0.58649789 | S9: =10*R9 -> 5.8649789 | T9: =AC29 -> 32.778443 | U9: =T9*3.6 -> 118.0024 | V9: =AD39 -> 1.0983607 | W9: =10*V9 -> 10.983607 | X9: =AC39 -> 30.960573 | Y9: =X9*3.6 -> 111.45806 | Z9: =Z8 -> 4240 | AA9: =Z9/R$3*LN(1/(1-M9/Z9))/60 -> 37.506121 | AC9: 23.688623 | AD9: 0.13080169 | AE9: 23.086342 | AF9: 0.30407979 | AG9: 23.086342 | AH9: 0.14043607 | AI9: 23.767665 | AJ9: 0.071729958 | AK9: 24.031138 | AL9: -0.0042194093
A10: Nmax | B10: 59000 | C10: W | M10: 3500 | N10: =AC10 -> 25.48024 | O10: =N10*3.6 -> 91.728862 | P10: =AC20 -> 38.350654 | Q10: =P10*3.6 -> 138.06236 | R10: =AD30 -> 0.38396624 | S10: =10*R10 -> 3.8396624 | T10: =AC30 -> 33.173653 | U10: =T10*3.6 -> 119.42515 | V10: =AD40 -> 0.70491803 | W10: =10*V10 -> 7.0491803 | X10: =AC40 -> 31.880526 | Y10: =X10*3.6 -> 114.76989 | Z10: =Z9 -> 4240 | AA10: =Z10/R$3*LN(1/(1-M10/Z10))/60 -> 53.254014 | AC10: 25.48024 | AD10: -0.0042194093 | AE10: 23.732938 | AF10: 0.040018328 | AG10: 24.945307 | AH10: 0.0028265734 | AI10: 26.955689 | AJ10: -0.0042194093 | AK10: 28.088623 | AL10: -0.0042194093
A11: Nnom | B11: 59000 | C11: W | M11: 4000 | N11: =AC11 -> 28.536527 | O11: =N11*3.6 -> 102.7315 | P11: =AC21 -> 36.002573 | Q11: =P11*3.6 -> 129.60926 | R11: =AD31 -> 0.13080169 | S11: =10*R11 -> 1.3080169 | T11: =AC31 -> 33.700599 | U11: =T11*3.6 -> 121.32216 | V11: =AD41 -> 0.24590164 | W11: =10*V11 -> 2.4590164 | X11: =AC41 -> 33.326165 | Y11: =X11*3.6 -> 119.97419 | Z11: =Z10 -> 4240 | AA11: =Z11/R$3*LN(1/(1-M11/Z11))/60 -> 87.604536 | AC11: 28.536527 | AD11: -0.0042194093 | AE11: 27.235335 | AF11: 0.0028265734
A12: ns | B12: 36.667 | C12: 1/s | M12: =Z3 -> 4240 | O12: 122 | Q12: =O12 -> 122 | S12: 0 | U12: =Q12 -> 122 | W12: =S12 -> 0 | Y12: =U12 -> 122 | AA12: 160 | AC12: Vmax
A13: D | B13: 1.8 | C13: m | AC13: 41.994755 | AD13: -0.0039654634 | AE13: 41.756811 | AF13: 0.0028265734 | AG13: 41.595162 | AH13: 0.0028265734 | AI13: 41.522089 | AJ13: -0.0039654634 | AK13: 40.851209 | AL13: -0.0015236756
A14: Λe | B14: 4.587 | C14: - | M14: h [m] | N14: Vmin [m/s] | O14: Vmin [km/h] | P14: Vmax [m/s] | Q14: Vmax [km/h] | R14: wmax [m/s] | S14: 10·wmax [m/s] | T14: Vw [m/s] | U14: Vw [km/h] | V14: γmax [°] | W14: 10·γmax [°] | X14: Vγ [m/s] | Y14: Vγ [km/h] | Z14: ht [m] | AA14: th [min] | AC14: 41.811788 | AD14: -0.0039654634 | AE14: 41.541279 | AF14: 0.0028265734 | AG14: 41.217981 | AH14: 0.0028265734 | AI14: 41.247638 | AJ14: -0.0039654634 | AK14: 40.39379 | AL14: -0.0015236756
A15: (Cx)min | B15: 0.04478 | C15: - | M15: 0 | N15: =AE3 -> 19.907244 | O15: =N15*3.6 -> 71.666077 | P15: =AE13 -> 41.756811 | Q15: =P15*3.6 -> 150.32452 | R15: =AF23 -> 2.3830989 | S15: =10*R15 -> 23.830989 | T15: =AE23 -> 27.585575 | U15: =T15*3.6 -> 99.30807 | V15: =AF33 -> 5.4991119 | W15: =10*V15 -> 54.991119 | X15: =AE33 -> 21.753181 | Y15: =X15*3.6 -> 78.31145 | Z15: =AE46 -> 4070 | AA15: =Z15/R$15*LN(1/(1-M15/Z15))/60 -> 0 | AC15: 41.674562 | AD15: -0.0039654634 | AE15: 41.325747 | AF15: 0.0028265734 | AG15: 40.463618 | AH15: -0.00089260211 | AI15: 40.942692 | AJ15: -0.0015236756 | AK15: 39.905877 | AL15: -0.0015236756
A16: Czmax | B16: 1.507 | C16: - | M16: 500 | N16: =AE4 -> 20.392191 | O16: =N16*3.6 -> 73.411887 | P16: =AE14 -> 41.541279 | Q16: =P16*3.6 -> 149.5486 | R16: =AF24 -> 2.0781265 | S16: =10*R16 -> 20.781265 | T16: =AE24 -> 27.908873 | U16: =T16*3.6 -> 100.47194 | V16: =AF34 -> 4.7424512 | W16: =10*V16 -> 47.424512 | X16: =AE34 -> 22.13486 | Y16: =X16*3.6 -> 79.685496 | Z16: =Z15 -> 4070 | AA16: =Z16/R$15*LN(1/(1-M16/Z16))/60 -> 3.7310316 | AC16: 41.476347 | AD16: -0.0039654634 | AE16: 40.948565 | AF16: 0.0028265734 | AG16: 39.870905 | AH16: 0.0028265734 | AI16: 40.515768 | AJ16: -0.0039654634 | AK16: 39.55519 | AL16: -0.0015236756
A17: a∞ | B17: 5.832 | C17: 1/rad | M17: 1000 | N17: =AE5 -> 20.877138 | O17: =N17*3.6 -> 75.157697 | P17: =AE15 -> 41.325747 | Q17: =P17*3.6 -> 148.77269 | R17: =AF25 -> 1.814065 | S17: =10*R17 -> 18.14065 | T17: =AE25 -> 28.232171 | U17: =T17*3.6 -> 101.63582 | V17: =AF35 -> 3.8685613 | W17: =10*V17 -> 38.685613 | X17: =AE35 -> 22.898219 | Y17: =X17*3.6 -> 82.433588 | Z17: =Z16 -> 4070 | AA17: =Z17/R$15*LN(1/(1-M17/Z17))/60 -> 8.0259597 | AC17: 41.003682 | AD17: -0.0039654634 | AE17: 40.382794 | AF17: 0.0028265734 | AG17: 39.008776 | AH17: -0.00089260211 | AI17: 39.783899 | AJ17: -0.0064072511 | AK17: 38.975793 | AL17: -0.0064072511
A18: k | B18: 0.14 | C18: - | M18: 1500 | N18: =AE6 -> 21.415968 | O18: =N18*3.6 -> 77.097486 | P18: =AE16 -> 40.948565 | Q18: =P18*3.6 -> 147.41484 | R18: =AF26 -> 1.4867776 | S18: =10*R18 -> 14.867776 | T18: =AE26 -> 28.663235 | U18: =T18*3.6 -> 103.18765 | V18: =AF36 -> 3.1119005 | W18: =10*V18 -> 31.119005 | X18: =AE36 -> 23.788804 | Y18: =X18*3.6 -> 85.639695 | Z18: =Z17 -> 4070 | AA18: =Z18/R$15*LN(1/(1-M18/Z18))/60 -> 13.086112 | AC18: 40.759725 | AD18: -0.0039654634 | AE18: 39.924788 | AF18: -0.00089260211 | AG18: 38.389122 | AH18: -0.00089260211 | AI18: 39.143513 | AJ18: -0.0039654634 | AK18: 37.954225 | AL18: -0.0064072511
A19: φ | B19: 1 | C19: ° | M19: 2000 | N19: =AE7 -> 21.98174 | O19: =N19*3.6 -> 79.134264 | P19: =AE17 -> 40.382794 | Q19: =P19*3.6 -> 145.37806 | R19: =AF27 -> 1.1743668 | S19: =10*R19 -> 11.743668 | T19: =AE27 -> 29.067358 | U19: =T19*3.6 -> 104.64249 | V19: =AF37 -> 2.4404973 | W19: =10*V19 -> 24.404973 | X19: =AE37 -> 24.583969 | Y19: =X19*3.6 -> 88.50229 | Z19: =Z18 -> 4070 | AA19: =Z19/R$15*LN(1/(1-M19/Z19))/60 -> 19.24458 | AC19: 40.104092 | AD19: -0.0015236756 | AE19: 38.954893 | AF19: 0.0028265734 | AG19: 36.179918 | AH19: 0.0028265734 | AI19: 37.161366 | AJ19: -0.0064072511 | AK19: 35.255456 | AL19: -0.0015236756
A20: α0 | B20: -3.816 | C20: ° | M20: 2500 | N20: =AE8 -> 22.52057 | O20: =N20*3.6 -> 81.074053 | P20: =AE18 -> 39.924788 | Q20: =P20*3.6 -> 143.72924 | R20: =AF28 -> 0.90286704 | S20: =10*R20 -> 9.0286704 | T20: =AE28 -> 29.444539 | U20: =T20*3.6 -> 106.00034 | V20: =AF38 -> 1.8436945 | W20: =10*V20 -> 18.436945 | X20: =AE38 -> 25.506361 | Y20: =X20*3.6 -> 91.822901 | Z20: =Z19 -> 4070 | AA20: =Z20/R$15*LN(1/(1-M20/Z20))/60 -> 27.1142 | AC20: 38.350654 | AD20: -0.0039654634 | AE20: 36.610982 | AF20: -0.00089260211 | AG20: 34.347895 | AH20: -0.00089260211 | AI20: 33.913695 | AJ20: -0.0064072511 | AK20: 32.846385 | AL20: -0.0039654634
A21: ηś | B21: 0.791 | C21: - | M21: 3000 | N21: =AE9 -> 23.086342 | O21: =N21*3.6 -> 83.110832 | P21: =AE19 -> 38.954893 | Q21: =P21*3.6 -> 140.23762 | R21: =AF29 -> 0.59789465 | S21: =10*R21 -> 5.9789465 | T21: =AE29 -> 29.98337 | U21: =T21*3.6 -> 107.94013 | V21: =AF39 -> 1.2149201 | W21: =10*V21 -> 12.149201 | X21: =AE39 -> 26.492366 | Y21: =X21*3.6 -> 95.372519 | Z21: =Z20 -> 4070 | AA21: =Z21/R$15*LN(1/(1-M21/Z21))/60 -> 38.027911 | AC21: 36.002573 | AD21: -0.0015236756 | AE21: 32.48893 | AF21: 0.0028265734
A22: qN | B22: =B4/(B10/1000) -> 12.20339 | M22: 3500 | N22: =AE10 -> 23.732938 | O22: =N22*3.6 -> 85.438579 | P22: =AE20 -> 36.610982 | Q22: =P22*3.6 -> 131.79953 | R22: =AF30 -> 0.33011402 | S22: =10*R22 -> 3.3011402 | T22: =AE30 -> 30.549141 | U22: =T22*3.6 -> 109.97691 | V22: =AF40 -> 0.61811723 | W22: =10*V22 -> 6.1811723 | X22: =AE40 -> 27.828244 | Y22: =X22*3.6 -> 100.18168 | Z22: =Z21 -> 4070 | AA22: =Z22/R$15*LN(1/(1-M22/Z22))/60 -> 55.954113 | AC22: Vw
A23: qt | B23: =0.022*B25 -> 18.48 | M23: 4000 | N23: =AE11 -> 27.235335 | O23: =N23*3.6 -> 98.047207 | P23: =AE21 -> 32.48893 | Q23: =P23*3.6 -> 116.96015 | R23: =AF31 -> 0.040018328 | S23: =10*R23 -> 0.40018328 | T23: =AE31 -> 31.195738 | U23: =T23*3.6 -> 112.30466 | V23: =AF41 -> 0.11722913 | W23: =10*V23 -> 1.1722913 | X23: =AE41 -> 28.973282 | Y23: =X23*3.6 -> 104.30382 | Z23: =Z22 -> 4070 | AA23: =Z23/R$15*LN(1/(1-M23/Z23))/60 -> 115.64785 | AC23: 29.326946 | AD23: 2.3164557 | AE23: 27.585575 | AF23: 2.3830989 | AG23: 25.780493 | AH23: 2.2343319 | AI23: 28.273054 | AJ23: 2.0759494 | AK23: 27.42994 | AL23: 2.0506329
A24: qe | B24: =B23/B11 -> 0.00031322034 | M24: =Z15 -> 4070 | O24: 108 | Q24: =O24 -> 108 | S24: =S12 -> 0 | U24: =Q24 -> 108 | W24: =S24 -> 0 | Y24: =U24 -> 108 | AA24: =AA12 -> 160 | AC24: 29.748503 | AD24: 2.0379747 | AE24: 27.908873 | AF24: 2.0781265 | AG24: 26.265441 | AH24: 1.9516745 | AI24: 28.773653 | AJ24: 1.7848101 | AK24: 27.667066 | AL24: 1.7637131
A25: ρpal | B25: 840 | C25: kg/m3 | AC25: 30.45988 | AD25: 1.742616 | AE25: 28.232171 | AF25: 1.814065 | AG25: 26.696505 | AH25: 1.665298 | AI25: 29.116168 | AJ25: 1.5316456 | AK25: 27.877844 | AL25: 1.4978903
A26: thp | B26: 45.4 | C26: min | M26: h [m] | N26: Vmin [m/s] | O26: Vmin [km/h] | P26: Vmax [m/s] | Q26: Vmax [km/h] | R26: wmax [m/s] | S26: 10·wmax [m/s] | T26: Vw [m/s] | U26: Vw [km/h] | V26: γmax [°] | W26: 10·γmax [°] | X26: Vγ [m/s] | Y26: Vγ [km/h] | Z26: ht [m] | AA26: th [min] | AC26: 30.960479 | AD26: 1.4303797 | AE26: 28.663235 | AF26: 1.4867776 | AG26: 27.046745 | AH26: 1.3566064 | AI26: 29.590419 | AJ26: 1.2278481 | AK26: 28.299401 | AL26: 1.1814346
A27: Δt | B27: 1.25 | C27: h | M27: 0 | N27: =AG3 -> 19.907244 | O27: =N27*3.6 -> 71.666077 | P27: =AG13 -> 41.595162 | Q27: =P27*3.6 -> 149.74258 | R27: =AH23 -> 2.2343319 | S27: =10*R27 -> 22.343319 | T27: =AG23 -> 25.780493 | U27: =T27*3.6 -> 92.809777 | V27: =AH33 -> 5.2220249 | W27: =10*V27 -> 52.220249 | X27: =AG33 -> 21.117048 | Y27: =X27*3.6 -> 76.021374 | Z27: =AG46 -> 3900 | AA27: =Z27/R$27*LN(1/(1-M27/Z27))/60 -> 0 | AC27: 31.671856 | AD27: 1.1265823 | AE27: 29.067358 | AF27: 1.1743668 | AG27: 27.585575 | AH27: 1.0665108 | AI27: 30.064671 | AJ27: 0.89451477 | AK27: 28.615569 | AL27: 0.907173
A28: ht | B28: 4550 | C28: m | M28: 500 | N28: =AG4 -> 20.365249 | O28: =N28*3.6 -> 73.314898 | P28: =AG14 -> 41.217981 | Q28: =P28*3.6 -> 148.38473 | R28: =AH24 -> 1.9516745 | S28: =10*R28 -> 19.516745 | T28: =AG24 -> 26.265441 | U28: =T28*3.6 -> 94.555587 | V28: =AH34 -> 4.2841918 | W28: =10*V28 -> 42.841918 | X28: =AG34 -> 22.03944 | Y28: =X28*3.6 -> 79.341985 | Z28: =Z27 -> 3900 | AA28: =Z28/R$27*LN(1/(1-M28/Z28))/60 -> 3.9913824 | AC28: 32.22515 | AD28: 0.86075949 | AE28: 29.444539 | AF28: 0.90286704 | AG28: 28.097464 | AH28: 0.79129177 | AI28: 30.538922 | AJ28: 0.62869198 | AK28: 29.063473 | AL28: 0.62025316
A29: hp | B29: 3700 | C29: m | M29: 1000 | N29: =AG5 -> 20.90408 | O29: =N29*3.6 -> 75.254687 | P29: =AG15 -> 40.463618 | Q29: =P29*3.6 -> 145.66903 | R29: =AH25 -> 1.665298 | S29: =10*R29 -> 16.65298 | T29: =AG25 -> 26.696505 | U29: =T29*3.6 -> 96.107418 | V29: =AH35 -> 3.5914742 | W29: =10*V29 -> 35.914742 | X29: =AG35 -> 22.739186 | Y29: =X29*3.6 -> 81.861069 | Z29: =Z28 -> 3900 | AA29: =Z29/R$27*LN(1/(1-M29/Z29))/60 -> 8.6188083 | AC29: 32.778443 | AD29: 0.58649789 | AE29: 29.98337 | AF29: 0.59789465 | AG29: 28.690177 | AH29: 0.52351114 | AI29: 30.960479 | AJ29: 0.32911392 | AK29: 29.590419 | AL29: 0.35021097
A30: φ | B30: =RADIANS(B19) -> 0.017453293 | C30: rad | M30: 1500 | N30: =AG6 -> 21.415968 | O30: =N30*3.6 -> 77.097486 | P30: =AG16 -> 39.870905 | Q30: =P30*3.6 -> 143.53526 | R30: =AH26 -> 1.3566064 | S30: =10*R30 -> 13.566064 | T30: =AG26 -> 27.046745 | U30: =T30*3.6 -> 97.368281 | V30: =AH36 -> 2.8028419 | W30: =10*V30 -> 28.028419 | X30: =AG36 -> 23.629771 | Y30: =X30*3.6 -> 85.067176 | Z30: =Z29 -> 3900 | AA30: =Z30/R$27*LN(1/(1-M30/Z30))/60 -> 14.124136 | AC30: 33.173653 | AD30: 0.38396624 | AE30: 30.549141 | AF30: 0.33011402 | AG30: 29.444539 | AH30: 0.22969628 | AI30: 31.382036 | AJ30: 0.080168776 | AK30: 30.328144 | AL30: 0.080168776
A31: α0 | B31: =RADIANS(B20) -> -0.066601764 | C31: rad | M31: 2000 | N31: =AG7 -> 21.98174 | O31: =N31*3.6 -> 79.134264 | P31: =AG17 -> 39.008776 | Q31: =P31*3.6 -> 140.4316 | R31: =AH27 -> 1.0665108 | S31: =10*R31 -> 10.665108 | T31: =AG27 -> 27.585575 | U31: =T31*3.6 -> 99.30807 | V31: =AH37 -> 2.1527531 | W31: =10*V31 -> 21.527531 | X31: =AG37 -> 24.424936 | Y31: =X31*3.6 -> 87.929771 | Z31: =Z30 -> 3900 | AA31: =Z31/R$27*LN(1/(1-M31/Z31))/60 -> 20.920336 | AC31: 33.700599 | AD31: 0.13080169 | AE31: 31.195738 | AF31: 0.040018328
A32: qe | B32: 0.31322 | C32: kg/kWh | M32: 2500 | N32: =AG8 -> 22.493629 | O32: =N32*3.6 -> 80.977064 | P32: =AG18 -> 38.389122 | Q32: =P32*3.6 -> 138.20084 | R32: =AH28 -> 0.79129177 | S32: =10*R32 -> 7.9129177 | T32: =AG28 -> 28.097464 | U32: =T32*3.6 -> 101.15087 | V32: =AH38 -> 1.4920071 | W32: =10*V32 -> 14.920071 | X32: =AG38 -> 25.888041 | Y32: =X32*3.6 -> 93.196947 | Z32: =Z31 -> 3900 | AA32: =Z32/R$27*LN(1/(1-M32/Z32))/60 -> 29.804337 | AC32: Vy
M33: 3000 | N33: =AG9 -> 23.086342 | O33: =N33*3.6 -> 83.110832 | P33: =AG19 -> 36.179918 | Q33: =P33*3.6 -> 130.2477 | R33: =AH29 -> 0.52351114 | S33: =10*R33 -> 5.2351114 | T33: =AG29 -> 28.690177 | U33: =T33*3.6 -> 103.28464 | V33: =AH39 -> 0.95914742 | W33: =10*V33 -> 9.5914742 | X33: =AG39 -> 27.160305 | Y33: =X33*3.6 -> 97.777099 | Z33: =Z32 -> 3900 | AA33: =Z33/R$27*LN(1/(1-M33/Z33))/60 -> 42.657902 | AC33: 25.677419 | AD33: 4.8934426 | AE33: 21.753181 | AF33: 5.4991119 | AG33: 21.117048 | AH33: 5.2220249 | AI33: 22.339307 | AJ33: 4.6147541 | AK33: 24.100358 | AL33: 4.442623
M34: 3500 | N34: =AG10 -> 24.945307 | O34: =N34*3.6 -> 89.803104 | P34: =AG20 -> 34.347895 | Q34: =P34*3.6 -> 123.65242 | R34: =AH30 -> 0.22969628 | S34: =10*R34 -> 2.2969628 | T34: =AG30 -> 29.444539 | U34: =T34*3.6 -> 106.00034 | V34: =AH40 -> 0.40497336 | W34: =10*V34 -> 4.0497336 | X34: =AG40 -> 29.005089 | Y34: =X34*3.6 -> 104.41832 | Z34: =Z33 -> 3900 | AA34: =Z34/R$27*LN(1/(1-M34/Z34))/60 -> 66.249055 | AC34: 26.860215 | AD34: 4.147541 | AE34: 22.13486 | AF34: 4.7424512 | AG34: 22.03944 | AH34: 4.2841918 | AI34: 23.048984 | AJ34: 3.8606557 | AK34: 25.388292 | AL34: 3.7786885
M35: =Z27 -> 3900 | O35: 110 | Q35: =O35 -> 110 | S35: =S24 -> 0 | U35: =Q35 -> 110 | W35: =S35 -> 0 | Y35: =U35 -> 110 | AA35: =AA12 -> 160 | AC35: 27.596177 | AD35: 3.4918033 | AE35: 22.898219 | AF35: 3.8685613 | AG35: 22.739186 | AH35: 3.5914742 | AI35: 24.310633 | AJ35: 3.1311475 | AK35: 26.623656 | AL35: 3.1229508
AC36: 28.227001 | AD36: 2.9098361 | AE36: 23.788804 | AF36: 3.1119005 | AG36: 23.629771 | AH36: 2.8028419 | AI36: 25.44086 | AJ36: 2.4918033 | AK36: 27.569892 | AL36: 2.4508197
M37: h [m] | N37: Vmin [m/s] | O37: Vmin [km/h] | P37: Vmax [m/s] | Q37: Vmax [km/h] | R37: wmax [m/s] | S37: 10·wmax [m/s] | T37: Vw [m/s] | U37: Vw [km/h] | V37: γmax [°] | W37: 10·γmax [°] | X37: Vγ [m/s] | Y37: Vγ [km/h] | Z37: ht [m] | AA37: th [min] | AC37: 29.0681 | AD37: 2.204918 | AE37: 24.583969 | AF37: 2.4404973 | AG37: 24.424936 | AH37: 2.1527531 | AI37: 26.544803 | AJ37: 1.8606557 | AK37: 28.332139 | AL37: 1.8442623
M38: 0 | N38: =AI3 -> 20.474251 | O38: =N38*3.6 -> 73.707305 | P38: =AI13 -> 41.522089 | Q38: =P38*3.6 -> 149.47952 | R38: =AJ23 -> 2.0759494 | S38: =10*R38 -> 20.759494 | T38: =AI23 -> 28.273054 | U38: =T38*3.6 -> 101.78299 | V38: =AJ33 -> 4.6147541 | W38: =10*V38 -> 46.147541 | X38: =AI33 -> 22.339307 | Y38: =X38*3.6 -> 80.421505 | Z38: =M46 -> 3640 | AA38: =Z38/R$38*LN(1/(1-M38/Z38))/60 -> 0 | AC38: 29.961768 | AD38: 1.6639344 | AE38: 25.506361 | AF38: 1.8436945 | AG38: 25.888041 | AH38: 1.4920071 | AI38: 27.701314 | AJ38: 1.352459 | AK38: 29.436081 | AL38: 1.2295082
M39: 500 | N39: =AI4 -> 21.001198 | O39: =N39*3.6 -> 75.604311 | P39: =AI14 -> 41.247638 | Q39: =P39*3.6 -> 148.4915 | R39: =AJ24 -> 1.7848101 | S39: =10*R39 -> 17.848101 | T39: =AI24 -> 28.773653 | U39: =T39*3.6 -> 103.58515 | V39: =AJ34 -> 3.8606557 | W39: =10*V39 -> 38.606557 | X39: =AI34 -> 23.048984 | Y39: =X39*3.6 -> 82.976344 | Z39: =Z38 -> 3640 | AA39: =Z39/R$38*LN(1/(1-M39/Z39))/60 -> 4.3181015 | AC39: 30.960573 | AD39: 1.0983607 | AE39: 26.492366 | AF39: 1.2149201 | AG39: 27.160305 | AH39: 0.95914742 | AI39: 28.673835 | AJ39: 0.73770492 | AK39: 30.145759 | AL39: 0.69672131
M40: 1000 | N40: =AI5 -> 21.501796 | O40: =N40*3.6 -> 77.406467 | P40: =AI15 -> 40.942692 | Q40: =P40*3.6 -> 147.39369 | R40: =AJ25 -> 1.5316456 | S40: =10*R40 -> 15.316456 | T40: =AI25 -> 29.116168 | U40: =T40*3.6 -> 104.8182 | V40: =AJ35 -> 3.1311475 | W40: =10*V40 -> 31.311475 | X40: =AI35 -> 24.310633 | Y40: =X40*3.6 -> 87.51828 | Z40: =Z39 -> 3640 | AA40: =Z40/R$38*LN(1/(1-M40/Z40))/60 -> 9.3867522 | AC40: 31.880526 | AD40: 0.70491803 | AE40: 27.828244 | AF40: 0.61811723 | AG40: 29.005089 | AH40: 0.40497336 | AI40: 30.250896 | AJ40: 0.18032787 | AK40: 30.934289 | AL40: 0.14754098
M41: 1500 | N41: =AI6 -> 22.028743 | O41: =N41*3.6 -> 79.303473 | P41: =AI16 -> 40.515768 | Q41: =P41*3.6 -> 145.85677 | R41: =AJ26 -> 1.2278481 | S41: =10*R41 -> 12.278481 | T41: =AI26 -> 29.590419 | U41: =T41*3.6 -> 106.52551 | V41: =AJ36 -> 2.4918033 | W41: =10*V41 -> 24.918033 | X41: =AI36 -> 25.44086 | Y41: =X41*3.6 -> 91.587097 | Z41: =Z40 -> 3640 | AA41: =Z41/R$38*LN(1/(1-M41/Z41))/60 -> 15.522917 | AC41: 33.326165 | AD41: 0.24590164 | AE41: 28.973282 | AF41: 0.11722913
M42: 2000 | N42: =AI7 -> 22.608383 | O42: =N42*3.6 -> 81.39018 | P42: =AI17 -> 39.783899 | Q42: =P42*3.6 -> 143.22204 | R42: =AJ27 -> 0.89451477 | S42: =10*R42 -> 8.9451477 | T42: =AI27 -> 30.064671 | U42: =T42*3.6 -> 108.23281 | V42: =AJ37 -> 1.8606557 | W42: =10*V42 -> 18.606557 | X42: =AI37 -> 26.544803 | Y42: =X42*3.6 -> 95.56129 | Z42: =Z41 -> 3640 | AA42: =Z42/R$38*LN(1/(1-M42/Z42))/60 -> 23.299591
M43: 2500 | N43: =AI8 -> 23.188024 | O43: =N43*3.6 -> 83.476886 | P43: =AI18 -> 39.143513 | Q43: =P43*3.6 -> 140.91665 | R43: =AJ28 -> 0.62869198 | S43: =10*R43 -> 6.2869198 | T43: =AI28 -> 30.538922 | U43: =T43*3.6 -> 109.94012 | V43: =AJ38 -> 1.352459 | W43: =10*V43 -> 13.52459 | X43: =AI38 -> 27.701314 | Y43: =X43*3.6 -> 99.724731 | Z43: =Z42 -> 3640 | AA43: =Z43/R$38*LN(1/(1-M43/Z43))/60 -> 33.92727
M44: 3000 | N44: =AI9 -> 23.767665 | O44: =N44*3.6 -> 85.563593 | P44: =AI19 -> 37.161366 | Q44: =P44*3.6 -> 133.78092 | R44: =AJ29 -> 0.32911392 | S44: =10*R44 -> 3.2911392 | T44: =AI29 -> 30.960479 | U44: =T44*3.6 -> 111.45772 | V44: =AJ39 -> 0.73770492 | W44: =10*V44 -> 7.3770492 | X44: =AI39 -> 28.673835 | Y44: =X44*3.6 -> 103.22581 | Z44: =Z43 -> 3640 | AA44: =Z44/R$38*LN(1/(1-M44/Z44))/60 -> 50.798491
M45: 3500 | N45: =AI10 -> 26.955689 | O45: =N45*3.6 -> 97.040479 | P45: =AI20 -> 33.913695 | Q45: =P45*3.6 -> 122.0893 | R45: =AJ30 -> 0.080168776 | S45: =10*R45 -> 0.80168776 | T45: =AI30 -> 31.382036 | U45: =T45*3.6 -> 112.97533 | V45: =AJ40 -> 0.18032787 | W45: =10*V45 -> 1.8032787 | X45: =AI40 -> 30.250896 | Y45: =X45*3.6 -> 108.90323 | Z45: =Z44 -> 3640 | AA45: =Z45/R$38*LN(1/(1-M45/Z45))/60 -> 95.213236 | AC45: ht1 | AD45: hp1 | AE45: ht2 | AF45: hp2 | AG45: ht3 | AH45: hp3 | AI45: ht4 | AJ45: hp4 | AK45: ht5 | AL45: hp5
M46: =AI46 -> 3640 | O46: 113 | Q46: =O46 -> 113 | S46: =S35 -> 0 | U46: =Q46 -> 113 | W46: =S46 -> 0 | Y46: =U46 -> 113 | AA46: =AA35 -> 160 | AC46: 4240 | AD46: =-1830.1*AD$51+AC46 -> 3324.95 | AE46: 4070 | AF46: =-1707.2*AD$51+AE46 -> 3216.4 | AG46: 3900 | AH46: =-1746*AD$51+AG46 -> 3027 | AI46: 3640 | AJ46: =-1753.7*AD51+AI46 -> 2763.15 | AK46: 3645 | AL46: =-1776.2*AD51+AK46 -> 2756.9
A47: =M2 -> h [m] | B47: =N2 -> Vmin [m/s] | C47: =P2 -> Vmax [m/s] | D47: =R2 -> wmax [m/s] | E47: =T2 -> Vw [m/s] | F47: =V2 -> γmax [°] | G47: =X2 -> Vγ [m/s] | H47: =AA2 -> th [min] | AC47: =AC46 -> 4240 | AD47: =AD46 -> 3324.95 | AE47: =AE46 -> 4070 | AF47: =AF46 -> 3216.4 | AG47: =AG46 -> 3900 | AH47: =AH46 -> 3027 | AI47: =AI46 -> 3640 | AJ47: =AJ46 -> 2763.15 | ... AL47: =AL46 -> 2756.9
A48: =M3 -> 0 | B48: =N3 -> 20.474251 | C48: =P3 -> 41.994755 | D48: =R3 -> 2.3164557 | E48: =T3 -> 29.326946 | F48: =V3 -> 4.8934426 | G48: =X3 -> 25.677419 | H48: =AA3 -> 0
A49: =M4 -> 500 | B49: =N4 -> 20.97485 | C49: =P4 -> 41.811788 | D49: =R4 -> 2.0379747 | E49: =T4 -> 29.748503 | F49: =V4 -> 4.147541 | G49: =X4 -> 26.860215 | H49: =AA4 -> 3.8278685 | M49: h [m] | N49: Vmin [m/s] | O49: Vmin [km/h] | P49: Vmax [m/s] | Q49: Vmax [km/h] | R49: wmax [m/s] | S49: 10·wmax [m/s] | T49: Vw [m/s] | U49: Vw [km/h] | V49: γmax [°] | W49: 10·γmax [°] | X49: Vγ [m/s] | Y49: Vγ [km/h] | Z49: ht [m] | AA49: th [min]
A50: =M5 -> 1000 | B50: =N5 -> 21.475449 | C50: =P5 -> 41.674562 | D50: =R5 -> 1.742616 | E50: =T5 -> 30.45988 | F50: =V5 -> 3.4918033 | G50: =X5 -> 27.596177 | H50: =AA5 -> 8.205908 | M50: 0 | N50: =AK3 -> 20.474251 | O50: =N50*3.6 -> 73.707305 | P50: =AK13 -> 40.851209 | Q50: =P50*3.6 -> 147.06435 | R50: =AL23 -> 2.0506329 | S50: =10*R50 -> 20.506329 | T50: =AK23 -> 27.42994 | U50: =T50*3.6 -> 98.747784 | V50: =AL33 -> 4.442623 | W50: =10*V50 -> 44.42623 | X50: =AK33 -> 24.100358 | Y50: =X50*3.6 -> 86.76129 | Z50: =M58 -> 3645 | AA50: =Z50/R$50*LN(1/(1-M50/Z50))/60 -> 0 | AC50: h | AD50: w
A51: =M6 -> 1500 | B51: =N6 -> 22.002395 | C51: =P6 -> 41.476347 | D51: =R6 -> 1.4303797 | E51: =T6 -> 30.960479 | F51: =V6 -> 2.9098361 | G51: =X6 -> 28.227001 | H51: =AA6 -> 13.319247 | M51: 500 | N51: =AK4 -> 20.97485 | O51: =N51*3.6 -> 75.509461 | P51: =AK14 -> 40.39379 | Q51: =P51*3.6 -> 145.41764 | R51: =AL24 -> 1.7637131 | S51: =10*R51 -> 17.637131 | T51: =AK24 -> 27.667066 | U51: =T51*3.6 -> 99.601437 | V51: =AL34 -> 3.7786885 | W51: =10*V51 -> 37.786885 | X51: =AK34 -> 25.388292 | Y51: =X51*3.6 -> 91.397849 | Z51: =Z50 -> 3645 | AA51: =Z51/R$50*LN(1/(1-M51/Z51))/60 -> 4.3709458 | AC51: 0 | AD51: 0.5
A52: =M7 -> 2000 | B52: =N7 -> 22.555689 | C52: =P7 -> 41.003682 | D52: =R7 -> 1.1265823 | E52: =T7 -> 31.671856 | F52: =V7 -> 2.204918 | G52: =X7 -> 29.0681 | H52: =AA7 -> 19.465734 | M52: 1000 | N52: =AK5 -> 21.501796 | O52: =N52*3.6 -> 77.406467 | P52: =AK15 -> 39.905877 | Q52: =P52*3.6 -> 143.66116 | R52: =AL25 -> 1.4978903 | S52: =10*R52 -> 14.978903 | T52: =AK25 -> 27.877844 | U52: =T52*3.6 -> 100.36024 | V52: =AL35 -> 3.1229508 | W52: =10*V52 -> 31.229508 | X52: =AK35 -> 26.623656 | Y52: =X52*3.6 -> 95.845161 | Z52: =Z51 -> 3645 | AA52: =Z52/R$50*LN(1/(1-M52/Z52))/60 -> 9.500302 | AC52: 5000 | AD52: 0.5
A53: =M8 -> 2500 | B53: =N8 -> 23.108982 | C53: =P8 -> 40.759725 | D53: =R8 -> 0.86075949 | E53: =T8 -> 32.22515 | F53: =V8 -> 1.6639344 | G53: =X8 -> 29.961768 | H53: =AA8 -> 27.171362 | M53: 1500 | N53: =AK6 -> 22.028743 | O53: =N53*3.6 -> 79.303473 | P53: =AK16 -> 39.55519 | Q53: =P53*3.6 -> 142.39868 | R53: =AL26 -> 1.1814346 | S53: =10*R53 -> 11.814346 | T53: =AK26 -> 28.299401 | U53: =T53*3.6 -> 101.87784 | V53: =AL36 -> 2.4508197 | W53: =10*V53 -> 24.508197 | X53: =AK36 -> 27.569892 | Y53: =X53*3.6 -> 99.251613 | Z53: =Z52 -> 3645 | AA53: =Z53/R$50*LN(1/(1-M53/Z53))/60 -> 15.707673
A54: =M9 -> 3000 | B54: =N9 -> 23.688623 | C54: =P9 -> 40.104092 | D54: =R9 -> 0.58649789 | E54: =T9 -> 32.778443 | F54: =V9 -> 1.0983607 | G54: =X9 -> 30.960573 | H54: =AA9 -> 37.506121 | M54: 2000 | N54: =AK7 -> 22.608383 | O54: =N54*3.6 -> 81.39018 | P54: =AK17 -> 38.975793 | Q54: =P54*3.6 -> 140.31285 | R54: =AL27 -> 0.907173 | S54: =10*R54 -> 9.07173 | T54: =AK27 -> 28.615569 | U54: =T54*3.6 -> 103.01605 | V54: =AL37 -> 1.8442623 | W54: =10*V54 -> 18.442623 | X54: =AK37 -> 28.332139 | Y54: =X54*3.6 -> 101.9957 | Z54: =Z53 -> 3645 | AA54: =Z54/R$50*LN(1/(1-M54/Z54))/60 -> 23.570123
A55: =M10 -> 3500 | B55: =N10 -> 25.48024 | C55: =P10 -> 38.350654 | D55: =R10 -> 0.38396624 | E55: =T10 -> 33.173653 | F55: =V10 -> 0.70491803 | G55: =X10 -> 31.880526 | H55: =AA10 -> 53.254014 | M55: 2500 | N55: =AK8 -> 23.161677 | O55: =N55*3.6 -> 83.382036 | P55: =AK18 -> 37.954225 | Q55: =P55*3.6 -> 136.63521 | R55: =AL28 -> 0.62025316 | S55: =10*R55 -> 6.2025316 | T55: =AK28 -> 29.063473 | U55: =T55*3.6 -> 104.6285 | V55: =AL38 -> 1.2295082 | W55: =10*V55 -> 12.295082 | X55: =AK38 -> 29.436081 | Y55: =X55*3.6 -> 105.96989 | Z55: =Z54 -> 3645 | AA55: =Z55/R$50*LN(1/(1-M55/Z55))/60 -> 34.30432
A56: =M11 -> 4000 | B56: =N11 -> 28.536527 | C56: =P11 -> 36.002573 | D56: =R11 -> 0.13080169 | E56: =T11 -> 33.700599 | F56: =V11 -> 0.24590164 | G56: =X11 -> 33.326165 | H56: =AA11 -> 87.604536 | M56: 3000 | N56: =AK9 -> 24.031138 | O56: =N56*3.6 -> 86.512096 | P56: =AK19 -> 35.255456 | Q56: =P56*3.6 -> 126.91964 | R56: =AL29 -> 0.35021097 | S56: =10*R56 -> 3.5021097 | T56: =AK29 -> 29.590419 | U56: =T56*3.6 -> 106.52551 | V56: =AL39 -> 0.69672131 | W56: =10*V56 -> 6.9672131 | X56: =AK39 -> 30.145759 | Y56: =X56*3.6 -> 108.52473 | Z56: =Z55 -> 3645 | AA56: =Z56/R$50*LN(1/(1-M56/Z56))/60 -> 51.306392
M57: 3500 | N57: =AK10 -> 28.088623 | O57: =N57*3.6 -> 101.11904 | P57: =AK20 -> 32.846385 | Q57: =P57*3.6 -> 118.24699 | R57: =AL30 -> 0.080168776 | S57: =10*R57 -> 0.80168776 | T57: =AK30 -> 30.328144 | U57: =T57*3.6 -> 109.18132 | V57: =AL40 -> 0.14754098 | W57: =10*V57 -> 1.4754098 | X57: =AK40 -> 30.934289 | Y57: =X57*3.6 -> 111.36344 | Z57: =Z56 -> 3645 | AA57: =Z57/R$50*LN(1/(1-M57/Z57))/60 -> 95.522195
A58: =M14 -> h [m] | B58: =N14 -> Vmin [m/s] | C58: =P14 -> Vmax [m/s] | D58: =R14 -> wmax [m/s] | E58: =T14 -> Vw [m/s] | F58: =V14 -> γmax [°] | G58: =X14 -> Vγ [m/s] | H58: =AA14 -> th [min] | M58: =AK46 -> 3645 | O58: 111 | Q58: =O58 -> 111 | S58: =S46 -> 0 | U58: =Q58 -> 111 | W58: =S58 -> 0 | Y58: =U58 -> 111 | AA58: =AA46 -> 160
A59: =M15 -> 0 | B59: =N15 -> 19.907244 | C59: =P15 -> 41.756811 | D59: =R15 -> 2.3830989 | E59: =T15 -> 27.585575 | F59: =V15 -> 5.4991119 | G59: =X15 -> 21.753181 | H59: =AA15 -> 0
A60: =M16 -> 500 | B60: =N16 -> 20.392191 | C60: =P16 -> 41.541279 | D60: =R16 -> 2.0781265 | E60: =T16 -> 27.908873 | F60: =V16 -> 4.7424512 | G60: =X16 -> 22.13486 | H60: =AA16 -> 3.7310316
A61: =M17 -> 1000 | B61: =N17 -> 20.877138 | C61: =P17 -> 41.325747 | D61: =R17 -> 1.814065 | E61: =T17 -> 28.232171 | F61: =V17 -> 3.8685613 | G61: =X17 -> 22.898219 | H61: =AA17 -> 8.0259597
A62: =M18 -> 1500 | B62: =N18 -> 21.415968 | C62: =P18 -> 40.948565 | D62: =R18 -> 1.4867776 | E62: =T18 -> 28.663235 | F62: =V18 -> 3.1119005 | G62: =X18 -> 23.788804 | H62: =AA18 -> 13.086112
A63: =M19 -> 2000 | B63: =N19 -> 21.98174 | C63: =P19 -> 40.382794 | D63: =R19 -> 1.1743668 | E63: =T19 -> 29.067358 | F63: =V19 -> 2.4404973 | G63: =X19 -> 24.583969 | H63: =AA19 -> 19.24458
A64: =M20 -> 2500 | B64: =N20 -> 22.52057 | C64: =P20 -> 39.924788 | D64: =R20 -> 0.90286704 | E64: =T20 -> 29.444539 | F64: =V20 -> 1.8436945 | G64: =X20 -> 25.506361 | H64: =AA20 -> 27.1142
A65: =M21 -> 3000 | B65: =N21 -> 23.086342 | C65: =P21 -> 38.954893 | D65: =R21 -> 0.59789465 | E65: =T21 -> 29.98337 | F65: =V21 -> 1.2149201 | G65: =X21 -> 26.492366 | H65: =AA21 -> 38.027911
A66: =M22 -> 3500 | B66: =N22 -> 23.732938 | C66: =P22 -> 36.610982 | D66: =R22 -> 0.33011402 | E66: =T22 -> 30.549141 | F66: =V22 -> 0.61811723 | G66: =X22 -> 27.828244 | H66: =AA22 -> 55.954113
A67: =M23 -> 4000 | B67: =N23 -> 27.235335 | C67: =P23 -> 32.48893 | D67: =R23 -> 0.040018328 | E67: =T23 -> 31.195738 | F67: =V23 -> 0.11722913 | G67: =X23 -> 28.973282 | H67: =AA23 -> 115.64785
A69: =M26 -> h [m] | B69: =N26 -> Vmin [m/s] | C69: =P26 -> Vmax [m/s] | D69: =R26 -> wmax [m/s] | E69: =T26 -> Vw [m/s] | F69: =V26 -> γmax [°] | G69: =X26 -> Vγ [m/s] | H69: =AA26 -> th [min]
A70: =M27 -> 0 | B70: =N27 -> 19.907244 | C70: =P27 -> 41.595162 | D70: =R27 -> 2.2343319 | E70: =T27 -> 25.780493 | F70: =V27 -> 5.2220249 | G70: =X27 -> 21.117048 | H70: =AA27 -> 0
A71: =M28 -> 500 | B71: =N28 -> 20.365249 | C71: =P28 -> 41.217981 | D71: =R28 -> 1.9516745 | E71: =T28 -> 26.265441 | F71: =V28 -> 4.2841918 | G71: =X28 -> 22.03944 | H71: =AA28 -> 3.9913824
A72: =M29 -> 1000 | B72: =N29 -> 20.90408 | C72: =P29 -> 40.463618 | D72: =R29 -> 1.665298 | E72: =T29 -> 26.696505 | F72: =V29 -> 3.5914742 | G72: =X29 -> 22.739186 | H72: =AA29 -> 8.6188083
A73: =M30 -> 1500 | B73: =N30 -> 21.415968 | C73: =P30 -> 39.870905 | D73: =R30 -> 1.3566064 | E73: =T30 -> 27.046745 | F73: =V30 -> 2.8028419 | G73: =X30 -> 23.629771 | H73: =AA30 -> 14.124136
A74: =M31 -> 2000 | B74: =N31 -> 21.98174 | C74: =P31 -> 39.008776 | D74: =R31 -> 1.0665108 | E74: =T31 -> 27.585575 | F74: =V31 -> 2.1527531 | G74: =X31 -> 24.424936 | H74: =AA31 -> 20.920336
A75: =M32 -> 2500 | B75: =N32 -> 22.493629 | C75: =P32 -> 38.389122 | D75: =R32 -> 0.79129177 | E75: =T32 -> 28.097464 | F75: =V32 -> 1.4920071 | G75: =X32 -> 25.888041 | H75: =AA32 -> 29.804337
A76: =M33 -> 3000 | B76: =N33 -> 23.086342 | C76: =P33 -> 36.179918 | D76: =R33 -> 0.52351114 | E76: =T33 -> 28.690177 | F76: =V33 -> 0.95914742 | G76: =X33 -> 27.160305 | H76: =AA33 -> 42.657902
A77: =M34 -> 3500 | B77: =N34 -> 24.945307 | C77: =P34 -> 34.347895 | D77: =R34 -> 0.22969628 | E77: =T34 -> 29.444539 | F77: =V34 -> 0.40497336 | G77: =X34 -> 29.005089 | H77: =AA34 -> 66.249055
A79: =M37 -> h [m] | B79: =N37 -> Vmin [m/s] | C79: =P37 -> Vmax [m/s] | D79: =R37 -> wmax [m/s] | E79: =T37 -> Vw [m/s] | F79: =V37 -> γmax [°] | G79: =X37 -> Vγ [m/s] | H79: =AA37 -> th [min]
A80: =M38 -> 0 | B80: =N38 -> 20.474251 | C80: =P38 -> 41.522089 | D80: =R38 -> 2.0759494 | E80: =T38 -> 28.273054 | F80: =V38 -> 4.6147541 | G80: =X38 -> 22.339307 | H80: =AA38 -> 0
A81: =M39 -> 500 | B81: =N39 -> 21.001198 | C81: =P39 -> 41.247638 | D81: =R39 -> 1.7848101 | E81: =T39 -> 28.773653 | F81: =V39 -> 3.8606557 | G81: =X39 -> 23.048984 | H81: =AA39 -> 4.3181015
A82: =M40 -> 1000 | B82: =N40 -> 21.501796 | C82: =P40 -> 40.942692 | D82: =R40 -> 1.5316456 | E82: =T40 -> 29.116168 | F82: =V40 -> 3.1311475 | G82: =X40 -> 24.310633 | H82: =AA40 -> 9.3867522
A83: =M41 -> 1500 | B83: =N41 -> 22.028743 | C83: =P41 -> 40.515768 | D83: =R41 -> 1.2278481 | E83: =T41 -> 29.590419 | F83: =V41 -> 2.4918033 | G83: =X41 -> 25.44086 | H83: =AA41 -> 15.522917
A84: =M42 -> 2000 | B84: =N42 -> 22.608383 | C84: =P42 -> 39.783899 | D84: =R42 -> 0.89451477 | E84: =T42 -> 30.064671 | F84: =V42 -> 1.8606557 | G84: =X42 -> 26.544803 | H84: =AA42 -> 23.299591
A85: =M43 -> 2500 | B85: =N43 -> 23.188024 | C85: =P43 -> 39.143513 | D85: =R43 -> 0.62869198 | E85: =T43 -> 30.538922 | F85: =V43 -> 1.352459 | G85: =X43 -> 27.701314 | H85: =AA43 -> 33.92727
A86: =M44 -> 3000 | B86: =N44 -> 23.767665 | C86: =P44 -> 37.161366 | D86: =R44 -> 0.32911392 | E86: =T44 -> 30.960479 | F86: =V44 -> 0.73770492 | G86: =X44 -> 28.673835 | H86: =AA44 -> 50.798491
A87: =M45 -> 3500 | B87: =N45 -> 26.955689 | C87: =P45 -> 33.913695 | D87: =R45 -> 0.080168776 | E87: =T45 -> 31.382036 | F87: =V45 -> 0.18032787 | G87: =X45 -> 30.250896 | H87: =AA45 -> 95.213236
A90: =M49 -> h [m] | B90: =N49 -> Vmin [m/s] | C90: =P49 -> Vmax [m/s] | D90: =R49 -> wmax [m/s] | E90: =T49 -> Vw [m/s] | F90: =V49 -> γmax [°] | G90: =X49 -> Vγ [m/s] | H90: =AA49 -> th [min]
A91: =M50 -> 0 | B91: =N50 -> 20.474251 | C91: =P50 -> 40.851209 | D91: =R50 -> 2.0506329 | E91: =T50 -> 27.42994 | F91: =V50 -> 4.442623 | G91: =X50 -> 24.100358 | H91: =AA50 -> 0
A92: =M51 -> 500 | B92: =N51 -> 20.97485 | C92: =P51 -> 40.39379 | D92: =R51 -> 1.7637131 | E92: =T51 -> 27.667066 | F92: =V51 -> 3.7786885 | G92: =X51 -> 25.388292 | H92: =AA51 -> 4.3709458
A93: =M52 -> 1000 | B93: =N52 -> 21.501796 | C93: =P52 -> 39.905877 | D93: =R52 -> 1.4978903 | E93: =T52 -> 27.877844 | F93: =V52 -> 3.1229508 | G93: =X52 -> 26.623656 | H93: =AA52 -> 9.500302
A94: =M53 -> 1500 | B94: =N53 -> 22.028743 | C94: =P53 -> 39.55519 | D94: =R53 -> 1.1814346 | E94: =T53 -> 28.299401 | F94: =V53 -> 2.4508197 | G94: =X53 -> 27.569892 | H94: =AA53 -> 15.707673
A95: =M54 -> 2000 | B95: =N54 -> 22.608383 | C95: =P54 -> 38.975793 | D95: =R54 -> 0.907173 | E95: =T54 -> 28.615569 | F95: =V54 -> 1.8442623 | G95: =X54 -> 28.332139 | H95: =AA54 -> 23.570123
A96: =M55 -> 2500 | B96: =N55 -> 23.161677 | C96: =P55 -> 37.954225 | D96: =R55 -> 0.62025316 | E96: =T55 -> 29.063473 | F96: =V55 -> 1.2295082 | G96: =X55 -> 29.436081 | H96: =AA55 -> 34.30432
A97: =M56 -> 3000 | B97: =N56 -> 24.031138 | C97: =P56 -> 35.255456 | D97: =R56 -> 0.35021097 | E97: =T56 -> 29.590419 | F97: =V56 -> 0.69672131 | G97: =X56 -> 30.145759 | H97: =AA56 -> 51.306392
A98: =M57 -> 3500 | B98: =N57 -> 28.088623 | C98: =P57 -> 32.846385 | D98: =R57 -> 0.080168776 | E98: =T57 -> 30.328144 | F98: =V57 -> 0.14754098 | G98: =X57 -> 30.934289 | H98: =AA57 -> 95.522195
W110: γ

Sheet Metoda Ciągu, zmienna masa
A1: kąt pochylenia osi silnika fi | B1: φ | C1: =Podsumowanie!B30 -> 0.017453293 | D1: rad
A2: średnica śmigła | B2: D | C2: =Podsumowanie!B13 -> 1.8 | D2: m | J2: Metoda ciągu, zmienna masa, h=0m
A3: Współczynnik kierunkowy prostej Cz(a) | B3: a∞ | C3: =Podsumowanie!B17 -> 5.832 | D3: 1/rad | J3: V [m/s] | K3: Nr [W] | L3: Ps [N] | M3: α [°] | N3: γ [°] | O3: w [m/s] | P3: Nr/w | R3: γ | S3: [°] | T3: [rad] | U3: [rad] | V3: [°] | W3: α
A4: Moc silnika | B4: Nmax | C4: =Podsumowanie!B10 -> 59000 | D4: W | J4: =SQRT(2*(C$14+G11)*C$12/C$5/C$15/G8) -> 20.470532 | K4: ='Nr(V)'!B43 -> 29979.747 | L4: =K4/J4 -> 1464.5319 | M4: =V4 -> 10.430745 | N4: =S4 -> 4.6389383 | O4: =J4*SIN(RADIANS(N4)) -> 1.6555813 | P4: =(K4/1000)/(O4*3600) -> 0.0050300807 | Q4: 1 | R4: =0.5*G$8*C$5*C$3*(U4-C$6)*J4^2+K4/J4*SIN(U4-C$1)-C$12*(C$14+G$11*(J$18-J4)/(J$18-J$4))*COS(T4) -> 6.2471581e-06 | S4: =DEGREES(T4) -> 4.6389383 | T4: 0.080964747 | U4: 0.18205085 | V4: =DEGREES(U4) -> 10.430745 | W4: =-0.5*G$8*C$5*J4^2*(C$8+(C$3^2)*(U4-C$6)^2/(PI()*C$7))+K4/J4*COS(U4-C$1)-C$12*(C$14+G$11*(J$18-J4)/(J$18-J$4))*SIN(T4) -> -1.4850214e-05 | X4: =Q4 -> 1
A5: Powierzchnia nośna | B5: S | C5: =Podsumowanie!B3 -> 18 | D5: m2 | J5: =J$4+Q4*G$13 -> 22.07978 | K5: ='Nr(V)'!B46 -> 30919.618 | L5: =K5/J5 -> 1400.359 | M5: =V5 -> 8.4212486 | N5: =S5 -> 4.728102 | O5: =J5*SIN(RADIANS(N5)) -> 1.8199772 | P5: =(K5/1000)/(O5*3600) -> 0.0047191707 | Q5: 2 | R5: =0.5*G$8*C$5*C$3*(U5-C$6)*J5^2+K5/J5*SIN(U5-C$1)-C$12*(C$14+G$11*(J$18-J5)/(J$18-J$4))*COS(T5) -> 7.7291108e-05 | S5: =DEGREES(T5) -> 4.728102 | T5: 0.082520948 | U5: 0.14697852 | V5: =DEGREES(U5) -> 8.4212486 | W5: =-0.5*G$8*C$5*J5^2*(C$8+(C$3^2)*(U5-C$6)^2/(PI()*C$7))+K5/J5*COS(U5-C$1)-C$12*(C$14+G$11*(J$18-J5)/(J$18-J$4))*SIN(T5) -> 1.3867341e-05 | X5: =Q5 -> 2
A6: Kąt zerowej siły nośnej | B6: α0 | C6: =Podsumowanie!B31 -> -0.066601764 | D6: rad | J6: =J$4+Q5*G$13 -> 23.689028 | K6: ='Nr(V)'!B50 -> 32329.313 | L6: =K6/J6 -> 1364.7378 | M6: =V6 -> 6.7819428 | N6: =S6 -> 4.8719059 | O6: =J6*SIN(RADIANS(N6)) -> 2.0118705 | P6: =(K6/1000)/(O6*3600) -> 0.0044636891 | Q6: 3 | R6: =0.5*G$8*C$5*C$3*(U6-C$6)*J6^2+K6/J6*SIN(U6-C$1)-C$12*(C$14+G$11*(J$18-J6)/(J$18-J$4))*COS(T6) -> -3.8726284e-09 | S6: =DEGREES(T6) -> 4.8719059 | T6: 0.085030799 | U6: 0.11836723 | V6: =DEGREES(U6) -> 6.7819428 | W6: =-0.5*G$8*C$5*J6^2*(C$8+(C$3^2)*(U6-C$6)^2/(PI()*C$7))+K6/J6*COS(U6-C$1)-C$12*(C$14+G$11*(J$18-J6)/(J$18-J$4))*SIN(T6) -> -5.1386451e-11 | X6: =Q6 -> 3
A7: wydłużenie Oswalda | B7: Λe | C7: =Podsumowanie!B14 -> 4.587 | D7: - | F7: h | G7: 0 | H7: m | J7: =J$4+Q6*G$13 -> 25.298276 | K7: ='Nr(V)'!B53 -> 33621.99 | L7: =K7/J7 -> 1329.023 | M7: =V7 -> 5.4374494 | N7: =S7 -> 4.8626386 | O7: =J7*SIN(RADIANS(N7)) -> 2.1444642 | P7: =(K7/1000)/(O7*3600) -> 0.0043551399 | Q7: 4 | R7: =0.5*G$8*C$5*C$3*(U7-C$6)*J7^2+K7/J7*SIN(U7-C$1)-C$12*(C$14+G$11*(J$18-J7)/(J$18-J$4))*COS(T7) -> 1.7014183e-05 | S7: =DEGREES(T7) -> 4.8626386 | T7: 0.084869054 | U7: 0.094901395 | V7: =DEGREES(U7) -> 5.4374494 | W7: =-0.5*G$8*C$5*J7^2*(C$8+(C$3^2)*(U7-C$6)^2/(PI()*C$7))+K7/J7*COS(U7-C$1)-C$12*(C$14+G$11*(J$18-J7)/(J$18-J$4))*SIN(T7) -> 2.362561e-06 | X7: =Q7 -> 4
A8: Minimalny współczynnik Cx z danych | B8: (Cx)min | C8: =Podsumowanie!B15 -> 0.04478 | D8: - | F8: ρh | G8: =C$11*(1-G7/44300)^4.256 -> 1.2255 | H8: kg/m3 | J8: =J$4+Q7*G$13 -> 26.907523 | K8: ='Nr(V)'!B56 -> 35149.962 | L8: =K8/J8 -> 1306.3247 | M8: =V8 -> 4.3201011 | N8: =S8 -> 4.8408461 | O8: =J8*SIN(RADIANS(N8)) -> 2.270678 | P8: =(K8/1000)/(O8*3600) -> 0.0042999836 | Q8: 5 | R8: =0.5*G$8*C$5*C$3*(U8-C$6)*J8^2+K8/J8*SIN(U8-C$1)-C$12*(C$14+G$11*(J$18-J8)/(J$18-J$4))*COS(T8) -> 0.00018341632 | S8: =DEGREES(T8) -> 4.8408461 | T8: 0.084488703 | U8: 0.075399988 | V8: =DEGREES(U8) -> 4.3201011 | W8: =-0.5*G$8*C$5*J8^2*(C$8+(C$3^2)*(U8-C$6)^2/(PI()*C$7))+K8/J8*COS(U8-C$1)-C$12*(C$14+G$11*(J$18-J8)/(J$18-J$4))*SIN(T8) -> 2.2190786e-05 | X8: =Q8 -> 5
A9: Obroty silnika | B9: ns | C9: =Podsumowanie!B12 -> 36.667 | D9: 1/s | F9: Nh | G9: =C$4*((G8/C$11)-C$10)/(1-C$10) -> 59000 | H9: W | J9: =J$4+Q8*G$13 -> 28.516771 | K9: ='Nr(V)'!B59 -> 36324.992 | L9: =K9/J9 -> 1273.8116 | M9: =V9 -> 3.3859258 | N9: =S9 -> 4.6283772 | O9: =J9*SIN(RADIANS(N9)) -> 2.3010922 | P9: =(K9/1000)/(O9*3600) -> 0.004384994 | Q9: 6 | R9: =0.5*G$8*C$5*C$3*(U9-C$6)*J9^2+K9/J9*SIN(U9-C$1)-C$12*(C$14+G$11*(J$18-J9)/(J$18-J$4))*COS(T9) -> 9.5606437e-05 | S9: =DEGREES(T9) -> 4.6283772 | T9: 0.080780421 | U9: 0.059095554 | V9: =DEGREES(U9) -> 3.3859258 | W9: =-0.5*G$8*C$5*J9^2*(C$8+(C$3^2)*(U9-C$6)^2/(PI()*C$7))+K9/J9*COS(U9-C$1)-C$12*(C$14+G$11*(J$18-J9)/(J$18-J$4))*SIN(T9) -> 1.0381259e-05 | X9: =Q9 -> 6
A10: współczynnik korekcyjny | B10: k | C10: =Podsumowanie!B18 -> 0.14 | D10: - | F10: CN | G10: =G9/G8/C$9^3/C$2^5 -> 0.051683276 | H10: - | J10: =J$4+Q9*G$13 -> 30.126019 | K10: ='Nr(V)'!B62 -> 37500.113 | L10: =K10/J10 -> 1244.7749 | M10: =V10 -> 2.5958092 | N10: =S10 -> 4.3549428 | O10: =J10*SIN(RADIANS(N10)) -> 2.287617 | P10: =(K10/1000)/(O10*3600) -> 0.0045535149 | Q10: 7 | R10: =0.5*G$8*C$5*C$3*(U10-C$6)*J10^2+K10/J10*SIN(U10-C$1)-C$12*(C$14+G$11*(J$18-J10)/(J$18-J$4))*COS(T10) -> 2.6192611e-05 | S10: =DEGREES(T10) -> 4.3549428 | T10: 0.07600809 | U10: 0.045305417 | V10: =DEGREES(U10) -> 2.5958092 | W10: =-0.5*G$8*C$5*J10^2*(C$8+(C$3^2)*(U10-C$6)^2/(PI()*C$7))+K10/J10*COS(U10-C$1)-C$12*(C$14+G$11*(J$18-J10)/(J$18-J$4))*SIN(T10) -> 2.5815343e-06 | X10: =Q10 -> 7
A11: gęstość powietrza przy ziemii | B11: ρ | C11: =Podsumowanie!B2 -> 1.2255 | D11: kg/m3 | F11: mp | G11: =C13 -> 90 | H11: kg | J11: =J$4+Q10*G$13 -> 31.735266 | K11: ='Nr(V)'!B66 -> 38850.938 | L11: =K11/J11 -> 1224.2197 | M11: =V11 -> 1.92172 | N11: =S11 -> 4.076156 | O11: =J11*SIN(RADIANS(N11)) -> 2.2558172 | P11: =(K11/1000)/(O11*3600) -> 0.0047840433 | Q11: 8 | R11: =0.5*G$8*C$5*C$3*(U11-C$6)*J11^2+K11/J11*SIN(U11-C$1)-C$12*(C$14+G$11*(J$18-J11)/(J$18-J$4))*COS(T11) -> -3.4106051e-10 | S11: =DEGREES(T11) -> 4.076156 | T11: 0.071142344 | U11: 0.033540341 | V11: =DEGREES(U11) -> 1.92172 | W11: =-0.5*G$8*C$5*J11^2*(C$8+(C$3^2)*(U11-C$6)^2/(PI()*C$7))+K11/J11*COS(U11-C$1)-C$12*(C$14+G$11*(J$18-J11)/(J$18-J$4))*SIN(T11) -> -6.5369932e-12 | X11: =Q11 -> 8
A12: Przyspieszenie grawitacyjne | B12: g | C12: =Podsumowanie!B1 -> 9.81 | D12: m/s2 | F12: dmp | G12: {=C$16*(G25-G7)*MIN(IF(P4:P18>0,P4:P18))} -> 0.67342044 | H12: kg | J12: =J$4+Q11*G$13 -> 33.344514 | K12: ='Nr(V)'!B69 -> 39967.235 | L12: =K12/J12 -> 1198.615 | M12: =V12 -> 1.3433093 | N12: =S12 -> 3.6807826 | O12: =J12*SIN(RADIANS(N12)) -> 2.1406376 | P12: =(K12/1000)/(O12*3600) -> 0.0051863097 | Q12: 9 | R12: =0.5*G$8*C$5*C$3*(U12-C$6)*J12^2+K12/J12*SIN(U12-C$1)-C$12*(C$14+G$11*(J$18-J12)/(J$18-J$4))*COS(T12) -> 4.5642519e-06 | S12: =DEGREES(T12) -> 3.6807826 | T12: 0.064241775 | U12: 0.023445171 | V12: =DEGREES(U12) -> 1.3433093 | W12: =-0.5*G$8*C$5*J12^2*(C$8+(C$3^2)*(U12-C$6)^2/(PI()*C$7))+K12/J12*COS(U12-C$1)-C$12*(C$14+G$11*(J$18-J12)/(J$18-J$4))*SIN(T12) -> 5.5568643e-07 | X12: =Q12 -> 9
A13: Masa paliwa | B13: mp | C13: =Podsumowanie!B5 -> 90 | D13: kg | F13: v | G13: =(J18-J4)/Q17 -> 1.6092477 | H13: m/s | J13: =J$4+Q12*G$13 -> 34.953762 | K13: ='Nr(V)'!B72 -> 41318.556 | L13: =K13/J13 -> 1182.0918 | M13: =V13 -> 0.84278363 | N13: =S13 -> 3.3009703 | O13: =J13*SIN(RADIANS(N13)) -> 2.0126702 | P13: =(K13/1000)/(O13*3600) -> 0.0057025619 | Q13: 10 | R13: =0.5*G$8*C$5*C$3*(U13-C$6)*J13^2+K13/J13*SIN(U13-C$1)-C$12*(C$14+G$11*(J$18-J13)/(J$18-J$4))*COS(T13) -> 2.9588837e-06 | S13: =DEGREES(T13) -> 3.3009703 | T13: 0.057612801 | U13: 0.014709349 | V13: =DEGREES(U13) -> 0.84278363 | W13: =-0.5*G$8*C$5*J13^2*(C$8+(C$3^2)*(U13-C$6)^2/(PI()*C$7))+K13/J13*COS(U13-C$1)-C$12*(C$14+G$11*(J$18-J13)/(J$18-J$4))*SIN(T13) -> 4.2920408e-07 | X13: =Q13 -> 10
A14: Miminalna masa samolotu | B14: mmin | C14: =Podsumowanie!B7 -> 620 | D14: kg | J14: =J$4+Q13*G$13 -> 36.563009 | K14: ='Nr(V)'!B75 -> 42611.279 | L14: =K14/J14 -> 1165.4204 | M14: =V14 -> 0.40738283 | N14: =S14 -> 2.8593773 | O14: =J14*SIN(RADIANS(N14)) -> 1.8239397 | P14: =(K14/1000)/(O14*3600) -> 0.0064895052 | Q14: 11 | R14: =0.5*G$8*C$5*C$3*(U14-C$6)*J14^2+K14/J14*SIN(U14-C$1)-C$12*(C$14+G$11*(J$18-J14)/(J$18-J$4))*COS(T14) -> 7.1600507e-06 | S14: =DEGREES(T14) -> 2.8593773 | T14: 0.049905549 | U14: 0.0071101717 | V14: =DEGREES(U14) -> 0.40738283 | W14: =-0.5*G$8*C$5*J14^2*(C$8+(C$3^2)*(U14-C$6)^2/(PI()*C$7))+K14/J14*COS(U14-C$1)-C$12*(C$14+G$11*(J$18-J14)/(J$18-J$4))*SIN(T14) -> 5.7546333e-07 | X14: =Q14 -> 11
A15: maksymalny współczynnik siły nośnej | B15: Czmax | C15: =Podsumowanie!B16 -> 1.507 | D15: - | J15: =J$4+Q14*G$13 -> 38.172257 | K15: ='Nr(V)'!B78 -> 43786.264 | L15: =K15/J15 -> 1147.0703 | M15: =V15 -> 0.026398948 | N15: =S15 -> 2.3452915 | O15: =J15*SIN(RADIANS(N15)) -> 1.5620709 | P15: =(K15/1000)/(O15*3600) -> 0.0077863628 | Q15: 12 | R15: =0.5*G$8*C$5*C$3*(U15-C$6)*J15^2+K15/J15*SIN(U15-C$1)-C$12*(C$14+G$11*(J$18-J15)/(J$18-J$4))*COS(T15) -> 2.2783788e-06 | S15: =DEGREES(T15) -> 2.3452915 | T15: 0.040933059 | U15: 0.00046074857 | V15: =DEGREES(U15) -> 0.026398948 | W15: =-0.5*G$8*C$5*J15^2*(C$8+(C$3^2)*(U15-C$6)^2/(PI()*C$7))+K15/J15*COS(U15-C$1)-C$12*(C$14+G$11*(J$18-J15)/(J$18-J$4))*SIN(T15) -> 2.0034514e-07 | X15: =Q15 -> 12
A16: Jednostkowe zużycie paliwa | B16: qe | C16: =Podsumowanie!B32 -> 0.31322 | D16: kg/kWh | J16: =J$4+Q15*G$13 -> 39.781505 | K16: ='Nr(V)'!B82 -> 44078.491 | L16: =K16/J16 -> 1108.0147 | M16: =V16 -> -0.30878163 | N16: =S16 -> 1.5850411 | O16: =J16*SIN(RADIANS(N16)) -> 1.1003826 | P16: =(K16/1000)/(O16*3600) -> 0.011127062 | Q16: 13 | R16: =0.5*G$8*C$5*C$3*(U16-C$6)*J16^2+K16/J16*SIN(U16-C$1)-C$12*(C$14+G$11*(J$18-J16)/(J$18-J$4))*COS(T16) -> 8.7362423e-08 | S16: =DEGREES(T16) -> 1.5850411 | T16: 0.027664186 | U16: -0.0053892561 | V16: =DEGREES(U16) -> -0.30878163 | W16: =-0.5*G$8*C$5*J16^2*(C$8+(C$3^2)*(U16-C$6)^2/(PI()*C$7))+K16/J16*COS(U16-C$1)-C$12*(C$14+G$11*(J$18-J16)/(J$18-J$4))*SIN(T16) -> 1.3235052e-08 | X16: =Q16 -> 13
J17: =J$4+Q16*G$13 -> 41.390752 | K17: ='Nr(V)'!B85 -> 42900.491 | L17: =K17/J17 -> 1036.4753 | M17: =V17 -> -0.60591224 | N17: =S17 -> 0.46549685 | O17: =J17*SIN(RADIANS(N17)) -> 0.33627351 | P17: =(K17/1000)/(O17*3600) -> 0.035437828 | Q17: 14 | R17: =0.5*G$8*C$5*C$3*(U17-C$6)*J17^2+K17/J17*SIN(U17-C$1)-C$12*(C$14+G$11*(J$18-J17)/(J$18-J$4))*COS(T17) -> -2.4155281e-05 | S17: =DEGREES(T17) -> 0.46549685 | T17: 0.0081244527 | U17: -0.010575164 | V17: =DEGREES(U17) -> -0.60591224 | W17: =-0.5*G$8*C$5*J17^2*(C$8+(C$3^2)*(U17-C$6)^2/(PI()*C$7))+K17/J17*COS(U17-C$1)-C$12*(C$14+G$11*(J$18-J17)/(J$18-J$4))*SIN(T17) -> 6.7705725e-06 | X17: =Q17 -> 14
J18: 43 | K18: ='Nr(V)'!B88 -> 41193.123 | L18: =K18/J18 -> 957.9796 | M18: =V18 -> -0.87116654 | N18: =S18 -> -0.78102628 | O18: =J18*SIN(RADIANS(N18)) -> -0.58613549 | P18: =(K18/1000)/(O18*3600) -> -0.019521995 | Q18: 15 | R18: =0.5*G$8*C$5*C$3*(U18-C$6)*J18^2+K18/J18*SIN(U18-C$1)-C$12*(C$14+G$11*(J$18-J18)/(J$18-J$4))*COS(T18) -> -5.566964e-05 | S18: =DEGREES(T18) -> -0.78102628 | T18: -0.01363148 | U18: -0.015204724 | V18: =DEGREES(U18) -> -0.87116654 | W18: =-0.5*G$8*C$5*J18^2*(C$8+(C$3^2)*(U18-C$6)^2/(PI()*C$7))+K18/J18*COS(U18-C$1)-C$12*(C$14+G$11*(J$18-J18)/(J$18-J$4))*SIN(T18) -> 2.4851379e-06 | X18: =Q18 -> 15
J20: Metoda ciągu, zmienna masa, h=500m,
J21: V [m/s] | K21: Nr [W] | L21: Ps [N] | M21: α [°] | N21: γ [°] | O21: w [m/s] | P21: Nr/w | R21: γ | S21: [°] | T21: [rad] | U21: [rad] | V21: [°] | W21: α
J22: =SQRT(2*(C$14+G29)*C$12/C$5/C$15/G26) -> 20.961063 | K22: ='Nr(V)'!C44 -> 28685.224 | L22: =K22/J22 -> 1368.5005 | M22: =V22 -> 10.476854 | N22: =S22 -> 3.8305175 | O22: =J22*SIN(RADIANS(N22)) -> 1.4003112 | P22: =(K22/1000)/(O22*3600) -> 0.005690248 | Q22: 1 | R22: =0.5*G$26*C$5*C$3*(U22-C$6)*J22^2+K22/J22*SIN(U22-C$1)-C$12*(C$14+G$29*(J$36-J22)/(J$36-J$22))*COS(T22) -> 3.9652159e-06 | S22: =DEGREES(T22) -> 3.8305175 | T22: 0.066855143 | U22: 0.1828556 | V22: =DEGREES(U22) -> 10.476854 | W22: =-0.5*G$26*C$5*J22^2*(C$8+(C$3^2)*(U22-C$6)^2/(PI()*C$7))+K22/J22*COS(U22-C$1)-C$12*(C$14+G$29*(J$36-J22)/(J$36-J$22))*SIN(T22) -> -9.527157e-06 | X22: =Q22 -> 1
J23: =J$22+Q22*G$31 -> 22.535273 | K23: ='Nr(V)'!C47 -> 29624.916 | L23: =K23/J23 -> 1314.602 | M23: =V23 -> 8.5300715 | N23: =S23 -> 3.9862945 | O23: =J23*SIN(RADIANS(N23)) -> 1.5666037 | P23: =(K23/1000)/(O23*3600) -> 0.0052528558 | Q23: 2 | R23: =0.5*G$26*C$5*C$3*(U23-C$6)*J23^2+K23/J23*SIN(U23-C$1)-C$12*(C$14+G$29*(J$36-J23)/(J$36-J$22))*COS(T23) -> 5.4117014e-05 | S23: =DEGREES(T23) -> 3.9862945 | T23: 0.069573964 | U23: 0.14887783 | V23: =DEGREES(U23) -> 8.5300715 | W23: =-0.5*G$26*C$5*J23^2*(C$8+(C$3^2)*(U23-C$6)^2/(PI()*C$7))+K23/J23*COS(U23-C$1)-C$12*(C$14+G$29*(J$36-J23)/(J$36-J$22))*SIN(T23) -> 1.0079528e-05 | X23: =Q23 -> 2
J24: =J$22+Q23*G$31 -> 24.109483 | K24: ='Nr(V)'!C50 -> 30505.918 | L24: =K24/J24 -> 1265.3079 | M24: =V24 -> 6.9363877 | N24: =S24 -> 4.0044537 | O24: =J24*SIN(RADIANS(N24)) -> 1.683662 | P24: =(K24/1000)/(O24*3600) -> 0.0050329972 | Q24: 3 | R24: =0.5*G$26*C$5*C$3*(U24-C$6)*J24^2+K24/J24*SIN(U24-C$1)-C$12*(C$14+G$29*(J$36-J24)/(J$36-J$22))*COS(T24) -> 4.3592627e-07 | S24: =DEGREES(T24) -> 4.0044537 | T24: 0.069890902 | U24: 0.1210628 | V24: =DEGREES(U24) -> 6.9363877 | W24: =-0.5*G$26*C$5*J24^2*(C$8+(C$3^2)*(U24-C$6)^2/(PI()*C$7))+K24/J24*COS(U24-C$1)-C$12*(C$14+G$29*(J$36-J24)/(J$36-J$22))*SIN(T24) -> 7.3345063e-09 | X24: =Q24 -> 3
F25: h | G25: 500 | H25: m | J25: =J$22+Q24*G$31 -> 25.683692 | K25: ='Nr(V)'!C53 -> 31857.284 | L25: =K25/J25 -> 1240.3701 | M25: =V25 -> 5.6132989 | N25: =S25 -> 4.0886767 | O25: =J25*SIN(RADIANS(N25)) -> 1.8312555 | P25: =(K25/1000)/(O25*3600) -> 0.0048323381 | Q25: 4 | R25: =0.5*G$26*C$5*C$3*(U25-C$6)*J25^2+K25/J25*SIN(U25-C$1)-C$12*(C$14+G$29*(J$36-J25)/(J$36-J$22))*COS(T25) -> 1.2485543e-08 | S25: =DEGREES(T25) -> 4.0886767 | T25: 0.07136087 | U25: 0.097970548 | V25: =DEGREES(U25) -> 5.6132989 | W25: =-0.5*G$26*C$5*J25^2*(C$8+(C$3^2)*(U25-C$6)^2/(PI()*C$7))+K25/J25*COS(U25-C$1)-C$12*(C$14+G$29*(J$36-J25)/(J$36-J$22))*SIN(T25) -> -4.0756731e-11 | X25: =Q25 -> 4
F26: ρh | G26: =C$11*(1-G25/44300)^4.256 -> 1.1677043 | H26: kg/m3 | J26: =J$22+Q25*G$31 -> 27.257902 | K26: ='Nr(V)'!C57 -> 33384.851 | L26: =K26/J26 -> 1224.777 | M26: =V26 -> 4.5077994 | N26: =S26 -> 4.1363193 | O26: =J26*SIN(RADIANS(N26)) -> 1.9661043 | P26: =(K26/1000)/(O26*3600) -> 0.0047167232 | Q26: 5 | R26: =0.5*G$26*C$5*C$3*(U26-C$6)*J26^2+K26/J26*SIN(U26-C$1)-C$12*(C$14+G$29*(J$36-J26)/(J$36-J$22))*COS(T26) -> 9.2899424e-05 | S26: =DEGREES(T26) -> 4.1363193 | T26: 0.072192391 | U26: 0.078675941 | V26: =DEGREES(U26) -> 4.5077994 | W26: =-0.5*G$26*C$5*J26^2*(C$8+(C$3^2)*(U26-C$6)^2/(PI()*C$7))+K26/J26*COS(U26-C$1)-C$12*(C$14+G$29*(J$36-J26)/(J$36-J$22))*SIN(T26) -> 1.1234613e-05 | X26: =Q26 -> 5
F27: Nh | G27: =C$4*((G26/C$11)-C$10)/(1-C$10) -> 55764.541 | H27: W | J27: =J$22+Q26*G$31 -> 28.832112 | K27: ='Nr(V)'!C60 -> 34736.352 | L27: =K27/J27 -> 1204.78 | M27: =V27 -> 3.5776357 | N27: =S27 -> 4.0468047 | O27: =J27*SIN(RADIANS(N27)) -> 2.0347213 | P27: =(K27/1000)/(O27*3600) -> 0.0047421663 | Q27: 6 | R27: =0.5*G$26*C$5*C$3*(U27-C$6)*J27^2+K27/J27*SIN(U27-C$1)-C$12*(C$14+G$29*(J$36-J27)/(J$36-J$22))*COS(T27) -> -7.8307494e-10 | S27: =DEGREES(T27) -> 4.0468047 | T27: 0.070630067 | U27: 0.062441523 | V27: =DEGREES(U27) -> 3.5776357 | W27: =-0.5*G$26*C$5*J27^2*(C$8+(C$3^2)*(U27-C$6)^2/(PI()*C$7))+K27/J27*COS(U27-C$1)-C$12*(C$14+G$29*(J$36-J27)/(J$36-J$22))*SIN(T27) -> -1.1425527e-11 | X27: =Q27 -> 6
F28: CN | G28: =G27/G26/C$9^3/C$2^5 -> 0.051266846 | H28: - | J28: =J$22+Q27*G$31 -> 30.406322 | K28: ='Nr(V)'!C63 -> 35676.043 | L28: =K28/J28 -> 1173.3101 | M28: =V28 -> 2.7886917 | N28: =S28 -> 3.7706061 | O28: =J28*SIN(RADIANS(N28)) -> 1.9995805 | P28: =(K28/1000)/(O28*3600) -> 0.0049560456 | Q28: 7 | R28: =0.5*G$26*C$5*C$3*(U28-C$6)*J28^2+K28/J28*SIN(U28-C$1)-C$12*(C$14+G$29*(J$36-J28)/(J$36-J$22))*COS(T28) -> 2.9514556e-05 | S28: =DEGREES(T28) -> 3.7706061 | T28: 0.06580949 | U28: 0.048671852 | V28: =DEGREES(U28) -> 2.7886917 | W28: =-0.5*G$26*C$5*J28^2*(C$8+(C$3^2)*(U28-C$6)^2/(PI()*C$7))+K28/J28*COS(U28-C$1)-C$12*(C$14+G$29*(J$36-J28)/(J$36-J$22))*SIN(T28) -> 2.9668087e-06 | X28: =Q28 -> 7
F29: mp | G29: =G11-G12 -> 89.32658 | H29: kg | J29: =J$22+Q28*G$31 -> 31.980532 | K29: ='Nr(V)'!C66 -> 36674.603 | L29: =K29/J29 -> 1146.779 | M29: =V29 -> 2.1125423 | N29: =S29 -> 3.4610325 | O29: =J29*SIN(RADIANS(N29)) -> 1.9306545 | P29: =(K29/1000)/(O29*3600) -> 0.0052766507 | Q29: 8 | R29: =0.5*G$26*C$5*C$3*(U29-C$6)*J29^2+K29/J29*SIN(U29-C$1)-C$12*(C$14+G$29*(J$36-J29)/(J$36-J$22))*COS(T29) -> 3.588284e-06 | S29: =DEGREES(T29) -> 3.4610325 | T29: 0.060406412 | U29: 0.036870819 | V29: =DEGREES(U29) -> 2.1125423 | W29: =-0.5*G$26*C$5*J29^2*(C$8+(C$3^2)*(U29-C$6)^2/(PI()*C$7))+K29/J29*COS(U29-C$1)-C$12*(C$14+G$29*(J$36-J29)/(J$36-J$22))*SIN(T29) -> 3.665362e-07 | X29: =Q29 -> 8
F30: dmp | G30: {=C$16*(G43-G25)*MIN(IF(P22:P36>0,P22:P36))} -> 0.73868602 | H30: kg | J30: =J$22+Q29*G$31 -> 33.554741 | K30: ='Nr(V)'!C69 -> 37614.384 | L30: =K30/J30 -> 1120.9857 | M30: =V30 -> 1.529323 | N30: =S30 -> 3.0890406 | O30: =J30*SIN(RADIANS(N30)) -> 1.8081917 | P30: =(K30/1000)/(O30*3600) -> 0.0057783918 | Q30: 9 | R30: =0.5*G$26*C$5*C$3*(U30-C$6)*J30^2+K30/J30*SIN(U30-C$1)-C$12*(C$14+G$29*(J$36-J30)/(J$36-J$22))*COS(T30) -> 1.1177699e-05 | S30: =DEGREES(T30) -> 3.0890406 | T30: 0.053913929 | U30: 0.026691722 | V30: =DEGREES(U30) -> 1.529323 | W30: =-0.5*G$26*C$5*J30^2*(C$8+(C$3^2)*(U30-C$6)^2/(PI()*C$7))+K30/J30*COS(U30-C$1)-C$12*(C$14+G$29*(J$36-J30)/(J$36-J$22))*SIN(T30) -> 1.0097273e-06 | X30: =Q30 -> 9
F31: v | G31: =(J36-J22)/Q35 -> 1.5742098 | H31: m/s | J31: =J$22+Q30*G$31 -> 35.128951 | K31: ='Nr(V)'!C72 -> 38906.972 | L31: =K31/J31 -> 1107.5472 | M31: =V31 -> 1.0225517 | N31: =S31 -> 2.7649921 | O31: =J31*SIN(RADIANS(N31)) -> 1.6946026 | P31: =(K31/1000)/(O31*3600) -> 0.0063775967 | Q31: 10 | R31: =0.5*G$26*C$5*C$3*(U31-C$6)*J31^2+K31/J31*SIN(U31-C$1)-C$12*(C$14+G$29*(J$36-J31)/(J$36-J$22))*COS(T31) -> 2.3515304e-06 | S31: =DEGREES(T31) -> 2.7649921 | T31: 0.048258217 | U31: 0.017846894 | V31: =DEGREES(U31) -> 1.0225517 | W31: =-0.5*G$26*C$5*J31^2*(C$8+(C$3^2)*(U31-C$6)^2/(PI()*C$7))+K31/J31*COS(U31-C$1)-C$12*(C$14+G$29*(J$36-J31)/(J$36-J$22))*SIN(T31) -> 3.2073478e-07 | X31: =Q31 -> 10
J32: =J$22+Q31*G$31 -> 36.703161 | K32: ='Nr(V)'!C75 -> 40199.469 | L32: =K32/J32 -> 1095.259 | M32: =V32 -> 0.58016523 | N32: =S32 -> 2.3942559 | O32: =J32*SIN(RADIANS(N32)) -> 1.5332925 | P32: =(K32/1000)/(O32*3600) -> 0.0072827066 | Q32: 11 | R32: =0.5*G$26*C$5*C$3*(U32-C$6)*J32^2+K32/J32*SIN(U32-C$1)-C$12*(C$14+G$29*(J$36-J32)/(J$36-J$22))*COS(T32) -> 7.3431056e-07 | S32: =DEGREES(T32) -> 2.3942559 | T32: 0.041787649 | U32: 0.010125794 | V32: =DEGREES(U32) -> 0.58016523 | W32: =-0.5*G$26*C$5*J32^2*(C$8+(C$3^2)*(U32-C$6)^2/(PI()*C$7))+K32/J32*COS(U32-C$1)-C$12*(C$14+G$29*(J$36-J32)/(J$36-J$22))*SIN(T32) -> 1.1933651e-07 | X32: =Q32 -> 11
J33: =J$22+Q32*G$31 -> 38.277371 | K33: ='Nr(V)'!C79 -> 41609.433 | L33: =K33/J33 -> 1087.0505 | M33: =V33 -> 0.19180301 | N33: =S33 -> 2.0071978 | O33: =J33*SIN(RADIANS(N33)) -> 1.3406666 | P33: =(K33/1000)/(O33*3600) -> 0.0086212157 | Q33: 12 | R33: =0.5*G$26*C$5*C$3*(U33-C$6)*J33^2+K33/J33*SIN(U33-C$1)-C$12*(C$14+G$29*(J$36-J33)/(J$36-J$22))*COS(T33) -> 1.7159537e-06 | S33: =DEGREES(T33) -> 2.0071978 | T33: 0.035032209 | U33: 0.0033475941 | V33: =DEGREES(U33) -> 0.19180301 | W33: =-0.5*G$26*C$5*J33^2*(C$8+(C$3^2)*(U33-C$6)^2/(PI()*C$7))+K33/J33*COS(U33-C$1)-C$12*(C$14+G$29*(J$36-J33)/(J$36-J$22))*SIN(T33) -> 1.7124557e-07 | X33: =Q33 -> 12
J34: =J$22+Q33*G$31 -> 39.85158 | K34: ='Nr(V)'!C82 -> 41607.813 | L34: =K34/J34 -> 1044.0693 | M34: =V34 -> -0.15070426 | N34: =S34 -> 1.2485077 | O34: =J34*SIN(RADIANS(N34)) -> 0.86831996 | P34: =(K34/1000)/(O34*3600) -> 0.013310446 | Q34: 13 | R34: =0.5*G$26*C$5*C$3*(U34-C$6)*J34^2+K34/J34*SIN(U34-C$1)-C$12*(C$14+G$29*(J$36-J34)/(J$36-J$22))*COS(T34) -> 6.2448453e-07 | S34: =DEGREES(T34) -> 1.2485077 | T34: 0.021790571 | U34: -0.0026302855 | V34: =DEGREES(U34) -> -0.15070426 | W34: =-0.5*G$26*C$5*J34^2*(C$8+(C$3^2)*(U34-C$6)^2/(PI()*C$7))+K34/J34*COS(U34-C$1)-C$12*(C$14+G$29*(J$36-J34)/(J$36-J$22))*SIN(T34) -> 5.8993606e-08 | X34: =Q34 -> 13
J35: =J$22+Q34*G$31 -> 41.42579 | K35: ='Nr(V)'!C85 -> 40724.11 | L35: =K35/J35 -> 983.06175 | M35: =V35 -> -0.45513211 | N35: =S35 -> 0.26734524 | O35: =J35*SIN(RADIANS(N35)) -> 0.1932943 | P35: =(K35/1000)/(O35*3600) -> 0.058523467 | Q35: 14 | R35: =0.5*G$26*C$5*C$3*(U35-C$6)*J35^2+K35/J35*SIN(U35-C$1)-C$12*(C$14+G$29*(J$36-J35)/(J$36-J$22))*COS(T35) -> 4.5274646e-09 | S35: =DEGREES(T35) -> 0.26734524 | T35: 0.0046660548 | U35: -0.0079435538 | V35: =DEGREES(U35) -> -0.45513211 | W35: =-0.5*G$26*C$5*J35^2*(C$8+(C$3^2)*(U35-C$6)^2/(PI()*C$7))+K35/J35*COS(U35-C$1)-C$12*(C$14+G$29*(J$36-J35)/(J$36-J$22))*SIN(T35) -> -2.3138824e-11 | X35: =Q35 -> 14
J36: =J18 -> 43 | K36: ='Nr(V)'!C88 -> 39369.594 | L36: =K36/J36 -> 915.57194 | M36: =V36 -> -0.72731147 | N36: =S36 -> -0.83165417 | O36: =J36*SIN(RADIANS(N36)) -> -0.62412754 | P36: =(K36/1000)/(O36*3600) -> -0.017522057 | Q36: 15 | R36: =0.5*G$26*C$5*C$3*(U36-C$6)*J36^2+K36/J36*SIN(U36-C$1)-C$12*(C$14+G$29*(J$36-J36)/(J$36-J$22))*COS(T36) -> -4.7646417e-05 | S36: =DEGREES(T36) -> -0.83165417 | T36: -0.014515104 | U36: -0.01269398 | V36: =DEGREES(U36) -> -0.72731147 | W36: =-0.5*G$26*C$5*J36^2*(C$8+(C$3^2)*(U36-C$6)^2/(PI()*C$7))+K36/J36*COS(U36-C$1)-C$12*(C$14+G$29*(J$36-J36)/(J$36-J$22))*SIN(T36) -> 1.3814785e-06 | X36: =Q36 -> 15
J38: Metoda ciągu, zmienna masa, h=1000m
J39: V [m/s] | K39: Nr [W] | L39: Ps [N] | M39: α [°] | N39: γ [°] | O39: w [m/s] | P39: Nr/w | R39: γ | S39: [°] | T39: [rad] | U39: [rad] | V39: [°] | W39: α
J40: =SQRT(2*(C$14+G47)*C$12/C$5/C$15/G44) -> 21.468303 | K40: ='Nr(V)'!D45 -> 27331.788 | L40: =K40/J40 -> 1273.1229 | M40: =V40 -> 10.520158 | N40: =S40 -> 3.030043 | O40: =J40*SIN(RADIANS(N40)) -> 1.1348055 | P40: =(K40/1000)/(O40*3600) -> 0.0066902773 | Q40: 1 | R40: =0.5*G$44*C$5*C$3*(U40-C$6)*J40^2+K40/J40*SIN(U40-C$1)-C$12*(C$14+G$47*(J$54-J40)/(J$54-J$40))*COS(T40) -> 0.00057037086 | S40: =DEGREES(T40) -> 3.030043 | T40: 0.052884227 | U40: 0.18361139 | V40: =DEGREES(U40) -> 10.520158 | W40: =-0.5*G$44*C$5*J40^2*(C$8+(C$3^2)*(U40-C$6)^2/(PI()*C$7))+K40/J40*COS(U40-C$1)-C$12*(C$14+G$47*(J$54-J40)/(J$54-J$40))*SIN(T40) -> 0.00012328854 | X40: =Q40 -> 1
J41: =J$40+Q40*G$49 -> 23.006281 | K41: ='Nr(V)'!D48 -> 28212.656 | L41: =K41/J41 -> 1226.3023 | M41: =V41 -> 8.6383635 | N41: =S41 -> 3.2241706 | O41: =J41*SIN(RADIANS(N41)) -> 1.2939354 | P41: =(K41/1000)/(O41*3600) -> 0.0060566 | Q41: 2 | R41: =0.5*G$44*C$5*C$3*(U41-C$6)*J41^2+K41/J41*SIN(U41-C$1)-C$12*(C$14+G$47*(J$54-J41)/(J$54-J$40))*COS(T41) -> 3.904926e-05 | S41: =DEGREES(T41) -> 3.2241706 | T41: 0.056272393 | U41: 0.15076789 | V41: =DEGREES(U41) -> 8.6383635 | W41: =-0.5*G$44*C$5*J41^2*(C$8+(C$3^2)*(U41-C$6)^2/(PI()*C$7))+K41/J41*COS(U41-C$1)-C$12*(C$14+G$47*(J$54-J41)/(J$54-J$40))*SIN(T41) -> 9.2026027e-06 | X41: =Q41 -> 2
J42: =J$40+Q41*G$49 -> 24.54426 | K42: ='Nr(V)'!D51 -> 29328.818 | L42: =K42/J42 -> 1194.9359 | M42: =V42 -> 7.0829124 | N42: =S42 -> 3.3867457 | O42: =J42*SIN(RADIANS(N42)) -> 1.4499631 | P42: =(K42/1000)/(O42*3600) -> 0.0056186903 | Q42: 3 | R42: =0.5*G$44*C$5*C$3*(U42-C$6)*J42^2+K42/J42*SIN(U42-C$1)-C$12*(C$14+G$47*(J$54-J42)/(J$54-J$40))*COS(T42) -> 8.1380001e-05 | S42: =DEGREES(T42) -> 3.3867457 | T42: 0.059109863 | U42: 0.12362014 | V42: =DEGREES(U42) -> 7.0829124 | W42: =-0.5*G$44*C$5*J42^2*(C$8+(C$3^2)*(U42-C$6)^2/(PI()*C$7))+K42/J42*COS(U42-C$1)-C$12*(C$14+G$47*(J$54-J42)/(J$54-J$40))*SIN(T42) -> 1.3725068e-05 | X42: =Q42 -> 3
F43: h | G43: 1000 | H43: m | J43: =J$40+Q42*G$49 -> 26.082238 | K43: ='Nr(V)'!D54 -> 30386.246 | L43: =K43/J43 -> 1165.0168 | M43: =V43 -> 5.7880239 | N43: =S43 -> 3.428502 | O43: =J43*SIN(RADIANS(N43)) -> 1.5597946 | P43: =(K43/1000)/(O43*3600) -> 0.0054113687 | Q43: 4 | R43: =0.5*G$44*C$5*C$3*(U43-C$6)*J43^2+K43/J43*SIN(U43-C$1)-C$12*(C$14+G$47*(J$54-J43)/(J$54-J$40))*COS(T43) -> 5.9980708e-05 | S43: =DEGREES(T43) -> 3.428502 | T43: 0.059838648 | U43: 0.10102007 | V43: =DEGREES(U43) -> 5.7880239 | W43: =-0.5*G$44*C$5*J43^2*(C$8+(C$3^2)*(U43-C$6)^2/(PI()*C$7))+K43/J43*COS(U43-C$1)-C$12*(C$14+G$47*(J$54-J43)/(J$54-J$40))*SIN(T43) -> 8.6533785e-06 | X43: =Q43 -> 4
F44: ρh | G44: =C$11*(1-G43/44300)^4.256 -> 1.1120173 | H44: kg/m3 | J44: =J$40+Q43*G$49 -> 27.620216 | K44: ='Nr(V)'!D57 -> 31737.702 | L44: =K44/J44 -> 1149.0751 | M44: =V44 -> 4.6978068 | N44: =S44 -> 3.4802123 | O44: =J44*SIN(RADIANS(N44)) -> 1.6766526 | P44: =(K44/1000)/(O44*3600) -> 0.0052581126 | Q44: 5 | R44: =0.5*G$44*C$5*C$3*(U44-C$6)*J44^2+K44/J44*SIN(U44-C$1)-C$12*(C$14+G$47*(J$54-J44)/(J$54-J$40))*COS(T44) -> 0.00010291166 | S44: =DEGREES(T44) -> 3.4802123 | T44: 0.060741163 | U44: 0.081992197 | V44: =DEGREES(U44) -> 4.6978068 | W44: =-0.5*G$44*C$5*J44^2*(C$8+(C$3^2)*(U44-C$6)^2/(PI()*C$7))+K44/J44*COS(U44-C$1)-C$12*(C$14+G$47*(J$54-J44)/(J$54-J$40))*SIN(T44) -> 1.3041449e-05 | X44: =Q44 -> 5
F45: Nh | G45: =C$4*((G44/C$11)-C$10)/(1-C$10) -> 52647.131 | H45: W | J45: =J$40+Q44*G$49 -> 29.158195 | K45: ='Nr(V)'!D60 -> 32795.04 | L45: =K45/J45 -> 1124.7281 | M45: =V45 -> 3.7754198 | N45: =S45 -> 3.3651946 | O45: =J45*SIN(RADIANS(N45)) -> 1.711585 | P45: =(K45/1000)/(O45*3600) -> 0.0053223963 | Q45: 6 | R45: =0.5*G$44*C$5*C$3*(U45-C$6)*J45^2+K45/J45*SIN(U45-C$1)-C$12*(C$14+G$47*(J$54-J45)/(J$54-J$40))*COS(T45) -> 1.4863017e-06 | S45: =DEGREES(T45) -> 3.3651946 | T45: 0.058733726 | U45: 0.065893506 | V45: =DEGREES(U45) -> 3.7754198 | W45: =-0.5*G$44*C$5*J45^2*(C$8+(C$3^2)*(U45-C$6)^2/(PI()*C$7))+K45/J45*COS(U45-C$1)-C$12*(C$14+G$47*(J$54-J45)/(J$54-J$40))*SIN(T45) -> 2.8480201e-08 | X45: =Q45 -> 6
F46: CN | G46: =G45/G44/C$9^3/C$2^5 -> 0.050824663 | H46: - | J46: =J$40+Q45*G$49 -> 30.696173 | K46: ='Nr(V)'!D64 -> 34028.444 | L46: =K46/J46 -> 1108.5566 | M46: =V46 -> 2.9867696 | N46: =S46 -> 3.240128 | O46: =J46*SIN(RADIANS(N46)) -> 1.7349712 | P46: =(K46/1000)/(O46*3600) -> 0.0054481282 | Q46: 7 | R46: =0.5*G$44*C$5*C$3*(U46-C$6)*J46^2+K46/J46*SIN(U46-C$1)-C$12*(C$14+G$47*(J$54-J46)/(J$54-J$40))*COS(T46) -> -3.1377567e-10 | S46: =DEGREES(T46) -> 3.240128 | T46: 0.056550902 | U46: 0.052128964 | V46: =DEGREES(U46) -> 2.9867696 | W46: =-0.5*G$44*C$5*J46^2*(C$8+(C$3^2)*(U46-C$6)^2/(PI()*C$7))+K46/J46*COS(U46-C$1)-C$12*(C$14+G$47*(J$54-J46)/(J$54-J$40))*SIN(T46) -> -3.126388e-12 | X46: =Q46 -> 7
F47: mp | G47: =G29-G30 -> 88.587894 | H47: kg | J47: =J$40+Q46*G$49 -> 32.234151 | K47: ='Nr(V)'!D67 -> 35026.824 | L47: =K47/J47 -> 1086.6371 | M47: =V47 -> 2.3088529 | N47: =S47 -> 2.9926142 | O47: =J47*SIN(RADIANS(N47)) -> 1.6828556 | P47: =(K47/1000)/(O47*3600) -> 0.0057816447 | Q47: 8 | R47: =0.5*G$44*C$5*C$3*(U47-C$6)*J47^2+K47/J47*SIN(U47-C$1)-C$12*(C$14+G$47*(J$54-J47)/(J$54-J$40))*COS(T47) -> -1.3915269e-10 | S47: =DEGREES(T47) -> 2.9926142 | T47: 0.052230971 | U47: 0.040297085 | V47: =DEGREES(U47) -> 2.3088529 | W47: =-0.5*G$44*C$5*J47^2*(C$8+(C$3^2)*(U47-C$6)^2/(PI()*C$7))+K47/J47*COS(U47-C$1)-C$12*(C$14+G$47*(J$54-J47)/(J$54-J$40))*SIN(T47) -> -1.5916157e-12 | X47: =Q47 -> 8
F48: dmp | G48: {=C$16*(G61-G43)*MIN(IF(P40:P54>0,P40:P54))} -> 0.82347302 | H48: kg | J48: =J$40+Q47*G$49 -> 33.77213 | K48: ='Nr(V)'!D70 -> 35907.872 | L48: =K48/J48 -> 1063.2398 | M48: =V48 -> 1.7217473 | N48: =S48 -> 2.6667839 | O48: =J48*SIN(RADIANS(N48)) -> 1.5713279 | P48: =(K48/1000)/(O48*3600) -> 0.0063477576 | Q48: 9 | R48: =0.5*G$44*C$5*C$3*(U48-C$6)*J48^2+K48/J48*SIN(U48-C$1)-C$12*(C$14+G$47*(J$54-J48)/(J$54-J$40))*COS(T48) -> 1.4726254e-05 | S48: =DEGREES(T48) -> 2.6667839 | T48: 0.04654416 | U48: 0.03005016 | V48: =DEGREES(U48) -> 1.7217473 | W48: =-0.5*G$44*C$5*J48^2*(C$8+(C$3^2)*(U48-C$6)^2/(PI()*C$7))+K48/J48*COS(U48-C$1)-C$12*(C$14+G$47*(J$54-J48)/(J$54-J$40))*SIN(T48) -> 1.330488e-06 | X48: =Q48 -> 9
F49: v | G49: =(J54-J40)/Q53 -> 1.5379784 | H49: m/s | J49: =J$40+Q48*G$49 -> 35.310108 | K49: ='Nr(V)'!D73 -> 37023.988 | L49: =K49/J49 -> 1048.538 | M49: =V49 -> 1.2097326 | N49: =S49 -> 2.3592961 | O49: =J49*SIN(RADIANS(N49)) -> 1.4535706 | P49: =(K49/1000)/(O49*3600) -> 0.0070752954 | Q49: 10 | R49: =0.5*G$44*C$5*C$3*(U49-C$6)*J49^2+K49/J49*SIN(U49-C$1)-C$12*(C$14+G$47*(J$54-J49)/(J$54-J$40))*COS(T49) -> 5.5294004e-06 | S49: =DEGREES(T49) -> 2.3592961 | T49: 0.041177485 | U49: 0.021113818 | V49: =DEGREES(U49) -> 1.2097326 | W49: =-0.5*G$44*C$5*J49^2*(C$8+(C$3^2)*(U49-C$6)^2/(PI()*C$7))+K49/J49*COS(U49-C$1)-C$12*(C$14+G$47*(J$54-J49)/(J$54-J$40))*SIN(T49) -> 4.9034026e-07 | X49: =Q49 -> 10
J50: =J$40+Q49*G$49 -> 36.848087 | K50: ='Nr(V)'!D76 -> 38140.195 | L50: =K50/J50 -> 1035.0658 | M50: =V50 -> 0.76107928 | N50: =S50 -> 2.0084839 | O50: =J50*SIN(RADIANS(N50)) -> 1.2914325 | P50: =(K50/1000)/(O50*3600) -> 0.0082036798 | Q50: 11 | R50: =0.5*G$44*C$5*C$3*(U50-C$6)*J50^2+K50/J50*SIN(U50-C$1)-C$12*(C$14+G$47*(J$54-J50)/(J$54-J$40))*COS(T50) -> 3.0181182e-06 | S50: =DEGREES(T50) -> 2.0084839 | T50: 0.035054657 | U50: 0.013283339 | V50: =DEGREES(U50) -> 0.76107928 | W50: =-0.5*G$44*C$5*J50^2*(C$8+(C$3^2)*(U50-C$6)^2/(PI()*C$7))+K50/J50*COS(U50-C$1)-C$12*(C$14+G$47*(J$54-J50)/(J$54-J$40))*SIN(T50) -> 3.030722e-07 | X50: =Q50 -> 11
J51: =J$40+Q50*G$49 -> 38.386065 | K51: ='Nr(V)'!D79 -> 39197.444 | L51: =K51/J51 -> 1021.1373 | M51: =V51 -> 0.36591255 | N51: =S51 -> 1.602384 | O51: =J51*SIN(RADIANS(N51)) -> 1.0733984 | P51: =(K51/1000)/(O51*3600) -> 0.010143651 | Q51: 12 | R51: =0.5*G$44*C$5*C$3*(U51-C$6)*J51^2+K51/J51*SIN(U51-C$1)-C$12*(C$14+G$47*(J$54-J51)/(J$54-J$40))*COS(T51) -> 4.4341505e-07 | S51: =DEGREES(T51) -> 1.602384 | T51: 0.027966877 | U51: 0.0063863787 | V51: =DEGREES(U51) -> 0.36591255 | W51: =-0.5*G$44*C$5*J51^2*(C$8+(C$3^2)*(U51-C$6)^2/(PI()*C$7))+K51/J51*COS(U51-C$1)-C$12*(C$14+G$47*(J$54-J51)/(J$54-J$40))*SIN(T51) -> 8.0074528e-08 | X51: =Q51 -> 12
J52: =J$40+Q51*G$49 -> 39.924043 | K52: ='Nr(V)'!D82 -> 39372.519 | L52: =K52/J52 -> 986.18566 | M52: =V52 -> 0.016142271 | N52: =S52 -> 0.95338798 | O52: =J52*SIN(RADIANS(N52)) -> 0.66429581 | P52: =(K52/1000)/(O52*3600) -> 0.016463766 | Q52: 13 | R52: =0.5*G$44*C$5*C$3*(U52-C$6)*J52^2+K52/J52*SIN(U52-C$1)-C$12*(C$14+G$47*(J$54-J52)/(J$54-J$40))*COS(T52) -> 5.9758167e-07 | S52: =DEGREES(T52) -> 0.95338798 | T52: 0.016639759 | U52: 0.00028173578 | V52: =DEGREES(U52) -> 0.016142271 | W52: =-0.5*G$44*C$5*J52^2*(C$8+(C$3^2)*(U52-C$6)^2/(PI()*C$7))+K52/J52*COS(U52-C$1)-C$12*(C$14+G$47*(J$54-J52)/(J$54-J$40))*SIN(T52) -> 6.4549155e-08 | X52: =Q52 -> 13
J53: =J$40+Q52*G$49 -> 41.462022 | K53: ='Nr(V)'!D85 -> 38900.536 | L53: =K53/J53 -> 938.22091 | M53: =V53 -> -0.29540374 | N53: =S53 -> 0.13260932 | O53: =J53*SIN(RADIANS(N53)) -> 0.09596249 | P53: =(K53/1000)/(O53*3600) -> 0.11260342 | Q53: 14 | R53: =0.5*G$44*C$5*C$3*(U53-C$6)*J53^2+K53/J53*SIN(U53-C$1)-C$12*(C$14+G$47*(J$54-J53)/(J$54-J$40))*COS(T53) -> 5.3069016e-09 | S53: =DEGREES(T53) -> 0.13260932 | T53: 0.0023144693 | U53: -0.005155768 | V53: =DEGREES(U53) -> -0.29540374 | W53: =-0.5*G$44*C$5*J53^2*(C$8+(C$3^2)*(U53-C$6)^2/(PI()*C$7))+K53/J53*COS(U53-C$1)-C$12*(C$14+G$47*(J$54-J53)/(J$54-J$40))*SIN(T53) -> -1.2047252e-11 | X53: =Q53 -> 14
J54: =J36 -> 43 | K54: ='Nr(V)'!D88 -> 37604.888 | L54: =K54/J54 -> 874.53227 | M54: =V54 -> -0.57457925 | N54: =S54 -> -0.88784037 | O54: =J54*SIN(RADIANS(N54)) -> -0.66629005 | P54: =(K54/1000)/(O54*3600) -> -0.01567756 | Q54: 15 | R54: =0.5*G$44*C$5*C$3*(U54-C$6)*J54^2+K54/J54*SIN(U54-C$1)-C$12*(C$14+G$47*(J$54-J54)/(J$54-J$40))*COS(T54) -> -2.8557852e-05 | S54: =DEGREES(T54) -> -0.88784037 | T54: -0.015495738 | U54: -0.0100283 | V54: =DEGREES(U54) -> -0.57457925 | W54: =-0.5*G$44*C$5*J54^2*(C$8+(C$3^2)*(U54-C$6)^2/(PI()*C$7))+K54/J54*COS(U54-C$1)-C$12*(C$14+G$47*(J$54-J54)/(J$54-J$40))*SIN(T54) -> 3.4935506e-07 | X54: =Q54 -> 15
J56: Metoda ciągu, zmienna masa, h=1500m
J57: V [m/s] | K57: Nr [W] | L57: Ps [N] | M57: α [°] | N57: γ [°] | O57: w [m/s] | P57: Nr/w | R57: γ | S57: [°] | T57: [rad] | U57: [rad] | V57: [°] | W57: α
J58: =SQRT(2*(C$14+G65)*C$12/C$5/C$15/G62) -> 21.992729 | K58: ='Nr(V)'!E46 -> 25978.442 | L58: =K58/J58 -> 1181.2287 | M58: =V58 -> 10.559507 | N58: =S58 -> 2.2613904 | O58: =J58*SIN(RADIANS(N58)) -> 0.86779926 | P58: =(K58/1000)/(O58*3600) -> 0.0083155566 | Q58: 1 | R58: =0.5*G$62*C$5*C$3*(U58-C$6)*J58^2+K58/J58*SIN(U58-C$1)-C$12*(C$14+G$65*(J$72-J58)/(J$72-J$58))*COS(T58) -> 0.00024177266 | S58: =DEGREES(T58) -> 2.2613904 | T58: 0.039468709 | U58: 0.18429817 | V58: =DEGREES(U58) -> 10.559507 | W58: =-0.5*G$62*C$5*J58^2*(C$8+(C$3^2)*(U58-C$6)^2/(PI()*C$7))+K58/J58*COS(U58-C$1)-C$12*(C$14+G$65*(J$72-J58)/(J$72-J$58))*SIN(T58) -> 5.459589e-05 | X58: =Q58 -> 1
J59: =J$58+Q58*G$67 -> 23.42182 | K59: ='Nr(V)'!E49 -> 26682.839 | L59: =K59/J59 -> 1139.23 | M59: =V59 -> 8.8188661 | N59: =S59 -> 2.4558592 | O59: =J59*SIN(RADIANS(N59)) -> 1.0036181 | P59: =(K59/1000)/(O59*3600) -> 0.0073851798 | Q59: 2 | R59: =0.5*G$62*C$5*C$3*(U59-C$6)*J59^2+K59/J59*SIN(U59-C$1)-C$12*(C$14+G$65*(J$72-J59)/(J$72-J$58))*COS(T59) -> 1.0067641e-05 | S59: =DEGREES(T59) -> 2.4558592 | T59: 0.042862828 | U59: 0.15391825 | V59: =DEGREES(U59) -> 8.8188661 | W59: =-0.5*G$62*C$5*J59^2*(C$8+(C$3^2)*(U59-C$6)^2/(PI()*C$7))+K59/J59*COS(U59-C$1)-C$12*(C$14+G$65*(J$72-J59)/(J$72-J$58))*SIN(T59) -> 3.5916726e-06 | X59: =Q59 -> 2
J60: =J$58+Q59*G$67 -> 24.85091 | K60: ='Nr(V)'!E52 -> 27857.914 | L60: =K60/J60 -> 1121.0018 | M60: =V60 -> 7.3541791 | N60: =S60 -> 2.7142873 | O60: =J60*SIN(RADIANS(N60)) -> 1.1768281 | P60: =(K60/1000)/(O60*3600) -> 0.0065755649 | Q60: 3 | R60: =0.5*G$62*C$5*C$3*(U60-C$6)*J60^2+K60/J60*SIN(U60-C$1)-C$12*(C$14+G$65*(J$72-J60)/(J$72-J$58))*COS(T60) -> 6.0354812e-05 | S60: =DEGREES(T60) -> 2.7142873 | T60: 0.04737325 | U60: 0.12835464 | V60: =DEGREES(U60) -> 7.3541791 | W60: =-0.5*G$62*C$5*J60^2*(C$8+(C$3^2)*(U60-C$6)^2/(PI()*C$7))+K60/J60*COS(U60-C$1)-C$12*(C$14+G$65*(J$72-J60)/(J$72-J$58))*SIN(T60) -> 1.2380272e-05 | X60: =Q60 -> 3
F61: h | G61: 1500 | H61: m | J61: =J$58+Q60*G$67 -> 26.280001 | K61: ='Nr(V)'!E55 -> 29032.945 | L61: =K61/J61 -> 1104.7543 | M61: =V61 -> 6.1173547 | N61: =S61 -> 2.8755123 | O61: =J61*SIN(RADIANS(N61)) -> 1.318365 | P61: =(K61/1000)/(O61*3600) -> 0.0061172036 | Q61: 4 | R61: =0.5*G$62*C$5*C$3*(U61-C$6)*J61^2+K61/J61*SIN(U61-C$1)-C$12*(C$14+G$65*(J$72-J61)/(J$72-J$58))*COS(T61) -> 0.00010702099 | S61: =DEGREES(T61) -> 2.8755123 | T61: 0.050187158 | U61: 0.10676798 | V61: =DEGREES(U61) -> 6.1173547 | W61: =-0.5*G$62*C$5*J61^2*(C$8+(C$3^2)*(U61-C$6)^2/(PI()*C$7))+K61/J61*COS(U61-C$1)-C$12*(C$14+G$65*(J$72-J61)/(J$72-J$58))*SIN(T61) -> 1.6827152e-05 | X61: =Q61 -> 4
F62: ρh | G62: =C$11*(1-G61/44300)^4.256 -> 1.0583851 | H62: kg/m3 | J62: =J$58+Q61*G$67 -> 27.709092 | K62: ='Nr(V)'!E58 -> 30031.37 | L62: =K62/J62 -> 1083.8092 | M62: =V62 -> 5.0656064 | N62: =S62 -> 2.8996771 | O62: =J62*SIN(RADIANS(N62)) -> 1.4017285 | P62: =(K62/1000)/(O62*3600) -> 0.0059512576 | Q62: 5 | R62: =0.5*G$62*C$5*C$3*(U62-C$6)*J62^2+K62/J62*SIN(U62-C$1)-C$12*(C$14+G$65*(J$72-J62)/(J$72-J$58))*COS(T62) -> -5.3927124e-07 | S62: =DEGREES(T62) -> 2.8996771 | T62: 0.050608912 | U62: 0.08841151 | V62: =DEGREES(U62) -> 5.0656064 | W62: =-0.5*G$62*C$5*J62^2*(C$8+(C$3^2)*(U62-C$6)^2/(PI()*C$7))+K62/J62*COS(U62-C$1)-C$12*(C$14+G$65*(J$72-J62)/(J$72-J$58))*SIN(T62) -> -8.6039336e-09 | X62: =Q62 -> 5
F63: Nh | G63: =C$4*((G62/C$11)-C$10)/(1-C$10) -> 49644.752 | H63: W | J63: =J$58+Q62*G$67 -> 29.138183 | K63: ='Nr(V)'!E60 -> 30971.466 | L63: =K63/J63 -> 1062.9169 | M63: =V63 -> 4.1636566 | N63: =S63 -> 2.8410079 | O63: =J63*SIN(RADIANS(N63)) -> 1.4442231 | P63: =(K63/1000)/(O63*3600) -> 0.0059569639 | Q63: 6 | R63: =0.5*G$62*C$5*C$3*(U63-C$6)*J63^2+K63/J63*SIN(U63-C$1)-C$12*(C$14+G$65*(J$72-J63)/(J$72-J$58))*COS(T63) -> 7.7078766e-08 | S63: =DEGREES(T63) -> 2.8410079 | T63: 0.049584942 | U63: 0.072669517 | V63: =DEGREES(U63) -> 4.1636566 | W63: =-0.5*G$62*C$5*J63^2*(C$8+(C$3^2)*(U63-C$6)^2/(PI()*C$7))+K63/J63*COS(U63-C$1)-C$12*(C$14+G$65*(J$72-J63)/(J$72-J$58))*SIN(T63) -> 7.0974693e-10 | X63: =Q63 -> 6
F64: CN | G64: =G63/G62/C$9^3/C$2^5 -> 0.050354809 | H64: - | J64: =J$58+Q63*G$67 -> 30.567274 | K64: ='Nr(V)'!E63 -> 31734.867 | L64: =K64/J64 -> 1038.1975 | M64: =V64 -> 3.3852277 | N64: =S64 -> 2.6757836 | O64: =J64*SIN(RADIANS(N64)) -> 1.4270105 | P64: =(K64/1000)/(O64*3600) -> 0.0061774182 | Q64: 7 | R64: =0.5*G$62*C$5*C$3*(U64-C$6)*J64^2+K64/J64*SIN(U64-C$1)-C$12*(C$14+G$65*(J$72-J64)/(J$72-J$58))*COS(T64) -> 8.1365488e-07 | S64: =DEGREES(T64) -> 2.6757836 | T64: 0.046701233 | U64: 0.059083369 | V64: =DEGREES(U64) -> 3.3852277 | W64: =-0.5*G$62*C$5*J64^2*(C$8+(C$3^2)*(U64-C$6)^2/(PI()*C$7))+K64/J64*COS(U64-C$1)-C$12*(C$14+G$65*(J$72-J64)/(J$72-J$58))*SIN(T64) -> 8.2688416e-09 | X64: =Q64 -> 7
F65: mp | G65: =G47-G48 -> 87.764421 | H65: kg | J65: =J$58+Q64*G$67 -> 31.996364 | K65: ='Nr(V)'!E66 -> 32615.734 | L65: =K65/J65 -> 1019.3575 | M65: =V65 -> 2.7082701 | N65: =S65 -> 2.4972969 | O65: =J65*SIN(RADIANS(N65)) -> 1.3941537 | P65: =(K65/1000)/(O65*3600) -> 0.006498513 | Q65: 8 | R65: =0.5*G$62*C$5*C$3*(U65-C$6)*J65^2+K65/J65*SIN(U65-C$1)-C$12*(C$14+G$65*(J$72-J65)/(J$72-J$58))*COS(T65) -> 6.5386575e-07 | S65: =DEGREES(T65) -> 2.4972969 | T65: 0.043586054 | U65: 0.04726823 | V65: =DEGREES(U65) -> 2.7082701 | W65: =-0.5*G$62*C$5*J65^2*(C$8+(C$3^2)*(U65-C$6)^2/(PI()*C$7))+K65/J65*COS(U65-C$1)-C$12*(C$14+G$65*(J$72-J65)/(J$72-J$58))*SIN(T65) -> 7.897313e-09 | X65: =Q65 -> 8
F66: dmp | G66: {=C$16*(G79-G61)*MIN(IF(P58:P72>0,P58:P72))} -> 0.93202645 | H66: kg | J66: =J$58+Q65*G$67 -> 33.425455 | K66: ='Nr(V)'!E69 -> 33614.204 | L66: =K66/J66 -> 1005.6469 | M66: =V66 -> 2.1163912 | N66: =S66 -> 2.3062708 | O66: =J66*SIN(RADIANS(N66)) -> 1.3450787 | P66: =(K66/1000)/(O66*3600) -> 0.0069418084 | Q66: 9 | R66: =0.5*G$62*C$5*C$3*(U66-C$6)*J66^2+K66/J66*SIN(U66-C$1)-C$12*(C$14+G$65*(J$72-J66)/(J$72-J$58))*COS(T66) -> 1.5659134e-07 | S66: =DEGREES(T66) -> 2.3062708 | T66: 0.040252018 | U66: 0.036937995 | V66: =DEGREES(U66) -> 2.1163912 | W66: =-0.5*G$62*C$5*J66^2*(C$8+(C$3^2)*(U66-C$6)^2/(PI()*C$7))+K66/J66*COS(U66-C$1)-C$12*(C$14+G$65*(J$72-J66)/(J$72-J$58))*SIN(T66) -> 1.6643753e-09 | X66: =Q66 -> 9
F67: v | G67: =(J72-J58)/Q71 -> 1.4290908 | H67: m/s | J67: =J$58+Q66*G$67 -> 34.854546 | K67: ='Nr(V)'!E72 -> 34789.324 | L67: =K67/J67 -> 998.12875 | M67: =V67 -> 1.5962251 | N67: =S67 -> 2.1182657 | O67: =J67*SIN(RADIANS(N67)) -> 1.2883038 | P67: =(K67/1000)/(O67*3600) -> 0.0075011042 | Q67: 10 | R67: =0.5*G$62*C$5*C$3*(U67-C$6)*J67^2+K67/J67*SIN(U67-C$1)-C$12*(C$14+G$65*(J$72-J67)/(J$72-J$58))*COS(T67) -> 1.1796665e-06 | S67: =DEGREES(T67) -> 2.1182657 | T67: 0.036970711 | U67: 0.027859383 | V67: =DEGREES(U67) -> 1.5962251 | W67: =-0.5*G$62*C$5*J67^2*(C$8+(C$3^2)*(U67-C$6)^2/(PI()*C$7))+K67/J67*COS(U67-C$1)-C$12*(C$14+G$65*(J$72-J67)/(J$72-J$58))*SIN(T67) -> 1.1889526e-07 | X67: =Q67 -> 10
J68: =J$58+Q67*G$67 -> 36.283637 | K68: ='Nr(V)'!E75 -> 35787.749 | L68: =K68/J68 -> 986.33303 | M68: =V68 -> 1.1372444 | N68: =S68 -> 1.8434408 | O68: =J68*SIN(RADIANS(N68)) -> 1.1671924 | P68: =(K68/1000)/(O68*3600) -> 0.0085170546 | Q68: 11 | R68: =0.5*G$62*C$5*C$3*(U68-C$6)*J68^2+K68/J68*SIN(U68-C$1)-C$12*(C$14+G$65*(J$72-J68)/(J$72-J$58))*COS(T68) -> 3.4021223e-06 | S68: =DEGREES(T68) -> 1.8434408 | T68: 0.032174112 | U68: 0.019848659 | V68: =DEGREES(U68) -> 1.1372444 | W68: =-0.5*G$62*C$5*J68^2*(C$8+(C$3^2)*(U68-C$6)^2/(PI()*C$7))+K68/J68*COS(U68-C$1)-C$12*(C$14+G$65*(J$72-J68)/(J$72-J$58))*SIN(T68) -> 2.919989e-07 | X68: =Q68 -> 11
J69: =J$58+Q68*G$67 -> 37.712728 | K69: ='Nr(V)'!E77 -> 36492.641 | L69: =K69/J69 -> 967.64789 | M69: =V69 -> 0.73027923 | N69: =S69 -> 1.4598832 | O69: =J69*SIN(RADIANS(N69)) -> 0.96080763 | P69: =(K69/1000)/(O69*3600) -> 0.010550338 | Q69: 12 | R69: =0.5*G$62*C$5*C$3*(U69-C$6)*J69^2+K69/J69*SIN(U69-C$1)-C$12*(C$14+G$65*(J$72-J69)/(J$72-J$58))*COS(T69) -> 8.994266e-08 | S69: =DEGREES(T69) -> 1.4598832 | T69: 0.025479769 | U69: 0.012745777 | V69: =DEGREES(U69) -> 0.73027923 | W69: =-0.5*G$62*C$5*J69^2*(C$8+(C$3^2)*(U69-C$6)^2/(PI()*C$7))+K69/J69*COS(U69-C$1)-C$12*(C$14+G$65*(J$72-J69)/(J$72-J$58))*SIN(T69) -> 3.7806558e-10 | X69: =Q69 -> 12
J70: =J$58+Q69*G$67 -> 39.141818 | K70: ='Nr(V)'!E80 -> 37138.44 | L70: =K70/J70 -> 948.81744 | M70: =V70 -> 0.36764183 | N70: =S70 -> 1.0305215 | O70: =J70*SIN(RADIANS(N70)) -> 0.70396655 | P70: =(K70/1000)/(O70*3600) -> 0.014654437 | Q70: 13 | R70: =0.5*G$62*C$5*C$3*(U70-C$6)*J70^2+K70/J70*SIN(U70-C$1)-C$12*(C$14+G$65*(J$72-J70)/(J$72-J$58))*COS(T70) -> 1.1459633e-10 | S70: =DEGREES(T70) -> 1.0305215 | T70: 0.017985994 | U70: 0.0064165604 | V70: =DEGREES(U70) -> 0.36764183 | W70: =-0.5*G$62*C$5*J70^2*(C$8+(C$3^2)*(U70-C$6)^2/(PI()*C$7))+K70/J70*COS(U70-C$1)-C$12*(C$14+G$65*(J$72-J70)/(J$72-J$58))*SIN(T70) -> -1.1795009e-11 | X70: =Q70 -> 13
J71: =J$58+Q70*G$67 -> 40.570909 | K71: ='Nr(V)'!E83 -> 37489.716 | L71: =K71/J71 -> 924.05413 | M71: =V71 -> 0.043152895 | N71: =S71 -> 0.50304143 | O71: =J71*SIN(RADIANS(N71)) -> 0.35619702 | P71: =(K71/1000)/(O71*3600) -> 0.029236095 | Q71: 14 | R71: =0.5*G$62*C$5*C$3*(U71-C$6)*J71^2+K71/J71*SIN(U71-C$1)-C$12*(C$14+G$65*(J$72-J71)/(J$72-J$58))*COS(T71) -> 8.0446625e-08 | S71: =DEGREES(T71) -> 0.50304143 | T71: 0.0087797293 | U71: 0.0007531601 | V71: =DEGREES(U71) -> 0.043152895 | W71: =-0.5*G$62*C$5*J71^2*(C$8+(C$3^2)*(U71-C$6)^2/(PI()*C$7))+K71/J71*COS(U71-C$1)-C$12*(C$14+G$65*(J$72-J71)/(J$72-J$58))*SIN(T71) -> 1.1306177e-08 | X71: =Q71 -> 14
J72: 42 | K72: ='Nr(V)'!E86 -> 36723.435 | L72: =K72/J72 -> 874.3675 | M72: =V72 -> -0.24875135 | N72: =S72 -> -0.30151035 | O72: =J72*SIN(RADIANS(N72)) -> -0.22101761 | P72: =(K72/1000)/(O72*3600) -> -0.046154485 | Q72: 15 | R72: =0.5*G$62*C$5*C$3*(U72-C$6)*J72^2+K72/J72*SIN(U72-C$1)-C$12*(C$14+G$65*(J$72-J72)/(J$72-J$58))*COS(T72) -> -0.0014172588 | S72: =DEGREES(T72) -> -0.30151035 | T72: -0.0052623484 | U72: -0.00434153 | V72: =DEGREES(U72) -> -0.24875135 | W72: =-0.5*G$62*C$5*J72^2*(C$8+(C$3^2)*(U72-C$6)^2/(PI()*C$7))+K72/J72*COS(U72-C$1)-C$12*(C$14+G$65*(J$72-J72)/(J$72-J$58))*SIN(T72) -> 1.0799518e-05 | X72: =Q72 -> 15
J74: Metoda ciągu, zmienna masa, h=2000m
J75: V [m/s] | K75: Nr [W] | L75: Ps [N] | M75: α [°] | N75: γ [°] | O75: w [m/s] | P75: Nr/w | R75: γ | S75: [°] | T75: [rad] | U75: [rad] | V75: [°] | W75: α
J76: =SQRT(2*(C$14+G83)*C$12/C$5/C$15/G80) -> 22.534764 | K76: ='Nr(V)'!F47 -> 24566.227 | L76: =K76/J76 -> 1090.148 | M76: =V76 -> 10.596227 | N76: =S76 -> 1.5016455 | O76: =J76*SIN(RADIANS(N76)) -> 0.59053833 | P76: =(K76/1000)/(O76*3600) -> 0.011555477 | Q76: 1 | R76: =0.5*G$80*C$5*C$3*(U76-C$6)*J76^2+K76/J76*SIN(U76-C$1)-C$12*(C$14+G$83*(J$90-J76)/(J$90-J$76))*COS(T76) -> 0.00039644421 | S76: =DEGREES(T76) -> 1.5016455 | T76: 0.026208659 | U76: 0.18493905 | V76: =DEGREES(U76) -> 10.596227 | W76: =-0.5*G$80*C$5*J76^2*(C$8+(C$3^2)*(U76-C$6)^2/(PI()*C$7))+K76/J76*COS(U76-C$1)-C$12*(C$14+G$83*(J$90-J76)/(J$90-J$76))*SIN(T76) -> 8.5887458e-05 | X76: =Q76 -> 1
J77: =J$76+Q76*G$85 -> 23.925138 | K77: ='Nr(V)'!F50 -> 25564.607 | L77: =K77/J77 -> 1068.5249 | M77: =V77 -> 8.917736 | N77: =S77 -> 1.8463174 | O77: =J77*SIN(RADIANS(N77)) -> 0.77083783 | P77: =(K77/1000)/(O77*3600) -> 0.0092124172 | Q77: 2 | R77: =0.5*G$80*C$5*C$3*(U77-C$6)*J77^2+K77/J77*SIN(U77-C$1)-C$12*(C$14+G$83*(J$90-J77)/(J$90-J$76))*COS(T77) -> 0.00015907723 | S77: =DEGREES(T77) -> 1.8463174 | T77: 0.032224318 | U77: 0.15564386 | V77: =DEGREES(U77) -> 8.917736 | W77: =-0.5*G$80*C$5*J77^2*(C$8+(C$3^2)*(U77-C$6)^2/(PI()*C$7))+K77/J77*COS(U77-C$1)-C$12*(C$14+G$83*(J$90-J77)/(J$90-J$76))*SIN(T77) -> 3.2132699e-05 | X77: =Q77 -> 2
J78: =J$76+Q77*G$85 -> 25.315512 | K78: ='Nr(V)'!F53 -> 26680.814 | L78: =K78/J78 -> 1053.9314 | M78: =V78 -> 7.4997796 | N78: =S78 -> 2.1244831 | O78: =J78*SIN(RADIANS(N78)) -> 0.93846447 | P78: =(K78/1000)/(O78*3600) -> 0.0078973018 | Q78: 3 | R78: =0.5*G$80*C$5*C$3*(U78-C$6)*J78^2+K78/J78*SIN(U78-C$1)-C$12*(C$14+G$83*(J$90-J78)/(J$90-J$76))*COS(T78) -> 0.00011483578 | S78: =DEGREES(T78) -> 2.1244831 | T78: 0.037079224 | U78: 0.13089585 | V78: =DEGREES(U78) -> 7.4997796 | W78: =-0.5*G$80*C$5*J78^2*(C$8+(C$3^2)*(U78-C$6)^2/(PI()*C$7))+K78/J78*COS(U78-C$1)-C$12*(C$14+G$83*(J$90-J78)/(J$90-J$76))*SIN(T78) -> 2.0708702e-05 | X78: =Q78 -> 3
F79: h | G79: 2000 | H79: m | J79: =J$76+Q78*G$85 -> 26.705886 | K79: ='Nr(V)'!F55 -> 27268.149 | L79: =K79/J79 -> 1021.0539 | M79: =V79 -> 6.2977094 | N79: =S79 -> 2.1397121 | O79: =J79*SIN(RADIANS(N79)) -> 0.99710009 | P79: =(K79/1000)/(O79*3600) -> 0.007596515 | Q79: 4 | R79: =0.5*G$80*C$5*C$3*(U79-C$6)*J79^2+K79/J79*SIN(U79-C$1)-C$12*(C$14+G$83*(J$90-J79)/(J$90-J$76))*COS(T79) -> 1.3498284e-06 | S79: =DEGREES(T79) -> 2.1397121 | T79: 0.037345022 | U79: 0.10991576 | V79: =DEGREES(U79) -> 6.2977094 | W79: =-0.5*G$80*C$5*J79^2*(C$8+(C$3^2)*(U79-C$6)^2/(PI()*C$7))+K79/J79*COS(U79-C$1)-C$12*(C$14+G$83*(J$90-J79)/(J$90-J$76))*SIN(T79) -> 3.0032459e-07 | X79: =Q79 -> 4
F80: ρh | G80: =C$11*(1-G79/44300)^4.256 -> 1.0067547 | H80: kg/m3 | J80: =J$76+Q79*G$85 -> 28.09626 | K80: ='Nr(V)'!F58 -> 28207.795 | L80: =K80/J80 -> 1003.9697 | M80: =V80 -> 5.2645644 | N80: =S80 -> 2.2002103 | O80: =J80*SIN(RADIANS(N80)) -> 1.0786569 | P80: =(K80/1000)/(O80*3600) -> 0.0072641248 | Q80: 5 | R80: =0.5*G$80*C$5*C$3*(U80-C$6)*J80^2+K80/J80*SIN(U80-C$1)-C$12*(C$14+G$83*(J$90-J80)/(J$90-J$76))*COS(T80) -> 1.1238626e-08 | S80: =DEGREES(T80) -> 2.2002103 | T80: 0.038400915 | U80: 0.091883982 | V80: =DEGREES(U80) -> 5.2645644 | W80: =-0.5*G$80*C$5*J80^2*(C$8+(C$3^2)*(U80-C$6)^2/(PI()*C$7))+K80/J80*COS(U80-C$1)-C$12*(C$14+G$83*(J$90-J80)/(J$90-J$76))*SIN(T80) -> -1.2784085e-10 | X80: =Q80 -> 5
F81: Nh | G81: =C$4*((G80/C$11)-C$10)/(1-C$10) -> 46754.43 | H81: W | J81: =J$76+Q80*G$85 -> 29.486634 | K81: ='Nr(V)'!F61 -> 28971.286 | L81: =K81/J81 -> 982.52265 | M81: =V81 -> 4.3738828 | N81: =S81 -> 2.1448815 | O81: =J81*SIN(RADIANS(N81)) -> 1.1035815 | P81: =(K81/1000)/(O81*3600) -> 0.0072922382 | Q81: 6 | R81: =0.5*G$80*C$5*C$3*(U81-C$6)*J81^2+K81/J81*SIN(U81-C$1)-C$12*(C$14+G$83*(J$90-J81)/(J$90-J$76))*COS(T81) -> 4.9056689e-07 | S81: =DEGREES(T81) -> 2.1448815 | T81: 0.037435244 | U81: 0.076338657 | V81: =DEGREES(U81) -> 4.3738828 | W81: =-0.5*G$80*C$5*J81^2*(C$8+(C$3^2)*(U81-C$6)^2/(PI()*C$7))+K81/J81*COS(U81-C$1)-C$12*(C$14+G$83*(J$90-J81)/(J$90-J$76))*SIN(T81) -> 2.5744384e-09 | X81: =Q81 -> 6
F82: CN | G82: =G81/G80/C$9^3/C$2^5 -> 0.049855198 | H82: - | J82: =J$76+Q81*G$85 -> 30.877008 | K82: ='Nr(V)'!F64 -> 29793.15 | L82: =K82/J82 -> 964.89757 | M82: =V82 -> 3.6001787 | N82: =S82 -> 2.054356 | O82: =J82*SIN(RADIANS(N82)) -> 1.1068665 | P82: =(K82/1000)/(O82*3600) -> 0.0074768504 | Q82: 7 | R82: =0.5*G$80*C$5*C$3*(U82-C$6)*J82^2+K82/J82*SIN(U82-C$1)-C$12*(C$14+G$83*(J$90-J82)/(J$90-J$76))*COS(T82) -> 2.9926196e-07 | S82: =DEGREES(T82) -> 2.054356 | T82: 0.035855277 | U82: 0.062834972 | V82: =DEGREES(U82) -> 3.6001787 | W82: =-0.5*G$80*C$5*J82^2*(C$8+(C$3^2)*(U82-C$6)^2/(PI()*C$7))+K82/J82*COS(U82-C$1)-C$12*(C$14+G$83*(J$90-J82)/(J$90-J$76))*SIN(T82) -> 1.8157209e-09 | X82: =Q82 -> 7
F83: mp | G83: =G65-G66 -> 86.832394 | H83: kg | J83: =J$76+Q82*G$85 -> 32.267382 | K83: ='Nr(V)'!F67 -> 30850.308 | L83: =K83/J83 -> 956.0834 | M83: =V83 -> 2.9239759 | N83: =S83 -> 1.980982 | O83: =J83*SIN(RADIANS(N83)) -> 1.1154115 | P83: =(K83/1000)/(O83*3600) -> 0.0076828421 | Q83: 8 | R83: =0.5*G$80*C$5*C$3*(U83-C$6)*J83^2+K83/J83*SIN(U83-C$1)-C$12*(C$14+G$83*(J$90-J83)/(J$90-J$76))*COS(T83) -> 1.9450699e-06 | S83: =DEGREES(T83) -> 1.980982 | T83: 0.034574658 | U83: 0.051033006 | V83: =DEGREES(U83) -> 2.9239759 | W83: =-0.5*G$80*C$5*J83^2*(C$8+(C$3^2)*(U83-C$6)^2/(PI()*C$7))+K83/J83*COS(U83-C$1)-C$12*(C$14+G$83*(J$90-J83)/(J$90-J$76))*SIN(T83) -> 2.3695517e-07 | X83: =Q83 -> 8
F84: dmp | G84: {=C$16*(G97-G79)*MIN(IF(P76:P90>0,P76:P90))} -> 1.1376346 | H84: kg | J84: =J$76+Q83*G$85 -> 33.657756 | K84: ='Nr(V)'!F70 -> 31672.533 | L84: =K84/J84 -> 941.01735 | M84: =V84 -> 2.3308841 | N84: =S84 -> 1.7979134 | O84: =J84*SIN(RADIANS(N84)) -> 1.0559905 | P84: =(K84/1000)/(O84*3600) -> 0.008331444 | Q84: 9 | R84: =0.5*G$80*C$5*C$3*(U84-C$6)*J84^2+K84/J84*SIN(U84-C$1)-C$12*(C$14+G$83*(J$90-J84)/(J$90-J$76))*COS(T84) -> -6.4574124e-11 | S84: =DEGREES(T84) -> 1.7979134 | T84: 0.031379508 | U84: 0.040681602 | V84: =DEGREES(U84) -> 2.3308841 | W84: =-0.5*G$80*C$5*J84^2*(C$8+(C$3^2)*(U84-C$6)^2/(PI()*C$7))+K84/J84*COS(U84-C$1)-C$12*(C$14+G$83*(J$90-J84)/(J$90-J$76))*SIN(T84) -> -2.5579538e-13 | X84: =Q84 -> 9
F85: v | G85: =(J90-J76)/Q89 -> 1.390374 | H85: m/s | J85: =J$76+Q84*G$85 -> 35.04813 | K85: ='Nr(V)'!F72 -> 32553.85 | L85: =K85/J85 -> 928.83273 | M85: =V85 -> 1.8075186 | N85: =S85 -> 1.5906569 | O85: =J85*SIN(RADIANS(N85)) -> 0.97288822 | P85: =(K85/1000)/(O85*3600) -> 0.0092947329 | Q85: 10 | R85: =0.5*G$80*C$5*C$3*(U85-C$6)*J85^2+K85/J85*SIN(U85-C$1)-C$12*(C$14+G$83*(J$90-J85)/(J$90-J$76))*COS(T85) -> 7.0247916e-07 | S85: =DEGREES(T85) -> 1.5906569 | T85: 0.0277622 | U85: 0.03154715 | V85: =DEGREES(U85) -> 1.8075186 | W85: =-0.5*G$80*C$5*J85^2*(C$8+(C$3^2)*(U85-C$6)^2/(PI()*C$7))+K85/J85*COS(U85-C$1)-C$12*(C$14+G$83*(J$90-J85)/(J$90-J$76))*SIN(T85) -> 7.6908549e-08 | X85: =Q85 -> 10
J86: =J$76+Q85*G$85 -> 36.438504 | K86: ='Nr(V)'!F75 -> 33434.673 | L86: =K86/J86 -> 917.56437 | M86: =V86 -> 1.34365 | N86: =S86 -> 1.3456301 | O86: =J86*SIN(RADIANS(N86)) -> 0.85570424 | P86: =(K86/1000)/(O86*3600) -> 0.010853527 | Q86: 11 | R86: =0.5*G$80*C$5*C$3*(U86-C$6)*J86^2+K86/J86*SIN(U86-C$1)-C$12*(C$14+G$83*(J$90-J86)/(J$90-J$76))*COS(T86) -> 3.641394e-06 | S86: =DEGREES(T86) -> 1.3456301 | T86: 0.023485676 | U86: 0.023451117 | V86: =DEGREES(U86) -> 1.34365 | W86: =-0.5*G$80*C$5*J86^2*(C$8+(C$3^2)*(U86-C$6)^2/(PI()*C$7))+K86/J86*COS(U86-C$1)-C$12*(C$14+G$83*(J$90-J86)/(J$90-J$76))*SIN(T86) -> 3.1328554e-07 | X86: =Q86 -> 11
J87: =J$76+Q86*G$85 -> 37.828878 | K87: ='Nr(V)'!F78 -> 34315.631 | L87: =K87/J87 -> 907.1279 | M87: =V87 -> 0.93074218 | N87: =S87 -> 1.06512 | O87: =J87*SIN(RADIANS(N87)) -> 0.70319269 | P87: =(K87/1000)/(O87*3600) -> 0.013555487 | Q87: 12 | R87: =0.5*G$80*C$5*C$3*(U87-C$6)*J87^2+K87/J87*SIN(U87-C$1)-C$12*(C$14+G$83*(J$90-J87)/(J$90-J$76))*COS(T87) -> 1.2890705e-06 | S87: =DEGREES(T87) -> 1.06512 | T87: 0.018589851 | U87: 0.016244515 | V87: =DEGREES(U87) -> 0.93074218 | W87: =-0.5*G$80*C$5*J87^2*(C$8+(C$3^2)*(U87-C$6)^2/(PI()*C$7))+K87/J87*COS(U87-C$1)-C$12*(C$14+G$83*(J$90-J87)/(J$90-J$76))*SIN(T87) -> 1.1047986e-07 | X87: =Q87 -> 12
J88: =J$76+Q87*G$85 -> 39.219252 | K88: ='Nr(V)'!F80 -> 34785.409 | L88: =K88/J88 -> 886.94728 | M88: =V88 -> 0.56174829 | N88: =S88 -> 0.65384087 | O88: =J88*SIN(RADIANS(N88)) -> 0.44754768 | P88: =(K88/1000)/(O88*3600) -> 0.021590132 | Q88: 13 | R88: =0.5*G$80*C$5*C$3*(U88-C$6)*J88^2+K88/J88*SIN(U88-C$1)-C$12*(C$14+G$83*(J$90-J88)/(J$90-J$76))*COS(T88) -> 4.0927262e-09 | S88: =DEGREES(T88) -> 0.65384087 | T88: 0.011411676 | U88: 0.0098043573 | V88: =DEGREES(U88) -> 0.56174829 | W88: =-0.5*G$80*C$5*J88^2*(C$8+(C$3^2)*(U88-C$6)^2/(PI()*C$7))+K88/J88*COS(U88-C$1)-C$12*(C$14+G$83*(J$90-J88)/(J$90-J$76))*SIN(T88) -> -1.4145485e-10 | X88: =Q88 -> 13
J89: =J$76+Q88*G$85 -> 40.609626 | K89: ='Nr(V)'!F83 -> 35136.685 | L89: =K89/J89 -> 865.23045 | M89: =V89 -> 0.23053225 | N89: =S89 -> 0.18757936 | O89: =J89*SIN(RADIANS(N89)) -> 0.1329507 | P89: =(K89/1000)/(O89*3600) -> 0.0734121 | Q89: 14 | R89: =0.5*G$80*C$5*C$3*(U89-C$6)*J89^2+K89/J89*SIN(U89-C$1)-C$12*(C$14+G$83*(J$90-J89)/(J$90-J$76))*COS(T89) -> -8.1854523e-12 | S89: =DEGREES(T89) -> 0.18757936 | T89: 0.0032738775 | U89: 0.0040235467 | V89: =DEGREES(U89) -> 0.23053225 | W89: =-0.5*G$80*C$5*J89^2*(C$8+(C$3^2)*(U89-C$6)^2/(PI()*C$7))+K89/J89*COS(U89-C$1)-C$12*(C$14+G$83*(J$90-J89)/(J$90-J$76))*SIN(T89) -> -1.4900081e-11 | X89: =Q89 -> 14
J90: =J72 -> 42 | K90: ='Nr(V)'!F86 -> 34605.968 | L90: =K90/J90 -> 823.95162 | M90: =V90 -> -0.068170766 | N90: =S90 -> -0.50241436 | O90: =J90*SIN(RADIANS(N90)) -> -0.36828424 | P90: =(K90/1000)/(O90*3600) -> -0.026101494 | Q90: 15 | R90: =0.5*G$80*C$5*C$3*(U90-C$6)*J90^2+K90/J90*SIN(U90-C$1)-C$12*(C$14+G$83*(J$90-J90)/(J$90-J$76))*COS(T90) -> -0.00011463919 | S90: =DEGREES(T90) -> -0.50241436 | T90: -0.0087687848 | U90: -0.0011898043 | V90: =DEGREES(U90) -> -0.068170766 | W90: =-0.5*G$80*C$5*J90^2*(C$8+(C$3^2)*(U90-C$6)^2/(PI()*C$7))+K90/J90*COS(U90-C$1)-C$12*(C$14+G$83*(J$90-J90)/(J$90-J$76))*SIN(T90) -> 4.9583858e-07 | X90: =Q90 -> 15
J92: Metoda ciągu, zmienna masa, h=2500m
J93: V [m/s] | K93: Nr [W] | L93: Ps [N] | M93: α [°] | N93: γ [°] | O93: w [m/s] | P93: Nr/w | R93: γ | S93: [°] | T93: [rad] | U93: [rad] | V93: [°] | W93: α
J94: =SQRT(2*(C$14+G101)*C$12/C$5/C$15/G98) -> 23.093641 | K94: ='Nr(V)'!G48 -> 23212.836 | L94: =K94/J94 -> 1005.1614 | M94: =V94 -> 10.628366 | N94: =S94 -> 0.79615457 | O94: =J94*SIN(RADIANS(N94)) -> 0.32088779 | P94: =(K94/1000)/(O94*3600) -> 0.020094283 | Q94: 1 | R94: =0.5*G$98*C$5*C$3*(U94-C$6)*J94^2+K94/J94*SIN(U94-C$1)-C$12*(C$14+G$101*(J$108-J94)/(J$108-J$94))*COS(T94) -> 4.0849521e-05 | S94: =DEGREES(T94) -> 0.79615457 | T94: 0.013895519 | U94: 0.18549998 | V94: =DEGREES(U94) -> 10.628366 | W94: =-0.5*G$98*C$5*J94^2*(C$8+(C$3^2)*(U94-C$6)^2/(PI()*C$7))+K94/J94*COS(U94-C$1)-C$12*(C$14+G$101*(J$108-J94)/(J$108-J$94))*SIN(T94) -> 1.1916509e-05 | X94: =Q94 -> 1
J95: =J$94+Q94*G$103 -> 24.444095 | K95: ='Nr(V)'!G51 -> 24211.261 | L95: =K95/J95 -> 990.47481 | M95: =V95 -> 9.0175547 | N95: =S95 -> 1.1761381 | O95: =J95*SIN(RADIANS(N95)) -> 0.50174048 | P95: =(K95/1000)/(O95*3600) -> 0.013404041 | Q95: 2 | R95: =0.5*G$98*C$5*C$3*(U95-C$6)*J95^2+K95/J95*SIN(U95-C$1)-C$12*(C$14+G$101*(J$108-J95)/(J$108-J$94))*COS(T95) -> 0.00022044295 | S95: =DEGREES(T95) -> 1.1761381 | T95: 0.020527482 | U95: 0.15738602 | V95: =DEGREES(U95) -> 9.0175547 | W95: =-0.5*G$98*C$5*J95^2*(C$8+(C$3^2)*(U95-C$6)^2/(PI()*C$7))+K95/J95*COS(U95-C$1)-C$12*(C$14+G$101*(J$108-J95)/(J$108-J$94))*SIN(T95) -> 4.3898938e-05 | X95: =Q95 -> 2
J96: =J$94+Q95*G$103 -> 25.79455 | K96: ='Nr(V)'!G53 -> 24798.596 | L96: =K96/J96 -> 961.38898 | M96: =V96 -> 7.6513388 | N96: =S96 -> 1.3175917 | O96: =J96*SIN(RADIANS(N96)) -> 0.59312725 | P96: =(K96/1000)/(O96*3600) -> 0.011613863 | Q96: 3 | R96: =0.5*G$98*C$5*C$3*(U96-C$6)*J96^2+K96/J96*SIN(U96-C$1)-C$12*(C$14+G$101*(J$108-J96)/(J$108-J$94))*COS(T96) -> -2.4174369e-09 | S96: =DEGREES(T96) -> 1.3175917 | T96: 0.022996313 | U96: 0.13354105 | V96: =DEGREES(U96) -> 7.6513388 | W96: =-0.5*G$98*C$5*J96^2*(C$8+(C$3^2)*(U96-C$6)^2/(PI()*C$7))+K96/J96*COS(U96-C$1)-C$12*(C$14+G$101*(J$108-J96)/(J$108-J$94))*SIN(T96) -> -1.1652901e-12 | X96: =Q96 -> 3
F97: h | G97: 2500 | H97: m | J97: =J$94+Q96*G$103 -> 27.145004 | K97: ='Nr(V)'!G56 -> 25914.713 | L97: =K97/J97 -> 954.67707 | M97: =V97 -> 6.4760779 | N97: =S97 -> 1.5528917 | O97: =J97*SIN(RADIANS(N97)) -> 0.73562293 | P97: =(K97/1000)/(O97*3600) -> 0.0097856266 | Q97: 4 | R97: =0.5*G$98*C$5*C$3*(U97-C$6)*J97^2+K97/J97*SIN(U97-C$1)-C$12*(C$14+G$101*(J$108-J97)/(J$108-J$94))*COS(T97) -> 8.0217433e-09 | S97: =DEGREES(T97) -> 1.5528917 | T97: 0.027103072 | U97: 0.11302888 | V97: =DEGREES(U97) -> 6.4760779 | W97: =-0.5*G$98*C$5*J97^2*(C$8+(C$3^2)*(U97-C$6)^2/(PI()*C$7))+K97/J97*COS(U97-C$1)-C$12*(C$14+G$101*(J$108-J97)/(J$108-J$94))*SIN(T97) -> -4.4468607e-10 | X97: =Q97 -> 4
F98: ρh | G98: =C$11*(1-G97/44300)^4.256 -> 0.95707355 | H98: kg/m3 | J98: =J$94+Q97*G$103 -> 28.495458 | K98: ='Nr(V)'!G59 -> 26736.802 | L98: =K98/J98 -> 938.28293 | M98: =V98 -> 5.4644245 | N98: =S98 -> 1.6218374 | O98: =J98*SIN(RADIANS(N98)) -> 0.8064962 | P98: =(K98/1000)/(O98*3600) -> 0.0092088338 | Q98: 5 | R98: =0.5*G$98*C$5*C$3*(U98-C$6)*J98^2+K98/J98*SIN(U98-C$1)-C$12*(C$14+G$101*(J$108-J98)/(J$108-J$94))*COS(T98) -> 6.7366364e-06 | S98: =DEGREES(T98) -> 1.6218374 | T98: 0.028306403 | U98: 0.0953722 | V98: =DEGREES(U98) -> 5.4644245 | W98: =-0.5*G$98*C$5*J98^2*(C$8+(C$3^2)*(U98-C$6)^2/(PI()*C$7))+K98/J98*COS(U98-C$1)-C$12*(C$14+G$101*(J$108-J98)/(J$108-J$94))*SIN(T98) -> 1.1610556e-06 | X98: =Q98 -> 5
F99: Nh | G99: =C$4*((G98/C$11)-C$10)/(1-C$10) -> 43973.233 | H99: W | J99: =J$94+Q98*G$103 -> 29.845912 | K99: ='Nr(V)'!G62 -> 27676.448 | L99: =K99/J99 -> 927.31118 | M99: =V99 -> 4.5858078 | N99: =S99 -> 1.6655523 | O99: =J99*SIN(RADIANS(N99)) -> 0.86747972 | P99: =(K99/1000)/(O99*3600) -> 0.0088623424 | Q99: 6 | R99: =0.5*G$98*C$5*C$3*(U99-C$6)*J99^2+K99/J99*SIN(U99-C$1)-C$12*(C$14+G$101*(J$108-J99)/(J$108-J$94))*COS(T99) -> 8.7646413e-06 | S99: =DEGREES(T99) -> 1.6655523 | T99: 0.029069371 | U99: 0.080037446 | V99: =DEGREES(U99) -> 4.5858078 | W99: =-0.5*G$98*C$5*J99^2*(C$8+(C$3^2)*(U99-C$6)^2/(PI()*C$7))+K99/J99*COS(U99-C$1)-C$12*(C$14+G$101*(J$108-J99)/(J$108-J$94))*SIN(T99) -> 1.2984084e-06 | X99: =Q99 -> 6
F100: CN | G100: =G99/G98/C$9^3/C$2^5 -> 0.049323561 | H100: - | J100: =J$94+Q99*G$103 -> 31.196366 | K100: ='Nr(V)'!G65 -> 28381.07 | L100: =K100/J100 -> 909.75564 | M100: =V100 -> 3.8196176 | N100: =S100 -> 1.5880678 | O100: =J100*SIN(RADIANS(N100)) -> 0.86455935 | P100: =(K100/1000)/(O100*3600) -> 0.0091186691 | Q100: 7 | R100: =0.5*G$98*C$5*C$3*(U100-C$6)*J100^2+K100/J100*SIN(U100-C$1)-C$12*(C$14+G$101*(J$108-J100)/(J$108-J$94))*COS(T100) -> -1.1007705e-07 | S100: =DEGREES(T100) -> 1.5880678 | T100: 0.027717012 | U100: 0.066664904 | V100: =DEGREES(U100) -> 3.8196176 | W100: =-0.5*G$98*C$5*J100^2*(C$8+(C$3^2)*(U100-C$6)^2/(PI()*C$7))+K100/J100*COS(U100-C$1)-C$12*(C$14+G$101*(J$108-J100)/(J$108-J$94))*SIN(T100) -> -7.5220896e-10 | X100: =Q100 -> 7
F101: mp | G101: =G83-G84 -> 85.694759 | H101: kg | J101: =J$94+Q100*G$103 -> 32.546821 | K101: ='Nr(V)'!G67 -> 29203.294 | L101: =K101/J101 -> 897.27027 | M101: =V101 -> 3.1467816 | N101: =S101 -> 1.4981743 | O101: =J101*SIN(RADIANS(N101)) -> 0.85093972 | P101: =(K101/1000)/(O101*3600) -> 0.0095330211 | Q101: 8 | R101: =0.5*G$98*C$5*C$3*(U101-C$6)*J101^2+K101/J101*SIN(U101-C$1)-C$12*(C$14+G$101*(J$108-J101)/(J$108-J$94))*COS(T101) -> 1.1990323e-07 | S101: =DEGREES(T101) -> 1.4981743 | T101: 0.026148075 | U101: 0.054921699 | V101: =DEGREES(U101) -> 3.1467816 | W101: =-0.5*G$98*C$5*J101^2*(C$8+(C$3^2)*(U101-C$6)^2/(PI()*C$7))+K101/J101*COS(U101-C$1)-C$12*(C$14+G$101*(J$108-J101)/(J$108-J$94))*SIN(T101) -> 8.3502982e-11 | X101: =Q101 -> 8
F102: dmp | G102: {=C$16*(G115-G97)*MIN(IF(P94:P108>0,P94:P108))} -> 1.3879314 | H102: kg | J102: =J$94+Q101*G$103 -> 33.897275 | K102: ='Nr(V)'!G70 -> 30084.252 | L102: =K102/J102 -> 887.51242 | M102: =V102 -> 2.5532705 | N102: =S102 -> 1.3813754 | O102: =J102*SIN(RADIANS(N102)) -> 0.81716883 | P102: =(K102/1000)/(O102*3600) -> 0.010226451 | Q102: 9 | R102: =0.5*G$98*C$5*C$3*(U102-C$6)*J102^2+K102/J102*SIN(U102-C$1)-C$12*(C$14+G$101*(J$108-J102)/(J$108-J$94))*COS(T102) -> 6.4210326e-10 | S102: =DEGREES(T102) -> 1.3813754 | T102: 0.024109549 | U102: 0.044562978 | V102: =DEGREES(U102) -> 2.5532705 | W102: =-0.5*G$98*C$5*J102^2*(C$8+(C$3^2)*(U102-C$6)^2/(PI()*C$7))+K102/J102*COS(U102-C$1)-C$12*(C$14+G$101*(J$108-J102)/(J$108-J$94))*SIN(T102) -> -2.6062708e-11 | X102: =Q102 -> 9
F103: v | G103: =(J108-J94)/Q107 -> 1.3504542 | H103: m/s | J103: =J$94+Q102*G$103 -> 35.247729 | K103: ='Nr(V)'!G73 -> 30906.611 | L103: =K103/J103 -> 876.8398 | M103: =V103 -> 2.0275033 | N103: =S103 -> 1.2097605 | O103: =J103*SIN(RADIANS(N103)) -> 0.74417599 | P103: =(K103/1000)/(O103*3600) -> 0.011536478 | Q103: 10 | R103: =0.5*G$98*C$5*C$3*(U103-C$6)*J103^2+K103/J103*SIN(U103-C$1)-C$12*(C$14+G$101*(J$108-J103)/(J$108-J$94))*COS(T103) -> 4.9792106e-08 | S103: =DEGREES(T103) -> 1.2097605 | T103: 0.021114305 | U103: 0.035386609 | V103: =DEGREES(U103) -> 2.0275033 | W103: =-0.5*G$98*C$5*J103^2*(C$8+(C$3^2)*(U103-C$6)^2/(PI()*C$7))+K103/J103*COS(U103-C$1)-C$12*(C$14+G$101*(J$108-J103)/(J$108-J$94))*SIN(T103) -> -1.1795009e-11 | X103: =Q103 -> 10
J104: =J$94+Q103*G$103 -> 36.598183 | K104: ='Nr(V)'!G75 -> 31670.102 | L104: =K104/J104 -> 865.34629 | M104: =V104 -> 1.5596864 | N104: =S104 -> 0.98740816 | O104: =J104*SIN(RADIANS(N104)) -> 0.63068443 | P104: =(K104/1000)/(O104*3600) -> 0.013948736 | Q104: 11 | R104: =0.5*G$98*C$5*C$3*(U104-C$6)*J104^2+K104/J104*SIN(U104-C$1)-C$12*(C$14+G$101*(J$108-J104)/(J$108-J$94))*COS(T104) -> 1.3901627e-08 | S104: =DEGREES(T104) -> 0.98740816 | T104: 0.017233523 | U104: 0.027221663 | V104: =DEGREES(U104) -> 1.5596864 | W104: =-0.5*G$98*C$5*J104^2*(C$8+(C$3^2)*(U104-C$6)^2/(PI()*C$7))+K104/J104*COS(U104-C$1)-C$12*(C$14+G$101*(J$108-J104)/(J$108-J$94))*SIN(T104) -> -1.6711965e-11 | X104: =Q104 -> 11
J105: =J$94+Q104*G$103 -> 37.948637 | K105: ='Nr(V)'!G78 -> 32550.79 | L105: =K105/J105 -> 857.75912 | M105: =V105 -> 1.1416563 | N105: =S105 -> 0.76014222 | O105: =J105*SIN(RADIANS(N105)) -> 0.50344922 | P105: =(K105/1000)/(O105*3600) -> 0.017959877 | Q105: 12 | R105: =0.5*G$98*C$5*C$3*(U105-C$6)*J105^2+K105/J105*SIN(U105-C$1)-C$12*(C$14+G$101*(J$108-J105)/(J$108-J$94))*COS(T105) -> 4.9776645e-08 | S105: =DEGREES(T105) -> 0.76014222 | T105: 0.013266985 | U105: 0.019925662 | V105: =DEGREES(U105) -> 1.1416563 | W105: =-0.5*G$98*C$5*J105^2*(C$8+(C$3^2)*(U105-C$6)^2/(PI()*C$7))+K105/J105*COS(U105-C$1)-C$12*(C$14+G$101*(J$108-J105)/(J$108-J$94))*SIN(T105) -> 7.7885005e-09 | X105: =Q105 -> 12
...

Sheet Nr(V)
A1: h | B1: 0 | C1: 500 | D1: 1000 | E1: 1500 | F1: 2000 | G1: 2500 | H1: 3000 | I1: 3500 | J1: 4000 | K1: 4500
A2: 0 | B2: 0 | C2: 0 | D2: 0 | E2: 0 | F2: 0 | G2: 0 | H2: 0 | I2: 0 | J2: 0 | K2: 0
A3: 0.5 | B3: 587.78523 | C3: 822.98933 | D3: 764.25582 | E3: 646.60876 | F3: 528.87169 | G3: 470.18318 | H3: 705.34227 | I3: 587.78523 | J3: 293.71259 | K3: 705.29727 | M3: V | N3: mmax | O3: mśr | P3: zmien | Q3: zmien, h | R3: mmin
A4: 1 | B4: 1469.6431 | C4: 1646.0687 | D4: 1351.951 | E4: 1410.8196 | F4: 1057.8784 | G4: 1351.951 | H4: 1351.951 | I4: 1116.7019 | J4: 940.18633 | K4: 1116.7019 | M4: 0 | N4: 100 | O4: 50 | P4: 100 | Q4: 90 | R4: 0
A5: 1.5 | B5: 2527.9265 | C5: 2410.1895 | D5: 2116.1618 | E5: 2116.1618 | F5: 1822.0442 | G5: 1998.5598 | H5: 1998.3348 | I5: 1645.6186 | J5: 1527.9265 | K5: 1469.238 | M5: 100 | N5: 100 | O5: 50 | P5: 0 | Q5: 0 | R5: 0
A6: 2 | B6: 3233.3588 | C6: 3056.8432 | D6: 2821.5941 | E6: 2586.3 | F6: 2409.7844 | G6: 2527.4315 | H6: 2409.7394 | I6: 1998.0197 | J6: 1997.9747 | K6: 2056.8432
A7: 2.5 | B7: 4115.2167 | C7: 3879.8326 | D7: 3762.1855 | E7: 3291.5973 | F7: 3291.5973 | G7: 3173.9952 | H7: 2821.0991 | I7: 2468.0679 | J7: 2350.4658 | K7: 2526.9814
A8: 3 | B8: 4879.4275 | C8: 4350.0158 | D8: 4408.7493 | E8: 3820.604 | F8: 3702.9119 | G8: 3761.6904 | H8: 3291.1922 | I8: 2997.0296 | J8: 2702.9569 | K8: 2938.161
A9: 3.5 | B9: 5702.3718 | C9: 5290.6972 | D9: 5290.6521 | E9: 4408.3892 | F9: 4408.2992 | G9: 4290.6521 | H9: 3878.8874 | I9: 3643.6833 | J9: 3173.0501 | K9: 3290.7422
A10: 4 | B10: 6407.8041 | C10: 6231.2885 | D10: 6113.6865 | E10: 5466.5827 | F10: 4878.3924 | G10: 4878.4824 | H10: 4290.2471 | I10: 4113.7765 | J10: 3701.8768 | K10: 3819.6589
A11: 4.5 | B11: 6995.6794 | C11: 6936.7208 | D11: 6819.0738 | E11: 6054.4129 | F11: 5583.8697 | G11: 5466.1326 | H11: 5054.3679 | I11: 4642.6032 | J11: 4113.2814 | K11: 4230.8835
A12: 5 | B12: 7936.2708 | C12: 7524.5511 | D12: 7406.904 | E12: 6759.8002 | F12: 6348.0355 | G12: 5936.3608 | H12: 5465.6825 | I12: 4995.1393 | J12: 4700.9766 | K12: 4583.3296
A13: 5.5 | B13: 8759.2601 | C13: 8347.4504 | D13: 8112.2463 | E13: 7465.1424 | F13: 6876.9972 | G13: 6582.7895 | H13: 5935.8207 | I13: 5465.2325 | J13: 5171.0698 | K13: 4876.9072
A14: 6 | B14: 9288.2668 | C14: 9052.9727 | D14: 8582.3844 | E14: 7935.3256 | F14: 7464.6924 | G14: 7111.7062 | H14: 6582.3394 | I14: 5994.1041 | J14: 5876.4121 | K14: 5170.6647
A15: 6.5 | B15: 10052.433 | C15: 9817.1385 | D15: 9228.8582 | E15: 8640.6229 | F15: 7993.6991 | G15: 7699.4914 | H15: 7111.2111 | I15: 6758.2699 | J15: 6346.5052 | K15: 5640.6229
A16: 7 | B16: 11287.187 | C16: 10404.879 | D16: 10051.983 | E16: 9228.4531 | F16: 8816.5984 | G16: 8404.8337 | H16: 7581.3943 | I16: 7287.2316 | J16: 6934.2005 | K16: 6404.9237
A17: 7.5 | B17: 12169.135 | C17: 11110.311 | D17: 10874.927 | E17: 10227.868 | F17: 9463.2522 | G17: 8933.8404 | H17: 8345.6051 | I17: 7933.7504 | J17: 7404.4736 | K17: 6816.2384
... A114: 56 | B114: 14297.988 | C114: 13533.282 | D114: 12650.974 | E114: 12180.386 | F114: 11474.504 | G114: 10827.445 | H114: 10356.857 | I114: 9945.092 | J114: 9180.3411 | K114: 8650.9744

Sheet h=0m
A1: wysokość lotu | B1: h | C1: 0 | D1: m | I1: Metoda ciągu, m=mśr, h=0m | P1: ='Nr(V)'!A1 -> h | Q1: ='Nr(V)'!B1 -> 0
A2: Ciężar maksymalny samolotu | B2: Qmax | C2: =Podsumowanie!B9 -> 6965.1 | D2: N | I2: V [m/s] | J2: Nr [W] | K2: Ps [N] | L2: α [°] | M2: γ [°] | N2: w [m/s] | P2: ='Nr(V)'!A2 -> 0 | Q2: ='Nr(V)'!B2 -> 0
A3: kąt pochylenia osi silnika fi | B3: φ | C3: =Podsumowanie!B30 -> 0.017453293 | D3: rad | I3: =SQRT(2*C$15/C$7/C$16/C17) -> 19.885539 | J3: =Q42 -> 29215.581 | K3: =J3/I3 -> 1469.1873 | L3: =OFFSET(D23,A23-2,0,1,1) -> 10.383333 | M3: =OFFSET(D22,A23-2,0,1,1) -> 5.4301575 | N3: =I3*SIN(RADIANS(M3)) -> 1.8818145 | P3: ='Nr(V)'!A3 -> 0.5 | Q3: ='Nr(V)'!B3 -> 587.78523
A4: średnica śmigła | B4: D | C4: =Podsumowanie!B13 -> 1.8 | D4: m | I4: 22 | J4: =Q46 -> 30919.618 | K4: =J4/I4 -> 1405.4372 | L4: =OFFSET(D24,A24-2,0,1,1) -> 7.9134634 | M4: =OFFSET(D23,A24-2,0,1,1) -> 5.4839101 | N4: =I4*SIN(RADIANS(M4)) -> 2.1024568 | P4: ='Nr(V)'!A4 -> 1 | Q4: ='Nr(V)'!B4 -> 1469.6431
A5: Współczynnik kierunkowy Cz(a) | B5: a∞ | C5: =Podsumowanie!B17 -> 5.832 | D5: 1/rad | I5: 24 | J5: =Q50 -> 32329.313 | K5: =J5/I5 -> 1347.0547 | L5: =OFFSET(D25,A25-2,0,1,1) -> 6.1189324 | M5: =OFFSET(D24,A25-2,0,1,1) -> 5.2932964 | N5: =I5*SIN(RADIANS(M5)) -> 2.2140981 | P5: ='Nr(V)'!A5 -> 1.5 | Q5: ='Nr(V)'!B5 -> 2527.9265
A6: Moc silnika | B6: Nmax | C6: =Podsumowanie!B10 -> 59000 | D6: W | I6: 26 | J6: =Q54 -> 34268.689 | K6: =J6/I6 -> 1318.0265 | L6: =OFFSET(D26,A26-2,0,1,1) -> 4.6972699 | M6: =OFFSET(D25,A26-2,0,1,1) -> 5.1754179 | N6: =I6*SIN(RADIANS(M6)) -> 2.3453378 | P6: ='Nr(V)'!A6 -> 2 | Q6: ='Nr(V)'!B6 -> 3233.3588
A7: Powierzchnia nośna | B7: S | C7: =Podsumowanie!B3 -> 18 | D7: m2 | I7: 28 | J7: =Q58 -> 35972.546 | K7: =J7/I7 -> 1284.7338 | L7: =OFFSET(D27,A27-2,0,1,1) -> 3.5593866 | M7: =OFFSET(D26,A27-2,0,1,1) -> 4.870519 | N7: =I7*SIN(RADIANS(M7)) -> 2.3773191 | P7: ='Nr(V)'!A7 -> 2.5 | Q7: ='Nr(V)'!B7 -> 4115.2167
A8: Kąt zerowej siły nośnej | B8: α0 | C8: =Podsumowanie!B31 -> -0.066601764 | D8: rad | I8: 30 | J8: =Q62 -> 37500.113 | K8: =J8/I8 -> 1250.0038 | L8: =OFFSET(D28,A28-2,0,1,1) -> 2.6343041 | M8: =OFFSET(D27,A28-2,0,1,1) -> 4.4331578 | N8: =I8*SIN(RADIANS(M8)) -> 2.3188807 | P8: ='Nr(V)'!A8 -> 3 | Q8: ='Nr(V)'!B8 -> 4879.4275
A9: masa samolotu | B9: m | C9: =Podsumowanie!B7 -> 620 | D9: kg | I9: 33 | J9: =Q68 -> 39673.613 | K9: =J9/I9 -> 1202.2307 | L9: =OFFSET(D29,A29-2,0,1,1) -> 1.5399967 | M9: =OFFSET(D28,A29-2,0,1,1) -> 3.6339571 | N9: =I9*SIN(RADIANS(M9)) -> 2.0916061 | P9: ='Nr(V)'!A9 -> 3.5 | Q9: ='Nr(V)'!B9 -> 5702.3718
A10: wydłużenie Oswalda | B10: Λe | C10: =Podsumowanie!B14 -> 4.587 | D10: - | I10: 36 | J10: =Q74 -> 42141.23 | K10: =J10/I10 -> 1170.5897 | L10: =OFFSET(D30,A30-2,0,1,1) -> 0.7002188 | M10: =OFFSET(D29,A30-2,0,1,1) -> 2.7981526 | N10: =I10*SIN(RADIANS(M10)) -> 1.7574324 | P10: ='Nr(V)'!A10 -> 4 | Q10: ='Nr(V)'!B10 -> 6407.8041
A11: Minimalny Cx z danych | B11: (Cx)min | C11: =Podsumowanie!B15 -> 0.04478 | D11: - | I11: 39 | J11: =Q80 -> 44197.039 | K11: =J11/I11 -> 1133.2574 | L11: =OFFSET(D31,A31-2,0,1,1) -> 0.04240908 | M11: =OFFSET(D30,A31-2,0,1,1) -> 1.763901 | N11: =I11*SIN(RADIANS(M11)) -> 1.2004597 | P11: ='Nr(V)'!A11 -> 4.5 | Q11: ='Nr(V)'!B11 -> 6995.6794
A12: Obroty silnika | B12: ns | C12: =Podsumowanie!B12 -> 36.667 | D12: 1/s | I12: 42 | J12: =Q86 -> 42370.629 | K12: =J12/I12 -> 1008.8245 | L12: =OFFSET(D32,A32-2,0,1,1) -> -0.483918 | M12: =OFFSET(D31,A32-2,0,1,1) -> -0.15747115 | N12: =I12*SIN(RADIANS(M12)) -> -0.11543224 | P12: ='Nr(V)'!A12 -> 5 | Q12: ='Nr(V)'!B12 -> 7936.2708
A13: współczynnik korekcyjny | B13: k | C13: =Podsumowanie!B18 -> 0.14 | D13: - | I13: 44 | J13: =Q90 -> 40192.268 | K13: =J13/I13 -> 913.46063 | L13: =OFFSET(D33,A33-2,0,1,1) -> -0.78009709 | M13: =OFFSET(D32,A33-2,0,1,1) -> -1.6100224 | N13: =I13*SIN(RADIANS(M13)) -> -1.2362457 | P13: ='Nr(V)'!A13 -> 5.5 | Q13: ='Nr(V)'!B13 -> 8759.2601
A14: gęstość powietrza przy ziemii | B14: ρ | C14: =Podsumowanie!B2 -> 1.2255 | D14: kg/m3 | I14: 46 | J14: =Q94 -> 37307.89 | K14: =J14/I14 -> 811.04108 | L14: =OFFSET(D34,A34-2,0,1,1) -> -1.0412817 | M14: =OFFSET(D33,A34-2,0,1,1) -> -3.1725646 | N14: =I14*SIN(RADIANS(M14)) -> -2.5457967 | P14: ='Nr(V)'!A14 -> 6 | Q14: ='Nr(V)'!B14 -> 9288.2668
A15: Ciężar samolotu | B15: Q | C15: =Podsumowanie!B8 -> 6572.7 | D15: N | I15: 48 | J15: =Q98 -> 34070.525 | K15: =J15/I15 -> 709.80261 | L15: =OFFSET(D35,A35-2,0,1,1) -> -1.2728928 | M15: =OFFSET(D34,A35-2,0,1,1) -> -4.7726776 | N15: =I15*SIN(RADIANS(M15)) -> -3.9937268 | P15: ='Nr(V)'!A15 -> 6.5 | Q15: ='Nr(V)'!B15 -> 10052.433
A16: maksymalny współczynnik siły nośnej | B16: Czmax | C16: =Podsumowanie!B16 -> 1.507 | D16: - | I16: 50 | J16: =Q102 -> 29715.694 | K16: =J16/I16 -> 594.31388 | L16: =OFFSET(D36,A36-2,0,1,1) -> -1.4802799 | M16: =OFFSET(D35,A36-2,0,1,1) -> -6.5447488 | N16: =I16*SIN(RADIANS(M16)) -> -5.6989586 | P16: ='Nr(V)'!A16 -> 7 | Q16: ='Nr(V)'!B16 -> 11287.187
A17: gęstość powietrza na wysokości h | B17: ρh | C17: =C14*(1-C1/44300)^4.256 -> 1.2255 | D17: kg/m3 | I17: 52 | J17: =Q106 -> 24772.492 | K17: =J17/I17 -> 476.39408 | L17: =OFFSET(D37,A37-2,0,1,1) -> -1.6667116 | M17: =OFFSET(D36,A37-2,0,1,1) -> -8.3869781 | N17: =I17*SIN(RADIANS(M17)) -> -7.5846258 | P17: ='Nr(V)'!A17 -> 7.5 | Q17: ='Nr(V)'!B17 -> 12169.135
A18: Moc na wysokości przelotowej | B18: Nh | C18: =C6*((C17/C14)-C13)/(1-C13) -> 59000 | D18: W | P18: ='Nr(V)'!A18 -> 8 | Q18: ='Nr(V)'!B18 -> 13168.594
A19: Współczynnik mocy | B19: CN | C19: =C18/C17/C12^3/C4^5 -> 0.051683276 | D19: - | P19: ='Nr(V)'!A19 -> 8.5 | Q19: ='Nr(V)'!B19 -> 14050.452
F20: Metoda mocy, m=mśr, h=0m | P20: ='Nr(V)'!A20 -> 9 | Q20: ='Nr(V)'!B20 -> 14638.238
B21: Równania | C21: Kąty [rad] | D21: Kąty [deg] | F21: Cz | G21: E | H21: V [m/s] | I21: Nn [W] | J21: Nr [W] | K21: ΔN [W] | L21: w [m/s] | M21: γ [°] | N21: α [°] | P21: ='Nr(V)'!A21 -> 9.5 | Q21: ='Nr(V)'!B21 -> 15461.227
A22: 1 | B22: =-K3*COS(C22+C23-C$3)+0.5*C$17*C$7*C$5*(C23-C$8)*I3^2*SIN(C22)+0.5*C$17*C$7*(C$11+1/PI()/C$10*C$5^2*(C23-C$8)^2)*I3^2*COS(C22) -> -1.3506076e-06 | C22: 0.094774126 | D22: =DEGREES(C22) -> 5.4301575 | F22: 1.507 | G22: 80.83 | H22: =SQRT((2*C$15)/(C$7*C$17*F22)) -> 19.885539 | I22: =C$15*SQRT((2*C$15)/(C$17*C$7*G22)) -> 17846.437 | J22: =Q42 -> 29215.581 | K22: =(J22-I22) -> 11369.145 | L22: =K22/C$15 -> 1.7297526 | M22: =DEGREES(ASIN(L22/H22)) -> 4.9902058 | N22: 13.202 | P22: ='Nr(V)'!A22 -> 10 | Q22: ='Nr(V)'!B22 -> 16049.057
A23: 2 | B23: =K3*SIN(C22+C23-C$3)+0.5*C$17*C$7*C$5*(C23-C$8)*I3^2*COS(C22)-0.5*C$17*C$7*(C$11+1/PI()/C$10*C$5^2*(C23-C$8)^2)*I3^2*SIN(C22)-C$15 -> 4.03179e-09 | C23: 0.18122335 | D23: =DEGREES(C23) -> 10.383333 | F23: 1.4 | G23: 82.93 | H23: =SQRT((2*C$15)/(C$7*C$17*F23)) -> 20.631461 | I23: =C$15*SQRT((2*C$15)/(C$17*C$7*G23)) -> 17619.029 | J23: =Q43 -> 29979.747 | K23: =(J23-I23) -> 12360.718 | L23: =K23/C$15 -> 1.880615 | M23: =DEGREES(ASIN(L23/H23)) -> 5.2299291 | N23: 11.19 | P23: ='Nr(V)'!A23 -> 10.5 | Q23: ='Nr(V)'!B23 -> 16872.046
A24: 3 | B24: =-K4*COS(C24+C25-C$3)+0.5*C$17*C$7*C$5*(C25-C$8)*I4^2*SIN(C24)+0.5*C$17*C$7*(C$11+1/PI()/C$10*C$5^2*(C25-C$8)^2)*I4^2*COS(C24) -> 1.124879e-07 | C24: 0.095712287 | D24: =DEGREES(C24) -> 5.4839101 | F24: 1.2976295 | G24: 83.61 | H24: =SQRT((2*C$15)/(C$7*C$17*F24)) -> 21.429826 | I24: =C$15*SQRT((2*C$15)/(C$17*C$7*G24)) -> 17547.235 | J24: =Q44 -> 30332.373 | K24: =(J24-I24) -> 12785.138 | L24: =K24/C$15 -> 1.9451882 | M24: =DEGREES(ASIN(L24/H24)) -> 5.2079139 | N24: 9.623 | P24: ='Nr(V)'!A24 -> 11 | Q24: ='Nr(V)'!B24 -> 17577.479
A25: 4 | B25: =K4*SIN(C24+C25-C$3)+0.5*C$17*C$7*C$5*(C25-C$8)*I4^2*COS(C24)-0.5*C$17*C$7*(C$11+1/PI()/C$10*C$5^2*(C25-C$8)^2)*I4^2*SIN(C24)-C$15 -> 0 | C25: 0.13811599 | D25: =DEGREES(C25) -> 7.9134634 | F25: 1.197 | G25: 82.42 | H25: =SQRT((2*C$15)/(C$7*C$17*F25)) -> 22.312432 | I25: =C$15*SQRT((2*C$15)/(C$17*C$7*G25)) -> 17673.457 | J25: =Q46 -> 30919.618 | K25: =(J25-I25) -> 13246.162 | L25: =K25/C$15 -> 2.0153303 | M25: =DEGREES(ASIN(L25/H25)) -> 5.182201 | N25: 8.057 | P25: ='Nr(V)'!A25 -> 11.5 | Q25: ='Nr(V)'!B25 -> 18518.07
A26: 5 | B26: =-K5*COS(C26+C27-C$3)+0.5*C$17*C$7*C$5*(C27-C$8)*I5^2*SIN(C26)+0.5*C$17*C$7*(C$11+1/PI()/C$10*C$5^2*(C27-C$8)^2)*I5^2*COS(C26) -> 1.5305773e-07 | C26: 0.09238545 | D26: =DEGREES(C26) -> 5.2932964 | F26: 0.992 | G26: 77.64 | H26: =SQRT((2*C$15)/(C$7*C$17*F26)) -> 24.509709 | I26: =C$15*SQRT((2*C$15)/(C$17*C$7*G26)) -> 18209.375 | J26: =Q51 -> 32564.202 | K26: =(J26-I26) -> 14354.827 | L26: =K26/C$15 -> 2.1840076 | M26: =DEGREES(ASIN(L26/H26)) -> 5.1122848 | N26: 6.187 | P26: ='Nr(V)'!A26 -> 12 | Q26: ='Nr(V)'!B26 -> 19223.502
A27: 6 | B27: =K5*SIN(C26+C27-C$3)+0.5*C$17*C$7*C$5*(C27-C$8)*I5^2*COS(C26)-0.5*C$17*C$7*(C$11+1/PI()/C$10*C$5^2*(C27-C$8)^2)*I5^2*SIN(C26)-C$15 -> 0 | C27: 0.10679552 | D27: =DEGREES(C27) -> 6.1189324 | F27: 0.89051119 | G27: 71.59 | H27: =SQRT((2*C$15)/(C$7*C$17*F27)) -> 25.868682 | I27: =C$15*SQRT((2*C$15)/(C$17*C$7*G27)) -> 18963.2 | J27: =Q53 -> 33621.99 | K27: =(J27-I27) -> 14658.79 | L27: =K27/C$15 -> 2.230254 | M27: =DEGREES(ASIN(L27/H27)) -> 4.9458637 | N27: 5.346 | P27: ='Nr(V)'!A27 -> 12.5 | Q27: ='Nr(V)'!B27 -> 19928.935
A28: 7 | B28: =-K6*COS(C28+C29-C$3)+0.5*C$17*C$7*C$5*(C29-C$8)*I6^2*SIN(C28)+0.5*C$17*C$7*(C$11+1/PI()/C$10*C$5^2*(C29-C$8)^2)*I6^2*COS(C28) -> 1.7766581e-07 | C28: 0.090328082 | D28: =DEGREES(C28) -> 5.1754179 | F28: 0.78877734 | G28: 62.64 | H28: =SQRT((2*C$15)/(C$7*C$17*F28)) -> 27.486331 | I28: =C$15*SQRT((2*C$15)/(C$17*C$7*G28)) -> 20272.716 | J28: =Q55 -> 34797.471 | K28: =(J28-I28) -> 14524.755 | L28: =K28/C$15 -> 2.2098612 | M28: =DEGREES(ASIN(L28/H28)) -> 4.6114749 | N28: 4.154 | P28: ='Nr(V)'!A28 -> 13 | Q28: ='Nr(V)'!B28 -> 20281.471
A29: 8 | B29: =K6*SIN(C28+C29-C$3)+0.5*C$17*C$7*C$5*(C29-C$8)*I6^2*COS(C28)-0.5*C$17*C$7*(C$11+1/PI()/C$10*C$5^2*(C29-C$8)^2)*I6^2*SIN(C28)-C$15 -> 0 | C29: 0.081982826 | D29: =DEGREES(C29) -> 4.6972699 | F29: 0.68820194 | G29: 51.95 | H29: =SQRT((2*C$15)/(C$7*C$17*F29)) -> 29.426326 | I29: =C$15*SQRT((2*C$15)/(C$17*C$7*G29)) -> 22261.018 | J29: =Q59 -> 36324.992 | K29: =(J29-I29) -> 14063.974 | L29: =K29/C$15 -> 2.1397559 | M29: =DEGREES(ASIN(L29/H29)) -> 4.1699831 | N29: 3.079 | P29: ='Nr(V)'!A29 -> 13.5 | Q29: ='Nr(V)'!B29 -> 20751.429
A30: 9 | B30: =-K7*COS(C30+C31-C$3)+0.5*C$17*C$7*C$5*(C31-C$8)*I7^2*SIN(C30)+0.5*C$17*C$7*(C$11+1/PI()/C$10*C$5^2*(C31-C$8)^2)*I7^2*COS(C30) -> 1.7587683e-07 | C30: 0.085006594 | D30: =DEGREES(C30) -> 4.870519 | F30: 0.58038845 | G30: 39.37 | H30: =SQRT((2*C$15)/(C$7*C$17*F30)) -> 32.043106 | I30: =C$15*SQRT((2*C$15)/(C$17*C$7*G30)) -> 25571.435 | J30: =Q64 -> 38322.517 | K30: =(J30-I30) -> 12751.082 | L30: =K30/C$15 -> 1.9400067 | M30: =DEGREES(ASIN(L30/H30)) -> 3.4710185 | N30: 2.073 | P30: ='Nr(V)'!A30 -> 14 | Q30: ='Nr(V)'!B30 -> 21221.657
A31: 10 | B31: =K7*SIN(C30+C31-C$3)+0.5*C$17*C$7*C$5*(C31-C$8)*I7^2*COS(C30)-0.5*C$17*C$7*(C$11+1/PI()/C$10*C$5^2*(C31-C$8)^2)*I7^2*SIN(C30)-C$15 -> 0 | C31: 0.062123015 | D31: =DEGREES(C31) -> 3.5593866 | F31: 0.48333193 | G31: 27.9 | H31: =SQRT((2*C$15)/(C$7*C$17*F31)) -> 35.113268 | I31: =C$15*SQRT((2*C$15)/(C$17*C$7*G31)) -> 30376.358 | J31: =Q70 -> 40437.238 | K31: =(J31-I31) -> 10060.881 | L31: =K31/C$15 -> 1.5307074 | M31: =DEGREES(ASIN(L31/H31)) -> 2.4985107 | N31: 1.233 | P31: ='Nr(V)'!A31 -> 14.5 | Q31: ='Nr(V)'!B31 -> 21868.131
A32: 11 | B32: =-K8*COS(C32+C33-C$3)+0.5*C$17*C$7*C$5*(C33-C$8)*I8^2*SIN(C32)+0.5*C$17*C$7*(C$11+1/PI()/C$10*C$5^2*(C33-C$8)^2)*I8^2*COS(C32) -> -4.721187e-09 | C32: 0.0773732 | D32: =DEGREES(C32) -> 4.4331578 | F32: 0.38026544 | G32: 16.61 | H32: =SQRT((2*C$15)/(C$7*C$17*F32)) -> 39.586815 | I32: =C$15*SQRT((2*C$15)/(C$17*C$7*G32)) -> 39368.873 | J32: =Q78 -> 43786.264 | K32: =(J32-I32) -> 4417.3907 | L32: =K32/C$15 -> 0.67208159 | M32: =DEGREES(ASIN(L32/H32)) -> 0.97278067 | N32: 0.392 | P32: ='Nr(V)'!A32 -> 15 | Q32: ='Nr(V)'!B32 -> 22397.048
A33: 12 | B33: =K8*SIN(C32+C33-C$3)+0.5*C$17*C$7*C$5*(C33-C$8)*I8^2*COS(C32)-0.5*C$17*C$7*(C$11+1/PI()/C$10*C$5^2*(C33-C$8)^2)*I8^2*SIN(C32)-C$15 -> 0 | C33: 0.04597728 | D33: =DEGREES(C33) -> 2.6343041 | F33: 0.334 | G33: 12.24 | H33: =SQRT((2*C$15)/(C$7*C$17*F33)) -> 42.239694 | I33: =C$15*SQRT((2*C$15)/(C$17*C$7*G33)) -> 45861.377 | J33: =Q83 -> 43842.657 | K33: =(J33-I33) -> -2018.7202 | L33: =K33/C$15 -> -0.30713712 | M33: =DEGREES(ASIN(L33/H33)) -> -0.41661798 | N33: -0.133 | P33: ='Nr(V)'!A33 -> 15.5 | Q33: ='Nr(V)'!B33 -> 22867.276
A34: 13 | B34: =-K9*COS(C34+C35-C$3)+0.5*C$17*C$7*C$5*(C35-C$8)*I9^2*SIN(C34)+0.5*C$17*C$7*(C$11+1/PI()/C$10*C$5^2*(C35-C$8)^2)*I9^2*COS(C34) -> 8.9920491e-08 | C34: 0.063424517 | D34: =DEGREES(C34) -> 3.6339571 | F34: 0.279 | G34: 7.83 | H34: =SQRT((2*C$15)/(C$7*C$17*F34)) -> 46.215951 | I34: =C$15*SQRT((2*C$15)/(C$17*C$7*G34)) -> 57339.899 | J34: =Q91 -> 39426.932 | K34: =(J34-I34) -> -17912.967 | L34: =K34/C$15 -> -2.725359 | M34: =DEGREES(ASIN(L34/H34)) -> -3.3806988 | N34: -0.8 | P34: ='Nr(V)'!A34 -> 16 | Q34: ='Nr(V)'!B34 -> 23337.369
A35: 14 | B35: =K9*SIN(C34+C35-C$3)+0.5*C$17*C$7*C$5*(C35-C$8)*I9^2*COS(C34)-0.5*C$17*C$7*(C$11+1/PI()/C$10*C$5^2*(C35-C$8)^2)*I9^2*SIN(C34)-C$15 -> 0 | C35: 0.026878012 | D35: =DEGREES(C35) -> 1.5399967 | F35: 0.229 | G35: 4.72 | H35: =SQRT((2*C$15)/(C$7*C$17*F35)) -> 51.012458 | I35: =C$15*SQRT((2*C$15)/(C$17*C$7*G35)) -> 73852.772 | J35: =Q100 -> 31834.286 | K35: =(J35-I35) -> -42018.486 | L35: =K35/C$15 -> -6.3928806 | M35: =DEGREES(ASIN(L35/H35)) -> -7.199235 | N35: -1.326 | P35: ='Nr(V)'!A35 -> 16.5 | Q35: ='Nr(V)'!B35 -> 24042.666
A36: 15 | B36: =-K10*COS(C36+C37-C$3)+0.5*C$17*C$7*C$5*(C37-C$8)*I10^2*SIN(C36)+0.5*C$17*C$7*(C$11+1/PI()/C$10*C$5^2*(C37-C$8)^2)*I10^2*COS(C36) -> 4.4865976e-07 | C36: 0.048836976 | D36: =DEGREES(C36) -> 2.7981526 | F36: 0.177 | G36: 2.32 | H36: =SQRT((2*C$15)/(C$7*C$17*F36)) -> 58.023959 | I36: =C$15*SQRT((2*C$15)/(C$17*C$7*G36)) -> 105340.12 | J36: =Q114 -> 14297.988 | K36: =(J36-I36) -> -91042.132 | L36: =K36/C$15 -> -13.851558 | M36: =DEGREES(ASIN(L36/H36)) -> -13.811085 | N36: -1.852 | P36: ='Nr(V)'!A36 -> 17 | Q36: ='Nr(V)'!B36 -> 24924.524
A37: 16 | B37: =K10*SIN(C36+C37-C$3)+0.5*C$17*C$7*C$5*(C37-C$8)*I10^2*COS(C36)-0.5*C$17*C$7*(C$11+1/PI()/C$10*C$5^2*(C37-C$8)^2)*I10^2*SIN(C36)-C$15 -> 0 | C37: 0.012221124 | D37: =DEGREES(C37) -> 0.7002188 | P37: ='Nr(V)'!A37 -> 17.5 | Q37: ='Nr(V)'!B37 -> 25571.043
A38: 17 | B38: =-K11*COS(C38+C39-C$3)+0.5*C$17*C$7*C$5*(C39-C$8)*I11^2*SIN(C38)+0.5*C$17*C$7*(C$11+1/PI()/C$10*C$5^2*(C39-C$8)^2)*I11^2*COS(C38) -> -9.7463499e-08 | C38: 0.03078588 | D38: =DEGREES(C38) -> 1.763901 | F38: Metoda mocy, m=m0, h=0m | P38: ='Nr(V)'!A38 -> 18 | Q38: ='Nr(V)'!B38 -> 26276.475
A39: 18 | B39: =K11*SIN(C38+C39-C$3)+0.5*C$17*C$7*C$5*(C39-C$8)*I11^2*COS(C38)-0.5*C$17*C$7*(C$11+1/PI()/C$10*C$5^2*(C39-C$8)^2)*I11^2*SIN(C38)-C$15 -> 0 | C39: 0.00074017807 | D39: =DEGREES(C39) -> 0.04240908 | F39: Cz | G39: E | H39: V [m/s] | I39: Nn [W] | J39: Nr [W] | K39: ΔN [W] | L39: w [m/s] | M39: γ [°] | N39: α [°] | P39: ='Nr(V)'!A39 -> 18.5 | Q39: ='Nr(V)'!B39 -> 27099.419
A40: 19 | B40: =-K12*COS(C40+C41-C$3)+0.5*C$17*C$7*C$5*(C41-C$8)*I12^2*SIN(C40)+0.5*C$17*C$7*(C$11+1/PI()/C$10*C$5^2*(C41-C$8)^2)*I12^2*COS(C40) -> -2.2121185e-07 | C40: -0.0027483901 | D40: =DEGREES(C40) -> -0.15747115 | F40: =F22 -> 1.507 | G40: =G22 -> 80.83 | H40: =SQRT((2*C$2)/(C$7*C$17*F40)) -> 20.470532 | I40: =C$2*SQRT((2*C$2)/(C$17*C$7*G40)) -> 19468.246 | J40: =Q43 -> 29979.747 | K40: =(J40-I40) -> 10511.501 | L40: =K40/C$2 -> 1.5091672 | M40: =DEGREES(ASIN(L40/H40)) -> 4.2279035 | N40: =N22 -> 13.202 | P40: ='Nr(V)'!A40 -> 19 | Q40: ='Nr(V)'!B40 -> 27687.25
A41: 20 | B41: =K12*SIN(C40+C41-C$3)+0.5*C$17*C$7*C$5*(C41-C$8)*I12^2*COS(C40)-0.5*C$17*C$7*(C$11+1/PI()/C$10*C$5^2*(C41-C$8)^2)*I12^2*SIN(C40)-C$15 -> 0 | C41: -0.0084459624 | D41: =DEGREES(C41) -> -0.483918 | F41: =F23 -> 1.4 | G41: =G23 -> 82.93 | H41: =SQRT((2*C$2)/(C$7*C$17*F41)) -> 21.238398 | I41: =C$2*SQRT((2*C$2)/(C$17*C$7*G41)) -> 19220.173 | J41: =Q44 -> 30332.373 | K41: =(J41-I41) -> 11112.2 | L41: =K41/C$2 -> 1.5954115 | M41: =DEGREES(ASIN(L41/H41)) -> 4.3080713 | N41: =N23 -> 11.19 | P41: ='Nr(V)'!A41 -> 19.5 | Q41: ='Nr(V)'!B41 -> 28275.035
A42: 21 | B42: =-K13*COS(C42+C43-C$3)+0.5*C$17*C$7*C$5*(C43-C$8)*I13^2*SIN(C42)+0.5*C$17*C$7*(C$11+1/PI()/C$10*C$5^2*(C43-C$8)^2)*I13^2*COS(C42) -> -1.1368684e-11 | C42: -0.028100192 | D42: =DEGREES(C42) -> -1.6100224 | F42: =F24 -> 1.2976295 | G42: =G24 -> 83.61 | H42: =SQRT((2*C$2)/(C$7*C$17*F42)) -> 22.060249 | I42: =C$2*SQRT((2*C$2)/(C$17*C$7*G42)) -> 19141.854 | J42: =Q46 -> 30919.618 | K42: =(J42-I42) -> 11777.764 | L42: =K42/C$2 -> 1.6909684 | M42: =DEGREES(ASIN(L42/H42)) -> 4.3961643 | N42: =N24 -> 9.623 | P42: ='Nr(V)'!A42 -> 20 | Q42: ='Nr(V)'!B42 -> 29215.581
A43: 22 | B43: =K13*SIN(C42+C43-C$3)+0.5*C$17*C$7*C$5*(C43-C$8)*I13^2*COS(C42)-0.5*C$17*C$7*(C$11+1/PI()/C$10*C$5^2*(C43-C$8)^2)*I13^2*SIN(C42)-C$15 -> 0 | C43: -0.013615263 | D43: =DEGREES(C43) -> -0.78009709 | F43: =F25 -> 1.197 | G43: =G25 -> 82.42 | H43: =SQRT((2*C$2)/(C$7*C$17*F43)) -> 22.96882 | I43: =C$2*SQRT((2*C$2)/(C$17*C$7*G43)) -> 19279.547 | J43: =Q48 -> 31624.421 | K43: =(J43-I43) -> 12344.874 | L43: =K43/C$2 -> 1.77239 | M43: =DEGREES(ASIN(L43/H43)) -> 4.4256309 | N43: =N25 -> 8.057 | P43: ='Nr(V)'!A43 -> 20.5 | Q43: ='Nr(V)'!B43 -> 29979.747
A44: 23 | B44: =-K14*COS(C44+C45-C$3)+0.5*C$17*C$7*C$5*(C45-C$8)*I14^2*SIN(C44)+0.5*C$17*C$7*(C$11+1/PI()/C$10*C$5^2*(C45-C$8)^2)*I14^2*COS(C44) -> -4.9340088e-11 | C44: -0.055371698 | D44: =DEGREES(C44) -> -3.1725646 | F44: =F26 -> 0.992 | G44: =G26 -> 77.64 | H44: =SQRT((2*C$2)/(C$7*C$17*F44)) -> 25.230737 | I44: =C$2*SQRT((2*C$2)/(C$17*C$7*G44)) -> 19864.167 | J44: =Q52 -> 33151.987 | K44: =(J44-I44) -> 13287.82 | L44: =K44/C$2 -> 1.9077716 | M44: =DEGREES(ASIN(L44/H44)) -> 4.3364445 | N44: =N26 -> 6.187 | P44: ='Nr(V)'!A44 -> 21 | Q44: ='Nr(V)'!B44 -> 30332.373
A45: 24 | B45: =K14*SIN(C44+C45-C$3)+0.5*C$17*C$7*C$5*(C45-C$8)*I14^2*COS(C44)-0.5*C$17*C$7*(C$11+1/PI()/C$10*C$5^2*(C45-C$8)^2)*I14^2*SIN(C44)-C$15 -> 0 | C45: -0.018173794 | D45: =DEGREES(C45) -> -1.0412817 | F45: =F27 -> 0.89051119 | G45: =G27 -> 71.59 | H45: =SQRT((2*C$2)/(C$7*C$17*F45)) -> 26.629688 | I45: =C$2*SQRT((2*C$2)/(C$17*C$7*G45)) -> 20686.496 | J45: =Q55 -> 34797.471 | K45: =(J45-I45) -> 14110.974 | L45: =K45/C$2 -> 2.0259543 | M45: =DEGREES(ASIN(L45/H45)) -> 4.3632093 | N45: =N27 -> 5.346 | P45: ='Nr(V)'!A45 -> 21.5 | Q45: ='Nr(V)'!B45 -> 30508.484
A46: 25 | B46: =-K15*COS(C46+C47-C$3)+0.5*C$17*C$7*C$5*(C47-C$8)*I15^2*SIN(C46)+0.5*C$17*C$7*(C$11+1/PI()/C$10*C$5^2*(C47-C$8)^2)*I15^2*COS(C46) -> -2.2737368e-12 | C46: -0.083298939 | D46: =DEGREES(C46) -> -4.7726776 | F46: =F28 -> 0.78877734 | G46: =G28 -> 62.64 | H46: =SQRT((2*C$2)/(C$7*C$17*F46)) -> 28.294925 | I46: =C$2*SQRT((2*C$2)/(C$17*C$7*G46)) -> 22115.015 | J46: =Q59 -> 36324.992 | K46: =(J46-I46) -> 14209.977 | L46: =K46/C$2 -> 2.0401684 | M46: =DEGREES(ASIN(L46/H46)) -> 4.1348249 | N46: =N28 -> 4.154 | P46: ='Nr(V)'!A46 -> 22 | Q46: ='Nr(V)'!B46 -> 30919.618
A47: 26 | B47: =K15*SIN(C46+C47-C$3)+0.5*C$17*C$7*C$5*(C47-C$8)*I15^2*COS(C46)-0.5*C$17*C$7*(C$11+1/PI()/C$10*C$5^2*(C47-C$8)^2)*I15^2*SIN(C46)-C$15 -> 0 | C47: -0.022216171 | D47: =DEGREES(C47) -> -1.2728928 | F47: =F29 -> 0.68820194 | G47: =G29 -> 51.95 | H47: =SQRT((2*C$2)/(C$7*C$17*F47)) -> 30.291991 | I47: =C$2*SQRT((2*C$2)/(C$17*C$7*G47)) -> 24284.007 | J47: =Q63 -> 37911.157 | K47: =(J47-I47) -> 13627.15 | L47: =K47/C$2 -> 1.9564903 | M47: =DEGREES(ASIN(L47/H47)) -> 3.7031808 | N47: =N29 -> 3.079 | P47: ='Nr(V)'!A47 -> 22.5 | Q47: ='Nr(V)'!B47 -> 31272.019
A48: 27 | B48: =-K16*COS(C48+C49-C$3)+0.5*C$17*C$7*C$5*(C49-C$8)*I16^2*SIN(C48)+0.5*C$17*C$7*(C$11+1/PI()/C$10*C$5^2*(C49-C$8)^2)*I16^2*COS(C48) -> 4.7880349e-09 | C48: -0.11422742 | D48: =DEGREES(C48) -> -6.5447488 | F48: =F30 -> 0.58038845 | G48: =G30 -> 39.37 | H48: =SQRT((2*C$2)/(C$7*C$17*F48)) -> 32.985752 | I48: =C$2*SQRT((2*C$2)/(C$17*C$7*G48)) -> 27895.26 | J48: =Q68 -> 39673.613 | K48: =(J48-I48) -> 11778.353 | L48: =K48/C$2 -> 1.6910529 | M48: =DEGREES(ASIN(L48/H48)) -> 2.9386229 | N48: =N30 -> 2.073 | P48: ='Nr(V)'!A48 -> 23 | Q48: ='Nr(V)'!B48 -> 31624.421
A49: 28 | B49: =K16*SIN(C48+C49-C$3)+0.5*C$17*C$7*C$5*(C49-C$8)*I16^2*COS(C48)-0.5*C$17*C$7*(C$11+1/PI()/C$10*C$5^2*(C49-C$8)^2)*I16^2*SIN(C48)-C$15 -> 0 | C49: -0.025835758 | D49: =DEGREES(C49) -> -1.4802799 | F49: =F31 -> 0.48333193 | G49: =G31 -> 27.9 | H49: =SQRT((2*C$2)/(C$7*C$17*F49)) -> 36.146231 | I49: =C$2*SQRT((2*C$2)/(C$17*C$7*G49)) -> 33136.835 | J49: =Q74 -> 42141.23 | K49: =(J49-I49) -> 9004.3959 | L49: =K49/C$2 -> 1.2927877 | M49: =DEGREES(ASIN(L49/H49)) -> 2.0496489 | N49: =N31 -> 1.233 | P49: ='Nr(V)'!A49 -> 23.5 | Q49: ='Nr(V)'!B49 -> 31918.088
A50: 29 | B50: =-K17*COS(C50+C51-C$3)+0.5*C$17*C$7*C$5*(C51-C$8)*I17^2*SIN(C50)+0.5*C$17*C$7*(C$11+1/PI()/C$10*C$5^2*(C51-C$8)^2)*I17^2*COS(C50) -> -3.6042593e-07 | C50: -0.14638038 | D50: =DEGREES(C50) -> -8.3869781 | F50: =F32 -> 0.38026544 | G50: =G32 -> 16.61 | H50: =SQRT((2*C$2)/(C$7*C$17*F50)) -> 40.751382 | I50: =C$2*SQRT((2*C$2)/(C$17*C$7*G50)) -> 42946.552 | J50: =Q84 -> 43253.927 | K50: =(J50-I50) -> 307.37447 | L50: =K50/C$2 -> 0.044130661 | M50: =DEGREES(ASIN(L50/H50)) -> 0.062047004 | N50: =N32 -> 0.392 | P50: ='Nr(V)'!A50 -> 24 | Q50: ='Nr(V)'!B50 -> 32329.313
A51: 30 | B51: =K17*SIN(C50+C51-C$3)+0.5*C$17*C$7*C$5*(C51-C$8)*I17^2*COS(C50)-0.5*C$17*C$7*(C$11+1/PI()/C$10*C$5^2*(C51-C$8)^2)*I17^2*SIN(C50)-C$15 -> 0 | C51: -0.029089604 | D51: =DEGREES(C51) -> -1.6667116 | F51: =F33 -> 0.334 | G51: =G33 -> 12.24 | H51: =SQRT((2*C$2)/(C$7*C$17*F51)) -> 43.482302 | I51: =C$2*SQRT((2*C$2)/(C$17*C$7*G51)) -> 50029.068 | J51: =Q89 -> 40663.216 | K51: =(J51-I51) -> -9365.8519 | L51: =K51/C$2 -> -1.344683 | M51: =DEGREES(ASIN(L51/H51)) -> -1.7721451 | N51: =N33 -> -0.133 | P51: ='Nr(V)'!A51 -> 24.5 | Q51: ='Nr(V)'!B51 -> 32564.202
F52: =F34 -> 0.279 | G52: =G34 -> 7.83 | H52: =SQRT((2*C$2)/(C$7*C$17*F52)) -> 47.575533 | I52: =C$2*SQRT((2*C$2)/(C$17*C$7*G52)) -> 62550.71 | J52: =Q97 -> 35012.197 | K52: =(J52-I52) -> -27538.513 | L52: =K52/C$2 -> -3.9537857 | M52: =DEGREES(ASIN(L52/H52)) -> -4.7670892 | N52: =N34 -> -0.8 | P52: ='Nr(V)'!A52 -> 25 | Q52: ='Nr(V)'!B52 -> 33151.987
F53: =F35 -> 0.229 | G53: =G35 -> 4.72 | H53: =SQRT((2*C$2)/(C$7*C$17*F53)) -> 52.513144 | I53: =C$2*SQRT((2*C$2)/(C$17*C$7*G53)) -> 80564.204 | J53: =Q107 -> 23595.661 | K53: =(J53-I53) -> -56968.543 | L53: =K53/C$2 -> -8.1791421 | M53: =DEGREES(ASIN(L53/H53)) -> -8.9605393 | N53: =N35 -> -1.326 | P53: ='Nr(V)'!A53 -> 25.5 | Q53: ='Nr(V)'!B53 -> 33621.99
P54: ='Nr(V)'!A54 -> 26 | Q54: ='Nr(V)'!B54 -> 34268.689
I55: Metoda ciągu, m=m0, h=0m | P55: ='Nr(V)'!A55 -> 26.5 | Q55: ='Nr(V)'!B55 -> 34797.471
D56: Równanie 1 | E56: gamma | F56: alfa | G56: Rówannie 2 | I56: V [m/s] | J56: Nr [W] | K56: Ps [N] | L56: α [°] | M56: γ [°] | N56: w [m/s] | P56: ='Nr(V)'!A56 -> 27 | Q56: ='Nr(V)'!B56 -> 35149.962
D57: =-K57*COS(E57+F57-C$3)+0.5*C$17*C$7*C$5*(F57-C$8)*I57^2*SIN(E57)+0.5*C$17*C$7*(C$11+1/PI()/C$10*C$5^2*(F57-C$8)^2)*I57^2*COS(E57) -> 3.2045068e-07 | E57: 0.080964745 | F57: 0.18205084 | G57: =K57*SIN(E57+F57-C$3)+0.5*C$17*C$7*C$5*(F57-C$8)*I57^2*COS(E57)-0.5*C$17*C$7*(C$11+1/PI()/C$10*C$5^2*(F57-C$8)^2)*I57^2*SIN(E57)-C$2 -> -1.4774258e-05 | I57: =SQRT(2*C$2/C$7/C$16/C17) -> 20.470532 | J57: =Q43 -> 29979.747 | K57: =J57/I57 -> 1464.5319 | L57: =DEGREES(F57) -> 10.430745 | M57: =DEGREES(E57) -> 4.6389382 | N57: =I57*SIN(RADIANS(M57)) -> 1.6555813 | P57: ='Nr(V)'!A57 -> 27.5 | Q57: ='Nr(V)'!B57 -> 35620.1
D58: =-K58*COS(E58+F58-C$3)+0.5*C$17*C$7*C$5*(F58-C$8)*I58^2*SIN(E58)+0.5*C$17*C$7*(C$11+1/PI()/C$10*C$5^2*(F58-C$8)^2)*I58^2*COS(E58) -> -3.1348509e-07 | E58: 0.08057668 | F58: 0.15040991 | G58: =K58*SIN(E58+F58-C$3)+0.5*C$17*C$7*C$5*(F58-C$8)*I58^2*COS(E58)-0.5*C$17*C$7*(C$11+1/PI()/C$10*C$5^2*(F58-C$8)^2)*I58^2*SIN(E58)-C$2 -> 0 | I58: =I4 -> 22 | J58: =Q46 -> 30919.618 | K58: =J58/I58 -> 1405.4372 | L58: =DEGREES(F58) -> 8.6178533 | M58: =DEGREES(E58) -> 4.6167037 | N58: =I58*SIN(RADIANS(M58)) -> 1.7707694 | P58: ='Nr(V)'!A58 -> 28 | Q58: ='Nr(V)'!B58 -> 35972.546
D59: =-K59*COS(E59+F59-C$3)+0.5*C$17*C$7*C$5*(F59-C$8)*I59^2*SIN(E59)+0.5*C$17*C$7*(C$11+1/PI()/C$10*C$5^2*(F59-C$8)^2)*I59^2*COS(E59) -> -3.3943252e-07 | E59: 0.078963044 | F59: 0.11718126 | G59: =K59*SIN(E59+F59-C$3)+0.5*C$17*C$7*C$5*(F59-C$8)*I59^2*COS(E59)-0.5*C$17*C$7*(C$11+1/PI()/C$10*C$5^2*(F59-C$8)^2)*I59^2*SIN(E59)-C$2 -> 0 | I59: =I5 -> 24 | J59: =Q50 -> 32329.313 | K59: =J59/I59 -> 1347.0547 | L59: =DEGREES(F59) -> 6.7139919 | M59: =DEGREES(E59) -> 4.5242492 | N59: =I59*SIN(RADIANS(M59)) -> 1.8931443 | P59: ='Nr(V)'!A59 -> 28.5 | Q59: ='Nr(V)'!B59 -> 36324.992
D60: =-K60*COS(E60+F60-C$3)+0.5*C$17*C$7*C$5*(F60-C$8)*I60^2*SIN(E60)+0.5*C$17*C$7*(C$11+1/PI()/C$10*C$5^2*(F60-C$8)^2)*I60^2*COS(E60) -> -3.3126969e-07 | E60: 0.078219042 | F60: 0.09086492 | G60: =K60*SIN(E60+F60-C$3)+0.5*C$17*C$7*C$5*(F60-C$8)*I60^2*COS(E60)-0.5*C$17*C$7*(C$11+1/PI()/C$10*C$5^2*(F60-C$8)^2)*I60^2*SIN(E60)-C$2 -> 0 | I60: =I6 -> 26 | J60: =Q54 -> 34268.689 | K60: =J60/I60 -> 1318.0265 | L60: =DEGREES(F60) -> 5.2061764 | M60: =DEGREES(E60) -> 4.481621 | N60: =I60*SIN(RADIANS(M60)) -> 2.031622 | P60: ='Nr(V)'!A60 -> 29 | Q60: ='Nr(V)'!B60 -> 36677.393
D61: =-K61*COS(E61+F61-C$3)+0.5*C$17*C$7*C$5*(F61-C$8)*I61^2*SIN(E61)+0.5*C$17*C$7*(C$11+1/PI()/C$10*C$5^2*(F61-C$8)^2)*I61^2*COS(E61) -> -2.9418834e-07 | E61: 0.074156273 | F61: 0.069799787 | G61: =K61*SIN(E61+F61-C$3)+0.5*C$17*C$7*C$5*(F61-C$8)*I61^2*COS(E61)-0.5*C$17*C$7*(C$11+1/PI()/C$10*C$5^2*(F61-C$8)^2)*I61^2*SIN(E61)-C$2 -> 0 | I61: =I7 -> 28 | J61: =Q58 -> 35972.546 | K61: =J61/I61 -> 1284.7338 | L61: =DEGREES(F61) -> 3.9992332 | M61: =DEGREES(E61) -> 4.2488415 | N61: =I61*SIN(RADIANS(M61)) -> 2.0744731 | P61: ='Nr(V)'!A61 -> 29.5 | Q61: ='Nr(V)'!B61 -> 37147.576
D62: =-K62*COS(E62+F62-C$3)+0.5*C$17*C$7*C$5*(F62-C$8)*I62^2*SIN(E62)+0.5*C$17*C$7*(C$11+1/PI()/C$10*C$5^2*(F62-C$8)^2)*I62^2*COS(E62) -> -3.0885803e-07 | E62: 0.067731374 | F62: 0.052674732 | G62: =K62*SIN(E62+F62-C$3)+0.5*C$17*C$7*C$5*(F62-C$8)*I62^2*COS(E62)-0.5*C$17*C$7*(C$11+1/PI()/C$10*C$5^2*(F62-C$8)^2)*I62^2*SIN(E62)-C$2 -> 0 | I62: =I8 -> 30 | J62: =Q62 -> 37500.113 | K62: =J62/I62 -> 1250.0038 | L62: =DEGREES(F62) -> 3.0180398 | M62: =DEGREES(E62) -> 3.8807219 | N62: =I62*SIN(RADIANS(M62)) -> 2.030388 | P62: ='Nr(V)'!A62 -> 30 | Q62: ='Nr(V)'!B62 -> 37500.113
D63: =-K63*COS(E63+F63-C$3)+0.5*C$17*C$7*C$5*(F63-C$8)*I63^2*SIN(E63)+0.5*C$17*C$7*(C$11+1/PI()/C$10*C$5^2*(F63-C$8)^2)*I63^2*COS(E63) -> 4.7443564e-08 | E63: 0.055485481 | F63: 0.032420343 | G63: =K63*SIN(E63+F63-C$3)+0.5*C$17*C$7*C$5*(F63-C$8)*I63^2*COS(E63)-0.5*C$17*C$7*(C$11+1/PI()/C$10*C$5^2*(F63-C$8)^2)*I63^2*SIN(E63)-C$2 -> 0 | I63: =I9 -> 33 | J63: =Q68 -> 39673.613 | K63: =J63/I63 -> 1202.2307 | L63: =DEGREES(F63) -> 1.8575488 | M63: =DEGREES(E63) -> 3.1790839 | N63: =I63*SIN(RADIANS(M63)) -> 1.8300815 | P63: ='Nr(V)'!A63 -> 30.5 | Q63: ='Nr(V)'!B63 -> 37911.157
D64: =-K64*COS(E64+F64-C$3)+0.5*C$17*C$7*C$5*(F64-C$8)*I64^2*SIN(E64)+0.5*C$17*C$7*(C$11+1/PI()/C$10*C$5^2*(F64-C$8)^2)*I64^2*COS(E64) -> 5.110486e-07 | E64: 0.042418272 | F64: 0.016881601 | G64: =K64*SIN(E64+F64-C$3)+0.5*C$17*C$7*C$5*(F64-C$8)*I64^2*COS(E64)-0.5*C$17*C$7*(C$11+1/PI()/C$10*C$5^2*(F64-C$8)^2)*I64^2*SIN(E64)-C$2 -> 0 | I64: =I10 -> 36 | J64: =Q74 -> 42141.23 | K64: =J64/I64 -> 1170.5897 | L64: =DEGREES(F64) -> 0.96724446 | M64: =DEGREES(E64) -> 2.430388 | N64: =I64*SIN(RADIANS(M64)) -> 1.5265999 | P64: ='Nr(V)'!A64 -> 31 | Q64: ='Nr(V)'!B64 -> 38322.517
D65: =-K65*COS(E65+F65-C$3)+0.5*C$17*C$7*C$5*(F65-C$8)*I65^2*SIN(E65)+0.5*C$17*C$7*(C$11+1/PI()/C$10*C$5^2*(F65-C$8)^2)*I65^2*COS(E65) -> -7.2028229e-08 | E65: 0.025927925 | F65: 0.0047128304 | G65: =K65*SIN(E65+F65-C$3)+0.5*C$17*C$7*C$5*(F65-C$8)*I65^2*COS(E65)-0.5*C$17*C$7*(C$11+1/PI()/C$10*C$5^2*(F65-C$8)^2)*I65^2*SIN(E65)-C$2 -> 0 | I65: =I11 -> 39 | J65: =Q80 -> 44197.039 | K65: =J65/I65 -> 1133.2574 | L65: =DEGREES(F65) -> 0.27002529 | M65: =DEGREES(E65) -> 1.4855607 | N65: =I65*SIN(RADIANS(M65)) -> 1.0110758 | P65: ='Nr(V)'!A65 -> 31.5 | Q65: ='Nr(V)'!B65 -> 38557.361
D66: =-K66*COS(E66+F66-C$3)+0.5*C$17*C$7*C$5*(F66-C$8)*I66^2*SIN(E66)+0.5*C$17*C$7*(C$11+1/PI()/C$10*C$5^2*(F66-C$8)^2)*I66^2*COS(E66) -> 5.4851012e-07 | E66: -0.0052870956 | F66: -0.0050188075 | G66: =K66*SIN(E66+F66-C$3)+0.5*C$17*C$7*C$5*(F66-C$8)*I66^2*COS(E66)-0.5*C$17*C$7*(C$11+1/PI()/C$10*C$5^2*(F66-C$8)^2)*I66^2*SIN(E66)-C$2 -> 0 | I66: =I12 -> 42 | J66: =Q86 -> 42370.629 | K66: =J66/I66 -> 1008.8245 | L66: =DEGREES(F66) -> -0.28755649 | M66: =DEGREES(E66) -> -0.30292827 | N66: =I66*SIN(RADIANS(M66)) -> -0.22205698 | P66: ='Nr(V)'!A66 -> 32 | Q66: ='Nr(V)'!B66 -> 38850.938
D67: =-K67*COS(E67+F67-C$3)+0.5*C$17*C$7*C$5*(F67-C$8)*I67^2*SIN(E67)+0.5*C$17*C$7*(C$11+1/PI()/C$10*C$5^2*(F67-C$8)^2)*I67^2*COS(E67) -> -1.7096818e-07 | E67: -0.02897286 | F67: -0.010489801 | G67: =K67*SIN(E67+F67-C$3)+0.5*C$17*C$7*C$5*(F67-C$8)*I67^2*COS(E67)-0.5*C$17*C$7*(C$11+1/PI()/C$10*C$5^2*(F67-C$8)^2)*I67^2*SIN(E67)-C$2 -> 0 | I67: =I13 -> 44 | J67: =Q90 -> 40192.268 | K67: =J67/I67 -> 913.46063 | L67: =DEGREES(F67) -> -0.60102134 | M67: =DEGREES(E67) -> -1.6600226 | N67: =I67*SIN(RADIANS(M67)) -> -1.2746275 | P67: ='Nr(V)'!A67 -> 32.5 | Q67: ='Nr(V)'!B67 -> 39085.917
D68: =-K68*COS(E68+F68-C$3)+0.5*C$17*C$7*C$5*(F68-C$8)*I68^2*SIN(E68)+0.5*C$17*C$7*(C$11+1/PI()/C$10*C$5^2*(F68-C$8)^2)*I68^2*COS(E68) -> -9.4675443e-07 | E68: -0.054499683 | F68: -0.015309848 | G68: =K68*SIN(E68+F68-C$3)+0.5*C$17*C$7*C$5*(F68-C$8)*I68^2*COS(E68)-0.5*C$17*C$7*(C$11+1/PI()/C$10*C$5^2*(F68-C$8)^2)*I68^2*SIN(E68)-C$2 -> 0 | I68: =I14 -> 46 | J68: =Q94 -> 37307.89 | K68: =J68/I68 -> 811.04108 | L68: =DEGREES(F68) -> -0.87718969 | M68: =DEGREES(E68) -> -3.1226018 | N68: =I68*SIN(RADIANS(M68)) -> -2.5057446 | P68: ='Nr(V)'!A68 -> 33 | Q68: ='Nr(V)'!B68 -> 39673.613
D69: =-K69*COS(E69+F69-C$3)+0.5*C$17*C$7*C$5*(F69-C$8)*I69^2*SIN(E69)+0.5*C$17*C$7*(C$11+1/PI()/C$10*C$5^2*(F69-C$8)^2)*I69^2*COS(E69) -> 4.0522991e-08 | E69: -0.080667254 | F69: -0.019580112 | G69: =K69*SIN(E69+F69-C$3)+0.5*C$17*C$7*C$5*(F69-C$8)*I69^2*COS(E69)-0.5*C$17*C$7*(C$11+1/PI()/C$10*C$5^2*(F69-C$8)^2)*I69^2*SIN(E69)-C$2 -> 0 | I69: =I15 -> 48 | J69: =Q98 -> 34070.525 | K69: =J69/I69 -> 709.80261 | L69: =DEGREES(F69) -> -1.1218578 | M69: =DEGREES(E69) -> -4.6218932 | N69: =I69*SIN(RADIANS(M69)) -> -3.8678302 | P69: ='Nr(V)'!A69 -> 33.5 | Q69: ='Nr(V)'!B69 -> 39967.235
D70: =-K70*COS(E70+F70-C$3)+0.5*C$17*C$7*C$5*(F70-C$8)*I70^2*SIN(E70)+0.5*C$17*C$7*(C$11+1/PI()/C$10*C$5^2*(F70-C$8)^2)*I70^2*COS(E70) -> -7.58135e-07 | E70: -0.10968109 | F70: -0.023398516 | G70: =K70*SIN(E70+F70-C$3)+0.5*C$17*C$7*C$5*(F70-C$8)*I70^2*COS(E70)-0.5*C$17*C$7*(C$11+1/PI()/C$10*C$5^2*(F70-C$8)^2)*I70^2*SIN(E70)-C$2 -> 0 | I70: =I16 -> 50 | J70: =Q102 -> 29715.694 | K70: =J70/I70 -> 594.31388 | L70: =DEGREES(F70) -> -1.3406362 | M70: =DEGREES(E70) -> -6.2842635 | N70: =I70*SIN(RADIANS(M70)) -> -5.4730656 | P70: ='Nr(V)'!A70 -> 34 | Q70: ='Nr(V)'!B70 -> 40437.238
D71: =-K71*COS(E71+F71-C$3)+0.5*C$17*C$7*C$5*(F71-C$8)*I71^2*SIN(E71)+0.5*C$17*C$7*(C$11+1/PI()/C$10*C$5^2*(F71-C$8)^2)*I71^2*COS(E71) -> -5.1137022e-08 | E71: -0.13985688 | F71: -0.026826612 | G71: =K71*SIN(E71+F71-C$3)+0.5*C$17*C$7*C$5*(F71-C$8)*I71^2*COS(E71)-0.5*C$17*C$7*(C$11+1/PI()/C$10*C$5^2*(F71-C$8)^2)*I71^2*SIN(E71)-C$2 -> 0 | I71: =I17 -> 52 | J71: =Q106 -> 24772.492 | K71: =J71/I71 -> 476.39408 | L71: =DEGREES(F71) -> -1.5370517 | M71: =DEGREES(E71) -> -8.013209 | N71: =I71*SIN(RADIANS(M71)) -> -7.2488725 | P71: ='Nr(V)'!A71 -> 34.5 | Q71: ='Nr(V)'!B71 -> 40789.73
P72: ='Nr(V)'!A72 -> 35 | Q72: ='Nr(V)'!B72 -> 41318.556
P73: ='Nr(V)'!A73 -> 35.5 | Q73: ='Nr(V)'!B73 -> 41729.871
P74: ='Nr(V)'!A74 -> 36 | Q74: ='Nr(V)'!B74 -> 42141.23
P75: ='Nr(V)'!A75 -> 36.5 | Q75: ='Nr(V)'!B75 -> 42611.279
P76: ='Nr(V)'!A76 -> 37 | Q76: ='Nr(V)'!B76 -> 42963.815
P77: ='Nr(V)'!A77 -> 37.5 | Q77: ='Nr(V)'!B77 -> 43316.306
P78: ='Nr(V)'!A78 -> 38 | Q78: ='Nr(V)'!B78 -> 43786.264
P79: ='Nr(V)'!A79 -> 38.5 | Q79: ='Nr(V)'!B79 -> 44079.797
P80: ='Nr(V)'!A80 -> 39 | Q80: ='Nr(V)'!B80 -> 44197.039
P81: ='Nr(V)'!A81 -> 39.5 | Q81: ='Nr(V)'!B81 -> 44255.412
P82: ='Nr(V)'!A82 -> 40 | Q82: ='Nr(V)'!B82 -> 44078.491
P83: ='Nr(V)'!A83 -> 40.5 | Q83: ='Nr(V)'!B83 -> 43842.657
... P114: ='Nr(V)'!A114 -> 56 | Q114: ='Nr(V)'!B114 -> 14297.988

Sheet h=500m
A1: wysokość lotu | B1: h | C1: 500 | D1: m | I1: Metoda ciągu, m=mśr, h=500m | P1: ='Nr(V)'!A1 -> h | Q1: ='Nr(V)'!C1 -> 500
A2: Ciężar maksymalny samolotu | B2: Qmax | C2: =Podsumowanie!B9 -> 6965.1 | D2: N | I2: V [m/s] | J2: Nr [W] | K2: Ps [N] | L2: α [°] | M2: γ [°] | N2: w [m/s] | P2: ='Nr(V)'!A2 -> 0 | Q2: ='Nr(V)'!C2 -> 0
A3: kąt pochylenia osi silnika fi | B3: φ | C3: =Podsumowanie!B30 -> 0.017453293 | D3: rad | I3: =SQRT(2*C15/C$7/C$16/C17) -> 20.371715 | J3: =Q43 -> 28391.557 | K3: =J3/I3 -> 1393.6753 | L3: =OFFSET(D23,A23-2,0,1,1) -> 10.424547 | M3: =OFFSET(D22,A23-2,0,1,1) -> 4.7445366 | N3: =I3*SIN(RADIANS(M3)) -> 1.6850093 | P3: ='Nr(V)'!A3 -> 0.5 | Q3: ='Nr(V)'!C3 -> 822.98933
A4: średnica śmigła | B4: D | C4: =Podsumowanie!B13 -> 1.8 | D4: m | I4: 22 | J4: =Q46 -> 29390.207 | K4: =J4/I4 -> 1335.9185 | L4: =OFFSET(D24,A24-2,0,1,1) -> 8.4988731 | M4: =OFFSET(D23,A24-2,0,1,1) -> 4.7310175 | N4: =I4*SIN(RADIANS(M4)) -> 1.8145167 | P4: ='Nr(V)'!A4 -> 1 | Q4: ='Nr(V)'!C4 -> 1646.0687
A5: Współczynnik kierunkowy Cz(a) | B5: a∞ | C5: =Podsumowanie!B17 -> 5.832 | D5: 1/rad | I5: 24 | J5: =Q50 -> 30505.918 | K5: =J5/I5 -> 1271.0799 | L5: =OFFSET(D25,A25-2,0,1,1) -> 6.6158688 | M5: =OFFSET(D24,A25-2,0,1,1) -> 4.5402004 | N5: =I5*SIN(RADIANS(M5)) -> 1.899805 | P5: ='Nr(V)'!A5 -> 1.5 | Q5: ='Nr(V)'!C5 -> 2410.1895
A6: Moc silnika | B6: Nmax | C6: =Podsumowanie!B10 -> 59000 | D6: W | I6: 26 | J6: =Q54 -> 32209.775 | K6: =J6/I6 -> 1238.8375 | L6: =OFFSET(D26,A26-2,0,1,1) -> 5.1227236 | M6: =OFFSET(D25,A26-2,0,1,1) -> 4.4448789 | N6: =I6*SIN(RADIANS(M6)) -> 2.0149995 | P6: ='Nr(V)'!A6 -> 2 | Q6: ='Nr(V)'!C6 -> 3056.8432
A7: Powierzchnia nośna | B7: S | C7: =Podsumowanie!B3 -> 18 | D7: m2 | I7: 28 | J7: =Q58 -> 33913.722 | K7: =J7/I7 -> 1211.2044 | L7: =OFFSET(D27,A27-2,0,1,1) -> 3.9259976 | M7: =OFFSET(D26,A27-2,0,1,1) -> 4.2369756 | N7: =I7*SIN(RADIANS(M7)) -> 2.0686902 | P7: ='Nr(V)'!A7 -> 2.5 | Q7: ='Nr(V)'!C7 -> 3879.8326
A8: Kąt zerowej siły nośnej | B8: α0 | C8: =Podsumowanie!B31 -> -0.066601764 | D8: rad | I8: 30 | J8: =Q62 -> 35441.154 | K8: =J8/I8 -> 1181.3718 | L8: =OFFSET(D28,A28-2,0,1,1) -> 2.953488 | M8: =OFFSET(D27,A28-2,0,1,1) -> 3.8865683 | N8: =I8*SIN(RADIANS(M8)) -> 2.0334421 | P8: ='Nr(V)'!A8 -> 3 | Q8: ='Nr(V)'!C8 -> 4350.0158
A9: masa samolotu | B9: m | C9: =Podsumowanie!B7 -> 620 | D9: kg | I9: 33 | J9: =Q68 -> 37203.114 | K9: =J9/I9 -> 1127.3671 | L9: =OFFSET(D29,A29-2,0,1,1) -> 1.8043496 | M9: =OFFSET(D28,A29-2,0,1,1) -> 3.0947539 | N9: =I9*SIN(RADIANS(M9)) -> 1.7815837 | P9: ='Nr(V)'!A9 -> 3.5 | Q9: ='Nr(V)'!C9 -> 5290.6972
A10: wydłużenie Oswalda | B10: Λe | C10: =Podsumowanie!B14 -> 4.587 | D10: - | I10: 36 | J10: =Q74 -> 39788.154 | K10: =J10/I10 -> 1105.2265 | L10: =OFFSET(D30,A30-2,0,1,1) -> 0.92190463 | M10: =OFFSET(D29,A30-2,0,1,1) -> 2.4022921 | N10: =I10*SIN(RADIANS(M10)) -> 1.5089625 | P10: ='Nr(V)'!A10 -> 4 | Q10: ='Nr(V)'!C10 -> 6231.2885
A11: Minimalny Cx z danych | B11: (Cx)min | C11: =Podsumowanie!B15 -> 0.04478 | D11: - | I11: 39 | J11: =Q80 -> 41667.672 | K11: =J11/I11 -> 1068.4018 | L11: =OFFSET(D31,A31-2,0,1,1) -> 0.23120445 | M11: =OFFSET(D30,A31-2,0,1,1) -> 1.4320816 | N11: =I11*SIN(RADIANS(M11)) -> 0.97468554 | P11: ='Nr(V)'!A11 -> 4.5 | Q11: ='Nr(V)'!C11 -> 6936.7208
A12: Obroty silnika | B12: ns | C12: =Podsumowanie!B12 -> 36.667 | D12: 1/s | I12: 42 | J12: =Q86 -> 40370.539 | K12: =J12/I12 -> 961.2033 | L12: =OFFSET(D32,A32-2,0,1,1) -> -0.32112457 | M12: =OFFSET(D31,A32-2,0,1,1) -> -0.27897731 | N12: =I12*SIN(RADIANS(M12)) -> -0.20450024 | P12: ='Nr(V)'!A12 -> 5 | Q12: ='Nr(V)'!C12 -> 7524.5511
A13: współczynnik korekcyjny | B13: k | C13: =Podsumowanie!B18 -> 0.14 | D13: - | I13: 44 | J13: =Q90 -> 38368.648 | K13: =J13/I13 -> 872.01474 | L13: =OFFSET(D33,A33-2,0,1,1) -> -0.63158959 | M13: =OFFSET(D32,A33-2,0,1,1) -> -1.6370878 | N13: =I13*SIN(RADIANS(M13)) -> -1.2570221 | P13: ='Nr(V)'!A13 -> 5.5 | Q13: ='Nr(V)'!C13 -> 8347.4504
A14: gęstość powietrza przy ziemii | B14: ρ | C14: =Podsumowanie!B2 -> 1.2255 | D14: kg/m3 | I14: 46 | J14: =Q94 -> 35602.007 | K14: =J14/I14 -> 773.95668 | L14: =OFFSET(D34,A34-2,0,1,1) -> -0.90519572 | M14: =OFFSET(D33,A34-2,0,1,1) -> -3.1200757 | N14: =I14*SIN(RADIANS(M14)) -> -2.5037194 | P14: ='Nr(V)'!A14 -> 6 | Q14: ='Nr(V)'!C14 -> 9052.9727
A15: Ciężar samolotu | B15: Q | C15: =Podsumowanie!B8 -> 6572.7 | D15: N | I15: 48 | J15: =Q98 -> 32247.131 | K15: =J15/I15 -> 671.81523 | L15: =OFFSET(D35,A35-2,0,1,1) -> -1.1478912 | M15: =OFFSET(D34,A35-2,0,1,1) -> -4.6852243 | N15: =I15*SIN(RADIANS(M15)) -> -3.9207114 | P15: ='Nr(V)'!A15 -> 6.5 | Q15: ='Nr(V)'!C15 -> 9817.1385
A16: maksymalny współczynnik siły nośnej | B16: Czmax | C16: =Podsumowanie!B16 -> 1.507 | D16: - | I16: 50 | J16: =Q102 -> 27715.604 | K16: =J16/I16 -> 554.31208 | L16: =OFFSET(D36,A36-2,0,1,1) -> -1.3651832 | M16: =OFFSET(D35,A36-2,0,1,1) -> -6.4306163 | N16: =I16*SIN(RADIANS(M16)) -> -5.5999971 | P16: ='Nr(V)'!A16 -> 7 | Q16: ='Nr(V)'!C16 -> 10404.879
A17: gęstość powietrza na wysokości h | B17: ρh | C17: =C14*(1-C1/44300)^4.256 -> 1.1677043 | D17: kg/m3 | I17: 52 | J17: =Q106 -> 23184.257 | K17: =J17/I17 -> 445.85109 | L17: =OFFSET(D37,A37-2,0,1,1) -> -1.5597271 | M17: =OFFSET(D36,A37-2,0,1,1) -> -8.1442664 | N17: =I17*SIN(RADIANS(M17)) -> -7.3666359 | P17: ='Nr(V)'!A17 -> 7.5 | Q17: ='Nr(V)'!C17 -> 11110.311
A18: Moc na wysokości przelotowej | B18: Nh | C18: =C6*((C17/C14)-C13)/(1-C13) -> 55764.541 | D18: W | P18: ='Nr(V)'!A18 -> 8 | Q18: ='Nr(V)'!C18 -> 12227.418
A19: Współczynnik mocy | B19: CN | C19: =C18/C17/C12^3/C4^5 -> 0.051266846 | D19: - | P19: ='Nr(V)'!A19 -> 8.5 | Q19: ='Nr(V)'!C19 -> 12932.85
F20: Metoda mocy, m=mśr, h=500m | P20: ='Nr(V)'!A20 -> 9 | Q20: ='Nr(V)'!C20 -> 13814.663
B21: Równania | C21: Kąty [rad] | D21: Kąty [deg] | F21: Cz | G21: E | H21: V [m/s] | I21: Nn [W] | J21: Nr [W] | K21: ΔN [W] | L21: w [m/s] | M21: γ [°] | N21: α [°] | P21: ='Nr(V)'!A21 -> 9.5 | Q21: ='Nr(V)'!C21 -> 14696.521
A22: 1 | B22: =-K3*COS(C22+C23-C$3)+0.5*C$17*C$7*C$5*(C23-C$8)*I3^2*SIN(C22)+0.5*C$17*C$7*(C$11+1/PI()/C$10*C$5^2*(C23-C$8)^2)*I3^2*COS(C22) -> -2.4621158e-09 | C22: 0.082807786 | D22: =DEGREES(C22) -> 4.7445366 | F22: 1.507 | G22: 80.83 | H22: =SQRT((2*C$15)/(C$7*C$17*F22)) -> 20.371715 | I22: =C$15*SQRT((2*C$15)/(C$17*C$7*G22)) -> 18282.759 | J22: =Q41 -> 27216.121 | K22: =(J22-I22) -> 8933.3623 | L22: =K22/C$15 -> 1.3591617 | M22: =DEGREES(ASIN(L22/H22)) -> 3.8255061 | N22: 13.202 | P22: ='Nr(V)'!A22 -> 10 | Q22: ='Nr(V)'!C22 -> 15460.822
A23: 2 | B23: =K3*SIN(C22+C23-C$3)+0.5*C$17*C$7*C$5*(C23-C$8)*I3^2*COS(C22)-0.5*C$17*C$7*(C$11+1/PI()/C$10*C$5^2*(C23-C$8)^2)*I3^2*SIN(C22)-C$15 -> -2.566976e-07 | C23: 0.18194267 | D23: =DEGREES(C23) -> 10.424547 | F23: 1.4 | G23: 82.93 | H23: =SQRT((2*C$15)/(C$7*C$17*F23)) -> 21.135873 | I23: =C$15*SQRT((2*C$15)/(C$17*C$7*G23)) -> 18049.792 | J23: =Q42 -> 27745.083 | K23: =(J23-I23) -> 9695.2914 | L23: =K23/C$15 -> 1.475085 | M23: =DEGREES(ASIN(L23/H23)) -> 4.0019594 | N23: 11.19 | P23: ='Nr(V)'!A23 -> 10.5 | Q23: ='Nr(V)'!C23 -> 16048.562
A24: 3 | B24: =-K4*COS(C24+C25-C$3)+0.5*C$17*C$7*C$5*(C25-C$8)*I4^2*SIN(C24)+0.5*C$17*C$7*(C$11+1/PI()/C$10*C$5^2*(C25-C$8)^2)*I4^2*COS(C24) -> -1.3878912e-07 | C24: 0.082571832 | D24: =DEGREES(C24) -> 4.7310175 | F24: 1.2976295 | G24: 83.61 | H24: =SQRT((2*C$15)/(C$7*C$17*F24)) -> 21.953757 | I24: =C$15*SQRT((2*C$15)/(C$17*C$7*G24)) -> 17976.242 | J24: =Q44 -> 28685.224 | K24: =(J24-I24) -> 10708.982 | L24: =K24/C$15 -> 1.6293125 | M24: =DEGREES(ASIN(L24/H24)) -> 4.256157 | N24: 9.623 | P24: ='Nr(V)'!A24 -> 11 | Q24: ='Nr(V)'!C24 -> 16577.479
A25: 4 | B25: =K4*SIN(C24+C25-C$3)+0.5*C$17*C$7*C$5*(C25-C$8)*I4^2*COS(C24)-0.5*C$17*C$7*(C$11+1/PI()/C$10*C$5^2*(C25-C$8)^2)*I4^2*SIN(C24)-C$15 -> 0 | C25: 0.14833332 | D25: =DEGREES(C25) -> 8.4988731 | F25: 1.197 | G25: 82.42 | H25: =SQRT((2*C$15)/(C$7*C$17*F25)) -> 22.857943 | I25: =C$15*SQRT((2*C$15)/(C$17*C$7*G25)) -> 18105.55 | J25: =Q46 -> 29390.207 | K25: =(J25-I25) -> 11284.657 | L25: =K25/C$15 -> 1.7168982 | M25: =DEGREES(ASIN(L25/H25)) -> 4.3076385 | N25: 8.057 | P25: ='Nr(V)'!A25 -> 11.5 | Q25: ='Nr(V)'!C25 -> 17282.866
A26: 5 | B26: =-K5*COS(C26+C27-C$3)+0.5*C$17*C$7*C$5*(C27-C$8)*I5^2*SIN(C26)+0.5*C$17*C$7*(C$11+1/PI()/C$10*C$5^2*(C27-C$8)^2)*I5^2*COS(C26) -> -8.5298041e-07 | C26: 0.079241446 | D26: =DEGREES(C26) -> 4.5402004 | F26: 0.992 | G26: 77.64 | H26: =SQRT((2*C$15)/(C$7*C$17*F26)) -> 25.10894 | I26: =C$15*SQRT((2*C$15)/(C$17*C$7*G26)) -> 18654.571 | J26: =Q51 -> 30975.967 | K26: =(J26-I26) -> 12321.396 | L26: =K26/C$15 -> 1.8746323 | M26: =DEGREES(ASIN(L26/H26)) -> 4.2816843 | N26: 6.187 | P26: ='Nr(V)'!A26 -> 12 | Q26: ='Nr(V)'!C26 -> 17929.34
A27: 6 | B27: =K5*SIN(C26+C27-C$3)+0.5*C$17*C$7*C$5*(C27-C$8)*I5^2*COS(C26)-0.5*C$17*C$7*(C$11+1/PI()/C$10*C$5^2*(C27-C$8)^2)*I5^2*SIN(C26)-C$15 -> 0 | C27: 0.11546869 | D27: =DEGREES(C27) -> 6.6158688 | F27: 0.89051119 | G27: 71.59 | H27: =SQRT((2*C$15)/(C$7*C$17*F27)) -> 26.501138 | I27: =C$15*SQRT((2*C$15)/(C$17*C$7*G27)) -> 19426.826 | J27: =Q54 -> 32209.775 | K27: =(J27-I27) -> 12782.95 | L27: =K27/C$15 -> 1.9448552 | M27: =DEGREES(ASIN(L27/H27)) -> 4.2085838 | N27: 5.346 | P27: ='Nr(V)'!A27 -> 12.5 | Q27: ='Nr(V)'!C27 -> 18517.17
A28: 7 | B28: =-K6*COS(C28+C29-C$3)+0.5*C$17*C$7*C$5*(C29-C$8)*I6^2*SIN(C28)+0.5*C$17*C$7*(C$11+1/PI()/C$10*C$5^2*(C29-C$8)^2)*I6^2*COS(C28) -> 1.1155578e-07 | C28: 0.077577771 | D28: =DEGREES(C28) -> 4.4448789 | F28: 0.78877734 | G28: 62.64 | H28: =SQRT((2*C$15)/(C$7*C$17*F28)) -> 28.158337 | I28: =C$15*SQRT((2*C$15)/(C$17*C$7*G28)) -> 20768.357 | J28: =Q57 -> 33384.851 | K28: =(J28-I28) -> 12616.493 | L28: =K28/C$15 -> 1.9195298 | M28: =DEGREES(ASIN(L28/H28)) -> 3.9088358 | N28: 4.154 | P28: ='Nr(V)'!A28 -> 13 | Q28: ='Nr(V)'!C28 -> 19222.467
A29: 8 | B29: =K6*SIN(C28+C29-C$3)+0.5*C$17*C$7*C$5*(C29-C$8)*I6^2*COS(C28)-0.5*C$17*C$7*(C$11+1/PI()/C$10*C$5^2*(C29-C$8)^2)*I6^2*SIN(C28)-C$15 -> 0 | C29: 0.089408394 | D29: =DEGREES(C29) -> 5.1227236 | F29: 0.68820194 | G29: 51.95 | H29: =SQRT((2*C$15)/(C$7*C$17*F29)) -> 30.145762 | I29: =C$15*SQRT((2*C$15)/(C$17*C$7*G29)) -> 22805.272 | J29: =Q60 -> 34736.352 | K29: =(J29-I29) -> 11931.08 | L29: =K29/C$15 -> 1.8152479 | M29: =DEGREES(ASIN(L29/H29)) -> 3.4521934 | N29: 3.079 | P29: ='Nr(V)'!A29 -> 13.5 | Q29: ='Nr(V)'!C29 -> 19692.515
A30: 9 | B30: =-K7*COS(C30+C31-C$3)+0.5*C$17*C$7*C$5*(C31-C$8)*I7^2*SIN(C30)+0.5*C$17*C$7*(C$11+1/PI()/C$10*C$5^2*(C31-C$8)^2)*I7^2*COS(C30) -> 1.2818077e-07 | C30: 0.073949174 | D30: =DEGREES(C30) -> 4.2369756 | F30: 0.58038845 | G30: 39.37 | H30: =SQRT((2*C$15)/(C$7*C$17*F30)) -> 32.826519 | I30: =C$15*SQRT((2*C$15)/(C$17*C$7*G30)) -> 26196.623 | J30: =Q65 -> 36380.89 | K30: =(J30-I30) -> 10184.267 | L30: =K30/C$15 -> 1.5494799 | M30: =DEGREES(ASIN(L30/H30)) -> 2.7054852 | N30: 2.073 | P30: ='Nr(V)'!A30 -> 14 | Q30: ='Nr(V)'!C30 -> 20103.83
A31: 10 | B31: =K7*SIN(C30+C31-C$3)+0.5*C$17*C$7*C$5*(C31-C$8)*I7^2*COS(C30)-0.5*C$17*C$7*(C$11+1/PI()/C$10*C$5^2*(C31-C$8)^2)*I7^2*SIN(C30)-C$15 -> 0 | C31: 0.068521584 | D31: =DEGREES(C31) -> 3.9259976 | F31: 0.48333193 | G31: 27.9 | H31: =SQRT((2*C$15)/(C$7*C$17*F31)) -> 35.971742 | I31: =C$15*SQRT((2*C$15)/(C$17*C$7*G31)) -> 31119.021 | J31: =Q71 -> 38495.657 | K31: =(J31-I31) -> 7376.636 | L31: =K31/C$15 -> 1.1223144 | M31: =DEGREES(ASIN(L31/H31)) -> 1.7879122 | N31: 1.233 | P31: ='Nr(V)'!A31 -> 14.5 | Q31: ='Nr(V)'!C31 -> 20573.923
A32: 11 | B32: =-K8*COS(C32+C33-C$3)+0.5*C$17*C$7*C$5*(C33-C$8)*I8^2*SIN(C32)+0.5*C$17*C$7*(C$11+1/PI()/C$10*C$5^2*(C33-C$8)^2)*I8^2*COS(C32) -> 5.8676505e-08 | C32: 0.067833413 | D32: =DEGREES(C32) -> 3.8865683 | F32: 0.38026544 | G32: 16.61 | H32: =SQRT((2*C$15)/(C$7*C$17*F32)) -> 40.554662 | I32: =C$15*SQRT((2*C$15)/(C$17*C$7*G32)) -> 40331.392 | J32: =Q80 -> 41667.672 | K32: =(J32-I32) -> 1336.2801 | L32: =K32/C$15 -> 0.20330763 | M32: =DEGREES(ASIN(L32/H32)) -> 0.28723499 | N32: 0.392 | P32: ='Nr(V)'!A32 -> 15 | Q32: ='Nr(V)'!C32 -> 21044.151
A33: 12 | B33: =K8*SIN(C32+C33-C$3)+0.5*C$17*C$7*C$5*(C33-C$8)*I8^2*COS(C32)-0.5*C$17*C$7*(C$11+1/PI()/C$10*C$5^2*(C33-C$8)^2)*I8^2*SIN(C32)-C$15 -> 0 | C33: 0.05154809 | D33: =DEGREES(C33) -> 2.953488 | F33: 0.334 | G33: 12.24 | H33: =SQRT((2*C$15)/(C$7*C$17*F33)) -> 43.2724 | I33: =C$15*SQRT((2*C$15)/(C$17*C$7*G33)) -> 46982.629 | J33: =Q85 -> 40724.11 | K33: =(J33-I33) -> -6258.5191 | L33: =K33/C$15 -> -0.95219911 | M33: =DEGREES(ASIN(L33/H33)) -> -1.2608821 | N33: -0.133 | P33: ='Nr(V)'!A33 -> 15.5 | Q33: ='Nr(V)'!C33 -> 21867.141
A34: 13 | B34: =-K9*COS(C34+C35-C$3)+0.5*C$17*C$7*C$5*(C35-C$8)*I9^2*SIN(C34)+0.5*C$17*C$7*(C$11+1/PI()/C$10*C$5^2*(C35-C$8)^2)*I9^2*COS(C34) -> 0 | C34: 0.054013645 | D34: =DEGREES(C34) -> 3.0947539 | F34: 0.279 | G34: 7.83 | H34: =SQRT((2*C$15)/(C$7*C$17*F34)) -> 47.345871 | I34: =C$15*SQRT((2*C$15)/(C$17*C$7*G34)) -> 58741.786 | J34: =Q93 -> 35955.399 | K34: =(J34-I34) -> -22786.387 | L34: =K34/C$15 -> -3.4668229 | M34: =DEGREES(ASIN(L34/H34)) -> -4.1991466 | N34: -0.8 | P34: ='Nr(V)'!A34 -> 16 | Q34: ='Nr(V)'!C34 -> 22572.483
A35: 14 | B35: =K9*SIN(C34+C35-C$3)+0.5*C$17*C$7*C$5*(C35-C$8)*I9^2*COS(C34)-0.5*C$17*C$7*(C$11+1/PI()/C$10*C$5^2*(C35-C$8)^2)*I9^2*SIN(C34)-C$15 -> 0 | C35: 0.031491841 | D35: =DEGREES(C35) -> 1.8043496 | F35: 0.229 | G35: 4.72 | H35: =SQRT((2*C$15)/(C$7*C$17*F35)) -> 52.259647 | I35: =C$15*SQRT((2*C$15)/(C$17*C$7*G35)) -> 75658.378 | J35: =Q103 -> 26715.199 | K35: =(J35-I35) -> -48943.179 | L35: =K35/C$15 -> -7.4464344 | M35: =DEGREES(ASIN(L35/H35)) -> -8.1919102 | N35: -1.326 | P35: ='Nr(V)'!A35 -> 16.5 | Q35: ='Nr(V)'!C35 -> 23160.313
A36: 15 | B36: =-K10*COS(C36+C37-C$3)+0.5*C$17*C$7*C$5*(C37-C$8)*I10^2*SIN(C36)+0.5*C$17*C$7*(C$11+1/PI()/C$10*C$5^2*(C37-C$8)^2)*I10^2*COS(C36) -> -6.7933729e-07 | C36: 0.041927907 | D36: =DEGREES(C36) -> 2.4022921 | P36: ='Nr(V)'!A36 -> 17 | Q36: ='Nr(V)'!C36 -> 23571.583
A37: 16 | B37: =K10*SIN(C36+C37-C$3)+0.5*C$17*C$7*C$5*(C37-C$8)*I10^2*COS(C36)-0.5*C$17*C$7*(C$11+1/PI()/C$10*C$5^2*(C37-C$8)^2)*I10^2*SIN(C36)-C$15 -> 0 | C37: 0.016090271 | D37: =DEGREES(C37) -> 0.92190463 | F37: Metoda mocy, m=m0, h=500m | P37: ='Nr(V)'!A37 -> 17.5 | Q37: ='Nr(V)'!C37 -> 24394.572
A38: 17 | B38: =-K11*COS(C38+C39-C$3)+0.5*C$17*C$7*C$5*(C39-C$8)*I11^2*SIN(C38)+0.5*C$17*C$7*(C$11+1/PI()/C$10*C$5^2*(C39-C$8)^2)*I11^2*COS(C38) -> -1.7383718e-07 | C38: 0.024994539 | D38: =DEGREES(C38) -> 1.4320816 | F38: Cz | G38: E | H38: V [m/s] | I38: Nn [W] | J38: Nr [W] | K38: ΔN [W] | L38: w [m/s] | M38: γ [°] | N38: α [°] | P38: ='Nr(V)'!A38 -> 18 | Q38: ='Nr(V)'!C38 -> 24982.402
A39: 18 | B39: =K11*SIN(C38+C39-C$3)+0.5*C$17*C$7*C$5*(C39-C$8)*I11^2*COS(C38)-0.5*C$17*C$7*(C$11+1/PI()/C$10*C$5^2*(C39-C$8)^2)*I11^2*SIN(C38)-C$15 -> 0 | C39: 0.0040352788 | D39: =DEGREES(C39) -> 0.23120445 | F39: =F22 -> 1.507 | G39: =G22 -> 80.83 | H39: =SQRT((2*C$2)/(C$7*C$17*F39)) -> 20.971011 | I39: =C$2*SQRT((2*C$2)/(C$17*C$7*G39)) -> 19944.22 | J39: =Q44 -> 28685.224 | K39: =(J39-I39) -> 8741.0044 | L39: =K39/C$2 -> 1.2549719 | M39: =DEGREES(ASIN(L39/H39)) -> 3.4308111 | N39: =N22 -> 13.202 | P39: ='Nr(V)'!A39 -> 18.5 | Q39: ='Nr(V)'!C39 -> 25805.392
A40: 19 | B40: =-K12*COS(C40+C41-C$3)+0.5*C$17*C$7*C$5*(C41-C$8)*I12^2*SIN(C40)+0.5*C$17*C$7*(C$11+1/PI()/C$10*C$5^2*(C41-C$8)^2)*I12^2*COS(C40) -> -3.10686e-07 | C40: -0.0048690726 | D40: =DEGREES(C40) -> -0.27897731 | F40: =F23 -> 1.4 | G40: =G23 -> 82.93 | H40: =SQRT((2*C$2)/(C$7*C$17*F40)) -> 21.757649 | I40: =C$2*SQRT((2*C$2)/(C$17*C$7*G40)) -> 19690.081 | J40: =Q45 -> 29037.76 | K40: =(J40-I40) -> 9347.6791 | L40: =K40/C$2 -> 1.3420739 | M40: =DEGREES(ASIN(L40/H40)) -> 3.5364122 | N40: =N23 -> 11.19 | P40: ='Nr(V)'!A40 -> 19 | Q40: ='Nr(V)'!C40 -> 26334.353
A41: 20 | B41: =K12*SIN(C40+C41-C$3)+0.5*C$17*C$7*C$5*(C41-C$8)*I12^2*COS(C40)-0.5*C$17*C$7*(C$11+1/PI()/C$10*C$5^2*(C41-C$8)^2)*I12^2*SIN(C40)-C$15 -> 0 | C41: -0.0056046811 | D41: =DEGREES(C41) -> -0.32112457 | F41: =F24 -> 1.2976295 | G41: =G24 -> 83.61 | H41: =SQRT((2*C$2)/(C$7*C$17*F41)) -> 22.599594 | I41: =C$2*SQRT((2*C$2)/(C$17*C$7*G41)) -> 19609.848 | J41: =Q47 -> 29624.916 | K41: =(J41-I41) -> 10015.067 | L41: =K41/C$2 -> 1.4378928 | M41: =DEGREES(ASIN(L41/H41)) -> 3.6478919 | N41: =N24 -> 9.623 | P41: ='Nr(V)'!A41 -> 19.5 | Q41: ='Nr(V)'!C41 -> 27216.121
A42: 21 | B42: =-K13*COS(C42+C43-C$3)+0.5*C$17*C$7*C$5*(C43-C$8)*I13^2*SIN(C42)+0.5*C$17*C$7*(C$11+1/PI()/C$10*C$5^2*(C43-C$8)^2)*I13^2*COS(C42) -> -7.7164805e-07 | C42: -0.028572573 | D42: =DEGREES(C42) -> -1.6370878 | F42: =F25 -> 1.197 | G42: =G25 -> 82.42 | H42: =SQRT((2*C$2)/(C$7*C$17*F42)) -> 23.530378 | I42: =C$2*SQRT((2*C$2)/(C$17*C$7*G42)) -> 19750.907 | J42: =Q49 -> 30094.649 | K42: =(J42-I42) -> 10343.742 | L42: =K42/C$2 -> 1.4850816 | M42: =DEGREES(ASIN(L42/H42)) -> 3.6185351 | N42: =N25 -> 8.057 | P42: ='Nr(V)'!A42 -> 20 | Q42: ='Nr(V)'!C42 -> 27745.083
A43: 22 | B43: =K13*SIN(C42+C43-C$3)+0.5*C$17*C$7*C$5*(C43-C$8)*I13^2*COS(C42)-0.5*C$17*C$7*(C$11+1/PI()/C$10*C$5^2*(C43-C$8)^2)*I13^2*SIN(C42)-C$15 -> 0 | C43: -0.011023318 | D43: =DEGREES(C43) -> -0.63158959 | F43: =F26 -> 0.992 | G43: =G26 -> 77.64 | H43: =SQRT((2*C$2)/(C$7*C$17*F43)) -> 25.847596 | I43: =C$2*SQRT((2*C$2)/(C$17*C$7*G43)) -> 20349.82 | J43: =Q54 -> 32209.775 | K43: =(J43-I43) -> 11859.955 | L43: =K43/C$2 -> 1.7027688 | M43: =DEGREES(ASIN(L43/H43)) -> 3.7772245 | N43: =N26 -> 6.187 | P43: ='Nr(V)'!A43 -> 20.5 | Q43: ='Nr(V)'!C43 -> 28391.557
A44: 23 | B44: =-K14*COS(C44+C45-C$3)+0.5*C$17*C$7*C$5*(C45-C$8)*I14^2*SIN(C44)+0.5*C$17*C$7*(C$11+1/PI()/C$10*C$5^2*(C45-C$8)^2)*I14^2*COS(C44) -> 8.6734872e-08 | C44: -0.054455593 | D44: =DEGREES(C44) -> -3.1200757 | F44: =F27 -> 0.89051119 | G44: =G27 -> 71.59 | H44: =SQRT((2*C$2)/(C$7*C$17*F44)) -> 27.280749 | I44: =C$2*SQRT((2*C$2)/(C$17*C$7*G44)) -> 21192.255 | J44: =Q57 -> 33384.851 | K44: =(J44-I44) -> 12192.596 | L44: =K44/C$2 -> 1.7505271 | M44: =DEGREES(ASIN(L44/H44)) -> 3.6790327 | N44: =N27 -> 5.346 | P44: ='Nr(V)'!A44 -> 21 | Q44: ='Nr(V)'!C44 -> 28685.224
A45: 24 | B45: =K14*SIN(C44+C45-C$3)+0.5*C$17*C$7*C$5*(C45-C$8)*I14^2*COS(C44)-0.5*C$17*C$7*(C$11+1/PI()/C$10*C$5^2*(C45-C$8)^2)*I14^2*SIN(C44)-C$15 -> 0 | C45: -0.015798646 | D45: =DEGREES(C45) -> -0.90519572 | F45: =F28 -> 0.78877734 | G45: =G28 -> 62.64 | H45: =SQRT((2*C$2)/(C$7*C$17*F45)) -> 28.9867 | I45: =C$2*SQRT((2*C$2)/(C$17*C$7*G45)) -> 22655.699 | J45: =Q60 -> 34736.352 | K45: =(J45-I45) -> 12080.653 | L45: =K45/C$2 -> 1.734455 | M45: =DEGREES(ASIN(L45/H45)) -> 3.4304129 | N45: =N28 -> 4.154 | P45: ='Nr(V)'!A45 -> 21.5 | Q45: ='Nr(V)'!C45 -> 29037.76
A46: 25 | B46: =-K15*COS(C46+C47-C$3)+0.5*C$17*C$7*C$5*(C47-C$8)*I15^2*SIN(C46)+0.5*C$17*C$7*(C$11+1/PI()/C$10*C$5^2*(C47-C$8)^2)*I15^2*COS(C46) -> 2.115496e-07 | C46: -0.081772589 | D46: =DEGREES(C46) -> -4.6852243 | F46: =F29 -> 0.68820194 | G46: =G29 -> 51.95 | H46: =SQRT((2*C$2)/(C$7*C$17*F46)) -> 31.032591 | I46: =C$2*SQRT((2*C$2)/(C$17*C$7*G46)) -> 24877.72 | J46: =Q64 -> 36087.223 | K46: =(J46-I46) -> 11209.503 | L46: =K46/C$2 -> 1.6093815 | M46: =DEGREES(ASIN(L46/H46)) -> 2.9727505 | N46: =N29 -> 3.079 | P46: ='Nr(V)'!A46 -> 22 | Q46: ='Nr(V)'!C46 -> 29390.207
A47: 26 | B47: =K15*SIN(C46+C47-C$3)+0.5*C$17*C$7*C$5*(C47-C$8)*I15^2*COS(C46)-0.5*C$17*C$7*(C$11+1/PI()/C$10*C$5^2*(C47-C$8)^2)*I15^2*SIN(C46)-C$15 -> 0 | C47: -0.020034481 | D47: =DEGREES(C47) -> -1.1478912 | F47: =F30 -> 0.58038845 | G47: =G30 -> 39.37 | H47: =SQRT((2*C$2)/(C$7*C$17*F47)) -> 33.792211 | I47: =C$2*SQRT((2*C$2)/(C$17*C$7*G47)) -> 28577.263 | J47: =Q70 -> 38084.432 | K47: =(J47-I47) -> 9507.1689 | L47: =K47/C$2 -> 1.3649724 | M47: =DEGREES(ASIN(L47/H47)) -> 2.3149843 | N47: =N30 -> 2.073 | P47: ='Nr(V)'!A47 -> 22.5 | Q47: ='Nr(V)'!C47 -> 29624.916
A48: 27 | B48: =-K16*COS(C48+C49-C$3)+0.5*C$17*C$7*C$5*(C49-C$8)*I16^2*SIN(C48)+0.5*C$17*C$7*(C$11+1/PI()/C$10*C$5^2*(C49-C$8)^2)*I16^2*COS(C48) -> 2.3318989e-07 | C48: -0.11223543 | D48: =DEGREES(C48) -> -6.4306163 | F48: =F31 -> 0.48333193 | G48: =G31 -> 27.9 | H48: =SQRT((2*C$2)/(C$7*C$17*F48)) -> 37.02996 | I48: =C$2*SQRT((2*C$2)/(C$17*C$7*G48)) -> 33946.988 | J48: =Q76 -> 40552.005 | K48: =(J48-I48) -> 6605.0174 | L48: =K48/C$2 -> 0.94830188 | M48: =DEGREES(ASIN(L48/H48)) -> 1.4674506 | N48: =N31 -> 1.233 | P48: ='Nr(V)'!A48 -> 23 | Q48: ='Nr(V)'!C48 -> 29859.985
A49: 28 | B49: =K16*SIN(C48+C49-C$3)+0.5*C$17*C$7*C$5*(C49-C$8)*I16^2*COS(C48)-0.5*C$17*C$7*(C$11+1/PI()/C$10*C$5^2*(C49-C$8)^2)*I16^2*SIN(C48)-C$15 -> 0 | C49: -0.023826942 | D49: =DEGREES(C49) -> -1.3651832 | F49: =F32 -> 0.38026544 | G49: =G32 -> 16.61 | H49: =SQRT((2*C$2)/(C$7*C$17*F49)) -> 41.747701 | I49: =C$2*SQRT((2*C$2)/(C$17*C$7*G49)) -> 43996.54 | J49: =Q85 -> 40724.11 | K49: =(J49-I49) -> -3272.4304 | L49: =K49/C$2 -> -0.46983251 | M49: =DEGREES(ASIN(L49/H49)) -> -0.64482564 | N49: =N32 -> 0.392 | P49: ='Nr(V)'!A49 -> 23.5 | Q49: ='Nr(V)'!C49 -> 30094.649
A50: 29 | B50: =-K17*COS(C50+C51-C$3)+0.5*C$17*C$7*C$5*(C51-C$8)*I17^2*SIN(C50)+0.5*C$17*C$7*(C$11+1/PI()/C$10*C$5^2*(C51-C$8)^2)*I17^2*COS(C50) -> -8.3633495e-08 | C50: -0.14214426 | D50: =DEGREES(C50) -> -8.1442664 | F50: =F33 -> 0.334 | G50: =G33 -> 12.24 | H50: =SQRT((2*C$2)/(C$7*C$17*F50)) -> 44.545389 | I50: =C$2*SQRT((2*C$2)/(C$17*C$7*G50)) -> 51252.214 | J50: =Q91 -> 37544.579 | K50: =(J50-I50) -> -13707.636 | L50: =K50/C$2 -> -1.9680458 | M50: =DEGREES(ASIN(L50/H50)) -> -2.532191 | N50: =N33 -> -0.133 | P50: ='Nr(V)'!A50 -> 24 | Q50: ='Nr(V)'!C50 -> 30505.918
A51: 30 | B51: =K17*SIN(C50+C51-C$3)+0.5*C$17*C$7*C$5*(C51-C$8)*I17^2*COS(C50)-0.5*C$17*C$7*(C$11+1/PI()/C$10*C$5^2*(C51-C$8)^2)*I17^2*SIN(C50)-C$15 -> 0 | C51: -0.027222374 | D51: =DEGREES(C51) -> -1.5597271 | F51: =F34 -> 0.279 | G51: =G34 -> 7.83 | H51: =SQRT((2*C$2)/(C$7*C$17*F51)) -> 48.738694 | I51: =C$2*SQRT((2*C$2)/(C$17*C$7*G51)) -> 64079.994 | J51: =Q99 -> 31070.075 | K51: =(J51-I51) -> -33009.919 | L51: =K51/C$2 -> -4.7393317 | M51: =DEGREES(ASIN(L51/H51)) -> -5.580237 | N51: =N34 -> -0.8 | P51: ='Nr(V)'!A51 -> 24.5 | Q51: ='Nr(V)'!C51 -> 30975.967
F52: =F35 -> 0.229 | G52: =G35 -> 4.72 | H52: =SQRT((2*C$2)/(C$7*C$17*F52)) -> 53.797023 | I52: =C$2*SQRT((2*C$2)/(C$17*C$7*G52)) -> 82533.896 | J52: =Q110 -> 18947.117 | K52: =(J52-I52) -> -63586.778 | L52: =K52/C$2 -> -9.1293418 | M52: =DEGREES(ASIN(L52/H52)) -> -9.7703627 | N52: =N35 -> -1.326 | P52: ='Nr(V)'!A52 -> 25 | Q52: ='Nr(V)'!C52 -> 31387.191
P53: ='Nr(V)'!A53 -> 25.5 | Q53: ='Nr(V)'!C53 -> 31857.284
I54: Metoda ciągu, m=m0, h=500m | P54: ='Nr(V)'!A54 -> 26 | Q54: ='Nr(V)'!C54 -> 32209.775
D55: Równanie 1 | E55: gamma | F55: alfa | G55: Rówannie 2 | I55: V [m/s] | J55: Nr [W] | K55: Ps [N] | L55: α [°] | M55: γ [°] | N55: w [m/s] | P55: ='Nr(V)'!A55 -> 26.5 | Q55: ='Nr(V)'!C55 -> 32679.824
D56: =-K56*COS(E56+F56-C$3)+0.5*C$17*C$7*C$5*(F56-C$8)*I56^2*SIN(E56)+0.5*C$17*C$7*(C$11+1/PI()/C$10*C$5^2*(F56-C$8)^2)*I56^2*COS(E56) -> 2.243396e-07 | E56: 0.066565491 | F56: 0.18287169 | G56: =K56*SIN(E56+F56-C$3)+0.5*C$17*C$7*C$5*(F56-C$8)*I56^2*COS(E56)-0.5*C$17*C$7*(C$11+1/PI()/C$10*C$5^2*(F56-C$8)^2)*I56^2*SIN(E56)-C$2 -> -8.2009847e-06 | I56: =SQRT(2*C$2/C$7/C$16/C17) -> 20.971011 | J56: =Q44 -> 28685.224 | K56: =J56/I56 -> 1367.8513 | L56: =DEGREES(F56) -> 10.477776 | M56: =DEGREES(E56) -> 3.8139217 | N56: =I56*SIN(RADIANS(M56)) -> 1.394915 | P56: ='Nr(V)'!A56 -> 27 | Q56: ='Nr(V)'!C56 -> 32797.111
D57: =-K57*COS(E57+F57-C$3)+0.5*C$17*C$7*C$5*(F57-C$8)*I57^2*SIN(E57)+0.5*C$17*C$7*(C$11+1/PI()/C$10*C$5^2*(F57-C$8)^2)*I57^2*COS(E57) -> 1.9726933e-06 | E57: 0.067723419 | F57: 0.16120374 | G57: =K57*SIN(E57+F57-C$3)+0.5*C$17*C$7*C$5*(F57-C$8)*I57^2*COS(E57)-0.5*C$17*C$7*(C$11+1/PI()/C$10*C$5^2*(F57-C$8)^2)*I57^2*SIN(E57)-C$2 -> 0 | I57: =I4 -> 22 | J57: =Q46 -> 29390.207 | K57: =J57/I57 -> 1335.9185 | L57: =DEGREES(F57) -> 9.2362938 | M57: =DEGREES(E57) -> 3.8802661 | N57: =I57*SIN(RADIANS(M57)) -> 1.4887766 | P57: ='Nr(V)'!A57 -> 27.5 | Q57: ='Nr(V)'!C57 -> 33384.851
D58: =-K58*COS(E58+F58-C$3)+0.5*C$17*C$7*C$5*(F58-C$8)*I58^2*SIN(E58)+0.5*C$17*C$7*(C$11+1/PI()/C$10*C$5^2*(F58-C$8)^2)*I58^2*COS(E58) -> 3.205769e-06 | E58: 0.066174084 | F58: 0.12634664 | G58: =K58*SIN(E58+F58-C$3)+0.5*C$17*C$7*C$5*(F58-C$8)*I58^2*COS(E58)-0.5*C$17*C$7*(C$11+1/PI()/C$10*C$5^2*(F58-C$8)^2)*I58^2*SIN(E58)-C$2 -> 0 | I58: =I5 -> 24 | J58: =Q50 -> 30505.918 | K58: =J58/I58 -> 1271.0799 | L58: =DEGREES(F58) -> 7.2391294 | M58: =DEGREES(E58) -> 3.7914957 | N58: =I58*SIN(RADIANS(M58)) -> 1.5870192 | P58: ='Nr(V)'!A58 -> 28 | Q58: ='Nr(V)'!C58 -> 33913.722
D59: =-K59*COS(E59+F59-C$3)+0.5*C$17*C$7*C$5*(F59-C$8)*I59^2*SIN(E59)+0.5*C$17*C$7*(C$11+1/PI()/C$10*C$5^2*(F59-C$8)^2)*I59^2*COS(E59) -> 4.14416e-06 | E59: 0.065855783 | F59: 0.098714531 | G59: =K59*SIN(E59+F59-C$3)+0.5*C$17*C$7*C$5*(F59-C$8)*I59^2*COS(E59)-0.5*C$17*C$7*(C$11+1/PI()/C$10*C$5^2*(F59-C$8)^2)*I59^2*SIN(E59)-C$2 -> 0 | I59: =I6 -> 26 | J59: =Q54 -> 32209.775 | K59: =J59/I59 -> 1238.8375 | L59: =DEGREES(F59) -> 5.655926 | M59: =DEGREES(E59) -> 3.7732584 | N59: =I59*SIN(RADIANS(M59)) -> 1.711013 | P59: ='Nr(V)'!A59 -> 28.5 | Q59: ='Nr(V)'!C59 -> 34383.816
D60: =-K60*COS(E60+F60-C$3)+0.5*C$17*C$7*C$5*(F60-C$8)*I60^2*SIN(E60)+0.5*C$17*C$7*(C$11+1/PI()/C$10*C$5^2*(F60-C$8)^2)*I60^2*COS(E60) -> 3.2023148e-06 | E60: 0.063433165 | F60: 0.076567587 | G60: =K60*SIN(E60+F60-C$3)+0.5*C$17*C$7*C$5*(F60-C$8)*I60^2*COS(E60)-0.5*C$17*C$7*(C$11+1/PI()/C$10*C$5^2*(F60-C$8)^2)*I60^2*SIN(E60)-C$2 -> 0 | I60: =I7 -> 28 | J60: =Q58 -> 33913.722 | K60: =J60/I60 -> 1211.2044 | L60: =DEGREES(F60) -> 4.3869996 | M60: =DEGREES(E60) -> 3.6344526 | N60: =I60*SIN(RADIANS(M60)) -> 1.7749377 | P60: ='Nr(V)'!A60 -> 29 | Q60: ='Nr(V)'!C60 -> 34736.352
D61: =-K61*COS(E61+F61-C$3)+0.5*C$17*C$7*C$5*(F61-C$8)*I61^2*SIN(E61)+0.5*C$17*C$7*(C$11+1/PI()/C$10*C$5^2*(F61-C$8)^2)*I61^2*COS(E61) -> 2.2728379e-06 | E61: 0.058475271 | F61: 0.058569701 | G61: =K61*SIN(E61+F61-C$3)+0.5*C$17*C$7*C$5*(F61-C$8)*I61^2*COS(E61)-0.5*C$17*C$7*(C$11+1/PI()/C$10*C$5^2*(F61-C$8)^2)*I61^2*SIN(E61)-C$2 -> 8.1854523e-12 | I61: =I8 -> 30 | J61: =Q62 -> 35441.154 | K61: =J61/I61 -> 1181.3718 | L61: =DEGREES(F61) -> 3.3557966 | M61: =DEGREES(E61) -> 3.3503863 | N61: =I61*SIN(RADIANS(M61)) -> 1.7532586 | P61: ='Nr(V)'!A61 -> 29.5 | Q61: ='Nr(V)'!C61 -> 35147.576
D62: =-K62*COS(E62+F62-C$3)+0.5*C$17*C$7*C$5*(F62-C$8)*I62^2*SIN(E62)+0.5*C$17*C$7*(C$11+1/PI()/C$10*C$5^2*(F62-C$8)^2)*I62^2*COS(E62) -> 1.298397e-06 | E62: 0.046393247 | F62: 0.037304079 | G62: =K62*SIN(E62+F62-C$3)+0.5*C$17*C$7*C$5*(F62-C$8)*I62^2*COS(E62)-0.5*C$17*C$7*(C$11+1/PI()/C$10*C$5^2*(F62-C$8)^2)*I62^2*SIN(E62)-C$2 -> 0 | I62: =I9 -> 33 | J62: =Q68 -> 37203.114 | K62: =J62/I62 -> 1127.3671 | L62: =DEGREES(F62) -> 2.1373663 | M62: =DEGREES(E62) -> 2.6581372 | N62: =I62*SIN(RADIANS(M62)) -> 1.530428 | P62: ='Nr(V)'!A62 -> 30 | Q62: ='Nr(V)'!C62 -> 35441.154
D63: =-K63*COS(E63+F63-C$3)+0.5*C$17*C$7*C$5*(F63-C$8)*I63^2*SIN(E63)+0.5*C$17*C$7*(C$11+1/PI()/C$10*C$5^2*(F63-C$8)^2)*I63^2*COS(E63) -> 1.0666802e-06 | E63: 0.035718926 | F63: 0.020979086 | G63: =K63*SIN(E63+F63-C$3)+0.5*C$17*C$7*C$5*(F63-C$8)*I63^2*COS(E63)-0.5*C$17*C$7*(C$11+1/PI()/C$10*C$5^2*(F63-C$8)^2)*I63^2*SIN(E63)-C$2 -> 0 | I63: =I10 -> 36 | J63: =Q74 -> 39788.154 | K63: =J63/I63 -> 1105.2265 | L63: =DEGREES(F63) -> 1.2020131 | M63: =DEGREES(E63) -> 2.0465437 | N63: =I63*SIN(RADIANS(M63)) -> 1.2856079 | P63: ='Nr(V)'!A63 -> 30.5 | Q63: ='Nr(V)'!C63 -> 35676.043
D64: =-K64*COS(E64+F64-C$3)+0.5*C$17*C$7*C$5*(F64-C$8)*I64^2*SIN(E64)+0.5*C$17*C$7*(C$11+1/PI()/C$10*C$5^2*(F64-C$8)^2)*I64^2*COS(E64) -> -3.2579412e-06 | E64: 0.020308877 | F64: 0.0082033979 | G64: =K64*SIN(E64+F64-C$3)+0.5*C$17*C$7*C$5*(F64-C$8)*I64^2*COS(E64)-0.5*C$17*C$7*(C$11+1/PI()/C$10*C$5^2*(F64-C$8)^2)*I64^2*SIN(E64)-C$2 -> 0 | I64: =I11 -> 39 | J64: =Q80 -> 41667.672 | K64: =J64/I64 -> 1068.4018 | L64: =DEGREES(F64) -> 0.47002007 | M64: =DEGREES(E64) -> 1.1636129 | N64: =I64*SIN(RADIANS(M64)) -> 0.79199175 | P64: ='Nr(V)'!A64 -> 31 | Q64: ='Nr(V)'!C64 -> 36087.223
D65: =-K65*COS(E65+F65-C$3)+0.5*C$17*C$7*C$5*(F65-C$8)*I65^2*SIN(E65)+0.5*C$17*C$7*(C$11+1/PI()/C$10*C$5^2*(F65-C$8)^2)*I65^2*COS(E65) -> 4.8781885e-09 | E65: -0.0074217086 | F65: -0.0020082787 | G65: =K65*SIN(E65+F65-C$3)+0.5*C$17*C$7*C$5*(F65-C$8)*I65^2*COS(E65)-0.5*C$17*C$7*(C$11+1/PI()/C$10*C$5^2*(F65-C$8)^2)*I65^2*SIN(E65)-C$2 -> 0 | I65: =I12 -> 42 | J65: =Q86 -> 40370.539 | K65: =J65/I65 -> 961.2033 | L65: =DEGREES(F65) -> -0.11506589 | M65: =DEGREES(E65) -> -0.42523258 | N65: =I65*SIN(RADIANS(M65)) -> -0.3117089 | P65: ='Nr(V)'!A65 -> 31.5 | Q65: ='Nr(V)'!C65 -> 36380.89
D66: =-K66*COS(E66+F66-C$3)+0.5*C$17*C$7*C$5*(F66-C$8)*I66^2*SIN(E66)+0.5*C$17*C$7*(C$11+1/PI()/C$10*C$5^2*(F66-C$8)^2)*I66^2*COS(E66) -> 1.3632578e-06 | E66: -0.029540274 | F66: -0.0077434391 | G66: =K66*SIN(E66+F66-C$3)+0.5*C$17*C$7*C$5*(F66-C$8)*I66^2*COS(E66)-0.5*C$17*C$7*(C$11+1/PI()/C$10*C$5^2*(F66-C$8)^2)*I66^2*SIN(E66)-C$2 -> 0 | I66: =I13 -> 44 | J66: =Q90 -> 38368.648 | K66: =J66/I66 -> 872.01474 | L66: =DEGREES(F66) -> -0.44366638 | M66: =DEGREES(E66) -> -1.692533 | N66: =I66*SIN(RADIANS(M66)) -> -1.299583 | P66: ='Nr(V)'!A66 -> 32 | Q66: ='Nr(V)'!C66 -> 36674.603
D67: =-K67*COS(E67+F67-C$3)+0.5*C$17*C$7*C$5*(F67-C$8)*I67^2*SIN(E67)+0.5*C$17*C$7*(C$11+1/PI()/C$10*C$5^2*(F67-C$8)^2)*I67^2*COS(E67) -> -2.5830286e-07 | E67: -0.053746681 | F67: -0.012793336 | G67: =K67*SIN(E67+F67-C$3)+0.5*C$17*C$7*C$5*(F67-C$8)*I67^2*COS(E67)-0.5*C$17*C$7*(C$11+1/PI()/C$10*C$5^2*(F67-C$8)^2)*I67^2*SIN(E67)-C$2 -> 0 | I67: =I14 -> 46 | J67: =Q94 -> 35602.007 | K67: =J67/I67 -> 773.95668 | L67: =DEGREES(F67) -> -0.73300413 | M67: =DEGREES(E67) -> -3.079458 | N67: =I67*SIN(RADIANS(M67)) -> -2.4711572 | P67: ='Nr(V)'!A67 -> 32.5 | Q67: ='Nr(V)'!C67 -> 37027.049
D68: =-K68*COS(E68+F68-C$3)+0.5*C$17*C$7*C$5*(F68-C$8)*I68^2*SIN(E68)+0.5*C$17*C$7*(C$11+1/PI()/C$10*C$5^2*(F68-C$8)^2)*I68^2*COS(E68) -> -4.7050275e-07 | E68: -0.0793298 | F68: -0.017268446 | G68: =K68*SIN(E68+F68-C$3)+0.5*C$17*C$7*C$5*(F68-C$8)*I68^2*COS(E68)-0.5*C$17*C$7*(C$11+1/PI()/C$10*C$5^2*(F68-C$8)^2)*I68^2*SIN(E68)-C$2 -> 0 | I68: =I15 -> 48 | J68: =Q98 -> 32247.131 | K68: =J68/I68 -> 671.81523 | L68: =DEGREES(F68) -> -0.98940908 | M68: =DEGREES(E68) -> -4.5452628 | N68: =I68*SIN(RADIANS(M68)) -> -3.8038378 | P68: ='Nr(V)'!A68 -> 33 | Q68: ='Nr(V)'!C68 -> 37203.114
D69: =-K69*COS(E69+F69-C$3)+0.5*C$17*C$7*C$5*(F69-C$8)*I69^2*SIN(E69)+0.5*C$17*C$7*(C$11+1/PI()/C$10*C$5^2*(F69-C$8)^2)*I69^2*COS(E69) -> 8.5323304e-06 | E69: -0.10789714 | F69: -0.021269716 | G69: =K69*SIN(E69+F69-C$3)+0.5*C$17*C$7*C$5*(F69-C$8)*I69^2*COS(E69)-0.5*C$17*C$7*(C$11+1/PI()/C$10*C$5^2*(F69-C$8)^2)*I69^2*SIN(E69)-C$2 -> 2.4556357e-11 | I69: =I16 -> 50 | J69: =Q102 -> 27715.604 | K69: =J69/I69 -> 554.31208 | L69: =DEGREES(F69) -> -1.218665 | M69: =DEGREES(E69) -> -6.1820508 | N69: =I69*SIN(RADIANS(M69)) -> -5.3843955 | P69: ='Nr(V)'!A69 -> 33.5 | Q69: ='Nr(V)'!C69 -> 37614.384
D70: =-K70*COS(E70+F70-C$3)+0.5*C$17*C$7*C$5*(F70-C$8)*I70^2*SIN(E70)+0.5*C$17*C$7*(C$11+1/PI()/C$10*C$5^2*(F70-C$8)^2)*I70^2*COS(E70) -> -9.4488428e-07 | E70: -0.13595107 | F70: -0.024848843 | G70: =K70*SIN(E70+F70-C$3)+0.5*C$17*C$7*C$5*(F70-C$8)*I70^2*COS(E70)-0.5*C$17*C$7*(C$11+1/PI()/C$10*C$5^2*(F70-C$8)^2)*I70^2*SIN(E70)-C$2 -> 0 | I70: =I17 -> 52 | J70: =Q106 -> 23184.257 | K70: =J70/I70 -> 445.85109 | L70: =DEGREES(F70) -> -1.4237338 | M70: =DEGREES(E70) -> -7.7894226 | N70: =I70*SIN(RADIANS(M70)) -> -7.0476987 | P70: ='Nr(V)'!A70 -> 34 | Q70: ='Nr(V)'!C70 -> 38084.432
P71: ='Nr(V)'!A71 -> 34.5 | Q71: ='Nr(V)'!C71 -> 38495.657
P72: ='Nr(V)'!A72 -> 35 | Q72: ='Nr(V)'!C72 -> 38906.972
P73: ='Nr(V)'!A73 -> 35.5 | Q73: ='Nr(V)'!C73 -> 39318.016
P74: ='Nr(V)'!A74 -> 36 | Q74: ='Nr(V)'!C74 -> 39788.154
P75: ='Nr(V)'!A75 -> 36.5 | Q75: ='Nr(V)'!C75 -> 40199.469
P76: ='Nr(V)'!A76 -> 37 | Q76: ='Nr(V)'!C76 -> 40552.005
P77: ='Nr(V)'!A77 -> 37.5 | Q77: ='Nr(V)'!C77 -> 41022.053
P78: ='Nr(V)'!A78 -> 38 | Q78: ='Nr(V)'!C78 -> 41374.499
P79: ='Nr(V)'!A79 -> 38.5 | Q79: ='Nr(V)'!C79 -> 41609.433
P80: ='Nr(V)'!A80 -> 39 | Q80: ='Nr(V)'!C80 -> 41667.672
P81: ='Nr(V)'!A81 -> 39.5 | Q81: ='Nr(V)'!C81 -> 41666.997
P82: ='Nr(V)'!A82 -> 40 | Q82: ='Nr(V)'!C82 -> 41607.813
... P114: ='Nr(V)'!A114 -> 56 | Q114: ='Nr(V)'!C114 -> 13533.282

Sheet h=1000m
A1: wysokość lotu | B1: h | C1: 1000 | D1: m | I1: Metoda ciągu, m=mśr, h=1000m | P1: ='Nr(V)'!A1 -> h | Q1: ='Nr(V)'!D1 -> 1000
A2: Ciężar maksymalny samolotu | B2: Qmax | C2: =Podsumowanie!B9 -> 6965.1 | D2: N | I2: V [m/s] | J2: Nr [W] | K2: Ps [N] | L2: α [°] | M2: γ [°] | N2: w [m/s] | P2: ='Nr(V)'!A2 -> 0 | Q2: ='Nr(V)'!D2 -> 0
A3: kąt pochylenia osi silnika fi | B3: φ | C3: =Podsumowanie!B30 -> 0.017453293 | D3: rad | I3: =SQRT(2*C15/C$7/C$16/C17) -> 20.875566 | J3: =Q44 -> 26861.74 | K3: =J3/I3 -> 1286.7551 | L3: =OFFSET(D23,A23-2,0,1,1) -> 10.479794 | M3: =OFFSET(D22,A23-2,0,1,1) -> 3.7775124 | N3: =I3*SIN(RADIANS(M3)) -> 1.3753298 | P3: ='Nr(V)'!A3 -> 0.5 | Q3: ='Nr(V)'!D3 -> 764.25582
A4: średnica śmigła | B4: D | C4: =Podsumowanie!B13 -> 1.8 | D4: m | I4: 22 | J4: =Q46 -> 27566.677 | K4: =J4/I4 -> 1253.0308 | L4: =OFFSET(D24,A24-2,0,1,1) -> 9.1254557 | M4: =OFFSET(D23,A24-2,0,1,1) -> 3.8407257 | N4: =I4*SIN(RADIANS(M4)) -> 1.4736286 | P4: ='Nr(V)'!A4 -> 1 | Q4: ='Nr(V)'!D4 -> 1351.951
A5: Współczynnik kierunkowy Cz(a) | B5: a∞ | C5: =Podsumowanie!B17 -> 5.832 | D5: 1/rad | I5: 24 | J5: =Q50 -> 28858.86 | K5: =J5/I5 -> 1202.4525 | L5: =OFFSET(D25,A25-2,0,1,1) -> 7.1410731 | M5: =OFFSET(D24,A25-2,0,1,1) -> 3.8368221 | N5: =I5*SIN(RADIANS(M5)) -> 1.6059634 | P5: ='Nr(V)'!A5 -> 1.5 | Q5: ='Nr(V)'!D5 -> 2116.1618
A6: Moc silnika | B6: Nmax | C6: =Podsumowanie!B10 -> 59000 | D6: W | I6: 26 | J6: =Q54 -> 30386.246 | K6: =J6/I6 -> 1168.7018 | L6: =OFFSET(D26,A26-2,0,1,1) -> 5.5723396 | M6: =OFFSET(D25,A26-2,0,1,1) -> 3.7798074 | N6: =I6*SIN(RADIANS(M6)) -> 1.7139783 | P6: ='Nr(V)'!A6 -> 2 | Q6: ='Nr(V)'!D6 -> 2821.5941
A7: Powierzchnia nośna | B7: S | C7: =Podsumowanie!B3 -> 18 | D7: m2 | I7: 28 | J7: =Q58 -> 32148.927 | K7: =J7/I7 -> 1148.1759 | L7: =OFFSET(D27,A27-2,0,1,1) -> 4.3135227 | M7: =OFFSET(D26,A27-2,0,1,1) -> 3.681769 | N7: =I7*SIN(RADIANS(M7)) -> 1.7980137 | P7: ='Nr(V)'!A7 -> 2.5 | Q7: ='Nr(V)'!D7 -> 3762.1855
A8: Kąt zerowej siły nośnej | B8: α0 | C8: =Podsumowanie!B31 -> -0.066601764 | D8: rad | I8: 30 | J8: =Q62 -> 33558.711 | K8: =J8/I8 -> 1118.6237 | L8: =OFFSET(D28,A28-2,0,1,1) -> 3.2916587 | M8: =OFFSET(D27,A28-2,0,1,1) -> 3.3774428 | N8: =I8*SIN(RADIANS(M8)) -> 1.7674009 | P8: ='Nr(V)'!A8 -> 3 | Q8: ='Nr(V)'!D8 -> 4408.7493
A9: masa samolotu | B9: m | C9: =Podsumowanie!B7 -> 620 | D9: kg | I9: 33 | J9: =Q68 -> 35320.491 | K9: =J9/I9 -> 1070.3179 | L9: =OFFSET(D29,A29-2,0,1,1) -> 2.0838938 | M9: =OFFSET(D28,A29-2,0,1,1) -> 2.6973595 | N9: =I9*SIN(RADIANS(M9)) -> 1.5529937 | P9: ='Nr(V)'!A9 -> 3.5 | Q9: ='Nr(V)'!D9 -> 5290.6521
A10: wydłużenie Oswalda | B10: Λe | C10: =Podsumowanie!B14 -> 4.587 | D10: - | I10: 36 | J10: =Q74 -> 37435.303 | K10: =J10/I10 -> 1039.8695 | L10: =OFFSET(D30,A30-2,0,1,1) -> 1.1572329 | M10: =OFFSET(D29,A30-2,0,1,1) -> 1.9913872 | N10: =I10*SIN(RADIANS(M10)) -> 1.2509736 | P10: ='Nr(V)'!A10 -> 4 | Q10: ='Nr(V)'!D10 -> 6113.6865
A11: Minimalny Cx z danych | B11: (Cx)min | C11: =Podsumowanie!B15 -> 0.04478 | D11: - | I11: 39 | J11: =Q80 -> 39255.772 | K11: =J11/I11 -> 1006.5583 | L11: =OFFSET(D31,A31-2,0,1,1) -> 0.43159878 | M11: =OFFSET(D30,A31-2,0,1,1) -> 1.1105444 | N11: =I11*SIN(RADIANS(M11)) -> 0.75587629 | P11: ='Nr(V)'!A11 -> 4.5 | Q11: ='Nr(V)'!D11 -> 6819.0738
A12: Obroty silnika | B12: ns | C12: =Podsumowanie!B12 -> 36.667 | D12: 1/s | I12: 42 | J12: =Q86 -> 38605.968 | K12: =J12/I12 -> 919.18971 | L12: =OFFSET(D32,A32-2,0,1,1) -> -0.14822486 | M12: =OFFSET(D31,A32-2,0,1,1) -> -0.36884303 | N12: =I12*SIN(RADIANS(M12)) -> -0.2703742 | P12: ='Nr(V)'!A12 -> 5 | Q12: ='Nr(V)'!D12 -> 7406.904
A13: współczynnik korekcyjny | B13: k | C13: =Podsumowanie!B18 -> 0.14 | D13: - | I13: 44 | J13: =Q90 -> 36486.296 | K13: =J13/I13 -> 829.23399 | L13: =OFFSET(D33,A33-2,0,1,1) -> -0.4739921 | M13: =OFFSET(D32,A33-2,0,1,1) -> -1.6938281 | N13: =I13*SIN(RADIANS(M13)) -> -1.3005771 | P13: ='Nr(V)'!A13 -> 5.5 | Q13: ='Nr(V)'!D13 -> 8112.2463
A14: gęstość powietrza przy ziemii | B14: ρ | C14: =Podsumowanie!B2 -> 1.2255 | D14: kg/m3 | I14: 46 | J14: =Q94 -> 33954.858 | K14: =J14/I14 -> 738.1491 | L14: =OFFSET(D34,A34-2,0,1,1) -> -0.76071744 | M14: =OFFSET(D33,A34-2,0,1,1) -> -3.075578 | N14: =I14*SIN(RADIANS(M14)) -> -2.4680466 | P14: ='Nr(V)'!A14 -> 6 | Q14: ='Nr(V)'!D14 -> 8582.3844
A15: Ciężar samolotu | B15: Q | C15: =Podsumowanie!B8 -> 6572.7 | D15: N | I15: 48 | J15: =Q98 -> 30776.408 | K15: =J15/I15 -> 641.17516 | L15: =OFFSET(D35,A35-2,0,1,1) -> -1.014886 | M15: =OFFSET(D34,A35-2,0,1,1) -> -4.5540886 | N15: =I15*SIN(RADIANS(M15)) -> -3.8112084 | P15: ='Nr(V)'!A15 -> 6.5 | Q15: ='Nr(V)'!D15 -> 9228.8582
A16: maksymalny współczynnik siły nośnej | B16: Czmax | C16: =Podsumowanie!B16 -> 1.507 | D16: - | I16: 50 | J16: =Q102 -> 26833.341 | K16: =J16/I16 -> 536.66682 | L16: =OFFSET(D36,A36-2,0,1,1) -> -1.241774 | M16: =OFFSET(D35,A36-2,0,1,1) -> -6.1431453 | N16: =I16*SIN(RADIANS(M16)) -> -5.3506402 | P16: ='Nr(V)'!A16 -> 7 | Q16: ='Nr(V)'!D16 -> 10051.983
A17: gęstość powietrza na wysokości h | B17: ρh | C17: =C14*(1-C1/44300)^4.256 -> 1.1120173 | D17: kg/m3 | I17: 52 | J17: =Q106 -> 22125.478 | K17: =J17/I17 -> 425.48997 | L17: =OFFSET(D37,A37-2,0,1,1) -> -1.4455894 | M17: =OFFSET(D36,A37-2,0,1,1) -> -7.8355784 | N17: =I17*SIN(RADIANS(M17)) -> -7.0891996 | P17: ='Nr(V)'!A17 -> 7.5 | Q17: ='Nr(V)'!D17 -> 10874.927
A18: Moc na wysokości przelotowej | B18: Nh | C18: =C6*((C17/C14)-C13)/(1-C13) -> 52647.131 | D18: W | P18: ='Nr(V)'!A18 -> 8 | Q18: ='Nr(V)'!D18 -> 11403.979
A19: Współczynnik mocy | B19: CN | C19: =C18/C17/C12^3/C4^5 -> 0.050824663 | D19: - | P19: ='Nr(V)'!A19 -> 8.5 | Q19: ='Nr(V)'!D19 -> 12403.393
F20: Metoda mocy, m=mśr, h=1000m | P20: ='Nr(V)'!A20 -> 9 | Q20: ='Nr(V)'!D20 -> 13108.781
B21: Równania | C21: Kąty [rad] | D21: Kąty [deg] | F21: Cz | G21: E | H21: V [m/s] | I21: Nn [W] | J21: Nr [W] | K21: ΔN [W] | L21: w [m/s] | M21: γ [°] | N21: α [°] | P21: ='Nr(V)'!A21 -> 9.5 | Q21: ='Nr(V)'!D21 -> 13696.566
A22: 1 | B22: =-K3*COS(C22+C23-C$3)+0.5*C$17*C$7*C$5*(C23-C$8)*I3^2*SIN(C22)+0.5*C$17*C$7*(C$11+1/PI()/C$10*C$5^2*(C23-C$8)^2)*I3^2*COS(C22) -> -5.6629688e-09 | C22: 0.065930029 | D22: =DEGREES(C22) -> 3.7775124 | F22: 1.507 | G22: 80.83 | H22: =SQRT((2*C$15)/(C$7*C$17*F22)) -> 20.875566 | I22: =C$15*SQRT((2*C$15)/(C$17*C$7*G22)) -> 18734.944 | J22: =Q42 -> 25980.467 | K22: =(J22-I22) -> 7245.5232 | L22: =K22/C$15 -> 1.1023663 | M22: =DEGREES(ASIN(L22/H22)) -> 3.0269996 | N22: 13.202 | P22: ='Nr(V)'!A22 -> 10 | Q22: ='Nr(V)'!D22 -> 14519.51
A23: 2 | B23: =K3*SIN(C22+C23-C$3)+0.5*C$17*C$7*C$5*(C23-C$8)*I3^2*COS(C22)-0.5*C$17*C$7*(C$11+1/PI()/C$10*C$5^2*(C23-C$8)^2)*I3^2*SIN(C22)-C$15 -> -5.3862459e-07 | C23: 0.18290691 | D23: =DEGREES(C23) -> 10.479794 | F23: 1.4 | G23: 82.93 | H23: =SQRT((2*C$15)/(C$7*C$17*F23)) -> 21.658624 | I23: =C$15*SQRT((2*C$15)/(C$17*C$7*G23)) -> 18496.215 | J23: =Q44 -> 26861.74 | K23: =(J23-I23) -> 8365.5253 | L23: =K23/C$15 -> 1.2727685 | M23: =DEGREES(ASIN(L23/H23)) -> 3.3689259 | N23: 11.19 | P23: ='Nr(V)'!A23 -> 10.5 | Q23: ='Nr(V)'!D23 -> 15048.517
A24: 3 | B24: =-K4*COS(C24+C25-C$3)+0.5*C$17*C$7*C$5*(C25-C$8)*I4^2*SIN(C24)+0.5*C$17*C$7*(C$11+1/PI()/C$10*C$5^2*(C25-C$8)^2)*I4^2*COS(C24) -> 1.6714523e-07 | C24: 0.067033308 | D24: =DEGREES(C24) -> 3.8407257 | F24: 1.2976295 | G24: 83.61 | H24: =SQRT((2*C$15)/(C$7*C$17*F24)) -> 22.496737 | I24: =C$15*SQRT((2*C$15)/(C$17*C$7*G24)) -> 18420.846 | J24: =Q45 -> 27331.788 | K24: =(J24-I24) -> 8910.9419 | L24: =K24/C$15 -> 1.3557506 | M24: =DEGREES(ASIN(L24/H24)) -> 3.4549848 | N24: 9.623 | P24: ='Nr(V)'!A24 -> 11 | Q24: ='Nr(V)'!D24 -> 15636.347
A25: 4 | B25: =K4*SIN(C24+C25-C$3)+0.5*C$17*C$7*C$5*(C25-C$8)*I4^2*COS(C24)-0.5*C$17*C$7*(C$11+1/PI()/C$10*C$5^2*(C25-C$8)^2)*I4^2*SIN(C24)-C$15 -> 0 | C25: 0.15926925 | D25: =DEGREES(C25) -> 9.1254557 | F25: 1.197 | G25: 82.42 | H25: =SQRT((2*C$15)/(C$7*C$17*F25)) -> 23.423285 | I25: =C$15*SQRT((2*C$15)/(C$17*C$7*G25)) -> 18553.352 | J25: =Q48 -> 28212.656 | K25: =(J25-I25) -> 9659.3039 | L25: =K25/C$15 -> 1.4696097 | M25: =DEGREES(ASIN(L25/H25)) -> 3.5971802 | N25: 8.057 | P25: ='Nr(V)'!A25 -> 11.5 | Q25: ='Nr(V)'!D25 -> 16341.69
A26: 5 | B26: =-K5*COS(C26+C27-C$3)+0.5*C$17*C$7*C$5*(C27-C$8)*I5^2*SIN(C26)+0.5*C$17*C$7*(C$11+1/PI()/C$10*C$5^2*(C27-C$8)^2)*I5^2*COS(C26) -> 2.3874236e-12 | C26: 0.066965179 | D26: =DEGREES(C26) -> 3.8368221 | F26: 0.992 | G26: 77.64 | H26: =SQRT((2*C$15)/(C$7*C$17*F26)) -> 25.729956 | I26: =C$15*SQRT((2*C$15)/(C$17*C$7*G26)) -> 19115.952 | J26: =Q52 -> 29622.53 | K26: =(J26-I26) -> 10506.579 | L26: =K26/C$15 -> 1.5985179 | M26: =DEGREES(ASIN(L26/H26)) -> 3.561893 | N26: 6.187 | P26: ='Nr(V)'!A26 -> 12 | Q26: ='Nr(V)'!D26 -> 17223.547
A27: 6 | B27: =K5*SIN(C26+C27-C$3)+0.5*C$17*C$7*C$5*(C27-C$8)*I5^2*COS(C26)-0.5*C$17*C$7*(C$11+1/PI()/C$10*C$5^2*(C27-C$8)^2)*I5^2*SIN(C26)-C$15 -> 0 | C27: 0.12463524 | D27: =DEGREES(C27) -> 7.1410731 | F27: 0.89051119 | G27: 71.59 | H27: =SQRT((2*C$15)/(C$7*C$17*F27)) -> 27.156587 | I27: =C$15*SQRT((2*C$15)/(C$17*C$7*G27)) -> 19907.307 | J27: =Q55 -> 30856.429 | K27: =(J27-I27) -> 10949.122 | L27: =K27/C$15 -> 1.6658485 | M27: =DEGREES(ASIN(L27/H27)) -> 3.5168649 | N27: 5.346 | P27: ='Nr(V)'!A27 -> 12.5 | Q27: ='Nr(V)'!D27 -> 17752.419
A28: 7 | B28: =-K6*COS(C28+C29-C$3)+0.5*C$17*C$7*C$5*(C29-C$8)*I6^2*SIN(C28)+0.5*C$17*C$7*(C$11+1/PI()/C$10*C$5^2*(C29-C$8)^2)*I6^2*COS(C28) -> 1.3642421e-12 | C28: 0.065970084 | D28: =DEGREES(C28) -> 3.7798074 | F28: 0.78877734 | G28: 62.64 | H28: =SQRT((2*C$15)/(C$7*C$17*F28)) -> 28.854773 | I28: =C$15*SQRT((2*C$15)/(C$17*C$7*G28)) -> 21282.018 | J28: =Q58 -> 32148.927 | K28: =(J28-I28) -> 10866.908 | L28: =K28/C$15 -> 1.6533401 | M28: =DEGREES(ASIN(L28/H28)) -> 3.2847709 | N28: 4.154 | P28: ='Nr(V)'!A28 -> 13 | Q28: ='Nr(V)'!D28 -> 18222.557
A29: 8 | B29: =K6*SIN(C28+C29-C$3)+0.5*C$17*C$7*C$5*(C29-C$8)*I6^2*COS(C28)-0.5*C$17*C$7*(C$11+1/PI()/C$10*C$5^2*(C29-C$8)^2)*I6^2*SIN(C28)-C$15 -> 0 | C29: 0.097255673 | D29: =DEGREES(C29) -> 5.5723396 | F29: 0.68820194 | G29: 51.95 | H29: =SQRT((2*C$15)/(C$7*C$17*F29)) -> 30.891353 | I29: =C$15*SQRT((2*C$15)/(C$17*C$7*G29)) -> 23369.311 | J29: =Q62 -> 33558.711 | K29: =(J29-I29) -> 10189.4 | L29: =K29/C$15 -> 1.5502609 | M29: =DEGREES(ASIN(L29/H29)) -> 2.8765568 | N29: 3.079 | P29: ='Nr(V)'!A29 -> 13.5 | Q29: ='Nr(V)'!D29 -> 18692.605
A30: 9 | B30: =-K7*COS(C30+C31-C$3)+0.5*C$17*C$7*C$5*(C31-C$8)*I7^2*SIN(C30)+0.5*C$17*C$7*(C$11+1/PI()/C$10*C$5^2*(C31-C$8)^2)*I7^2*COS(C30) -> -8.588496e-07 | C30: 0.064258991 | D30: =DEGREES(C30) -> 3.681769 | F30: 0.58038845 | G30: 39.37 | H30: =SQRT((2*C$15)/(C$7*C$17*F30)) -> 33.638413 | I30: =C$15*SQRT((2*C$15)/(C$17*C$7*G30)) -> 26844.541 | J30: =Q67 -> 35026.824 | K30: =(J30-I30) -> 8182.283 | L30: =K30/C$15 -> 1.2448892 | M30: =DEGREES(ASIN(L30/H30)) -> 2.1208844 | N30: 2.073 | P30: ='Nr(V)'!A30 -> 14 | Q30: ='Nr(V)'!D30 -> 19103.875
A31: 10 | B31: =K7*SIN(C30+C31-C$3)+0.5*C$17*C$7*C$5*(C31-C$8)*I7^2*COS(C30)-0.5*C$17*C$7*(C$11+1/PI()/C$10*C$5^2*(C31-C$8)^2)*I7^2*SIN(C30)-C$15 -> 0 | C31: 0.075285174 | D31: =DEGREES(C31) -> 4.3135227 | F31: 0.48333193 | G31: 27.9 | H31: =SQRT((2*C$15)/(C$7*C$17*F31)) -> 36.861426 | I31: =C$15*SQRT((2*C$15)/(C$17*C$7*G31)) -> 31888.683 | J31: =Q73 -> 37023.988 | K31: =(J31-I31) -> 5135.3052 | L31: =K31/C$15 -> 0.78130832 | M31: =DEGREES(ASIN(L31/H31)) -> 1.2145222 | N31: 1.233 | P31: ='Nr(V)'!A31 -> 14.5 | Q31: ='Nr(V)'!D31 -> 19279.896
A32: 11 | B32: =-K8*COS(C32+C33-C$3)+0.5*C$17*C$7*C$5*(C33-C$8)*I8^2*SIN(C32)+0.5*C$17*C$7*(C$11+1/PI()/C$10*C$5^2*(C33-C$8)^2)*I8^2*COS(C32) -> 1.4137356e-07 | C32: 0.058947498 | D32: =DEGREES(C32) -> 3.3774428 | F32: 0.38026544 | G32: 16.61 | H32: =SQRT((2*C$15)/(C$7*C$17*F32)) -> 41.557695 | I32: =C$15*SQRT((2*C$15)/(C$17*C$7*G32)) -> 41328.902 | J32: =Q82 -> 39372.519 | K32: =(J32-I32) -> -1956.3835 | L32: =K32/C$15 -> -0.29765294 | M32: =DEGREES(ASIN(L32/H32)) -> -0.41037894 | N32: 0.392 | P32: ='Nr(V)'!A32 -> 15 | Q32: ='Nr(V)'!D32 -> 19749.989
A33: 12 | B33: =K8*SIN(C32+C33-C$3)+0.5*C$17*C$7*C$5*(C33-C$8)*I8^2*COS(C32)-0.5*C$17*C$7*(C$11+1/PI()/C$10*C$5^2*(C33-C$8)^2)*I8^2*SIN(C32)-C$15 -> 0 | C33: 0.057450283 | D33: =DEGREES(C33) -> 3.2916587 | F33: 0.334 | G33: 12.24 | H33: =SQRT((2*C$15)/(C$7*C$17*F33)) -> 44.34265 | I33: =C$15*SQRT((2*C$15)/(C$17*C$7*G33)) -> 48144.644 | J33: =Q87 -> 38193.618 | K33: =(J33-I33) -> -9951.0259 | L33: =K33/C$15 -> -1.5139936 | M33: =DEGREES(ASIN(L33/H33)) -> -1.9566333 | N33: -0.133 | P33: ='Nr(V)'!A33 -> 15.5 | Q33: ='Nr(V)'!D33 -> 20337.774
A34: 13 | B34: =-K9*COS(C34+C35-C$3)+0.5*C$17*C$7*C$5*(C35-C$8)*I9^2*SIN(C34)+0.5*C$17*C$7*(C$11+1/PI()/C$10*C$5^2*(C35-C$8)^2)*I9^2*COS(C34) -> -9.0434696e-08 | C34: 0.047077804 | D34: =DEGREES(C34) -> 2.6973595 | F34: 0.279 | G34: 7.83 | H34: =SQRT((2*C$15)/(C$7*C$17*F34)) -> 48.51687 | I34: =C$15*SQRT((2*C$15)/(C$17*C$7*G34)) -> 60194.638 | J34: =Q95 -> 33189.703 | K34: =(J34-I34) -> -27004.936 | L34: =K34/C$15 -> -4.1086518 | M34: =DEGREES(ASIN(L34/H34)) -> -4.8579121 | N34: -0.8 | P34: ='Nr(V)'!A34 -> 16 | Q34: ='Nr(V)'!D34 -> 21043.116
A35: 14 | B35: =K9*SIN(C34+C35-C$3)+0.5*C$17*C$7*C$5*(C35-C$8)*I9^2*COS(C34)-0.5*C$17*C$7*(C$11+1/PI()/C$10*C$5^2*(C35-C$8)^2)*I9^2*SIN(C34)-C$15 -> 0 | C35: 0.036370808 | D35: =DEGREES(C35) -> 2.0838938 | F35: 0.229 | G35: 4.72 | H35: =SQRT((2*C$15)/(C$7*C$17*F35)) -> 53.552178 | I35: =C$15*SQRT((2*C$15)/(C$17*C$7*G35)) -> 77529.626 | J35: =Q105 -> 23420.046 | K35: =(J35-I35) -> -54109.58 | L35: =K35/C$15 -> -8.2324737 | M35: =DEGREES(ASIN(L35/H35)) -> -8.8430368 | N35: -1.326 | P35: ='Nr(V)'!A35 -> 16.5 | Q35: ='Nr(V)'!D35 -> 21630.856
A36: 15 | B36: =-K10*COS(C36+C37-C$3)+0.5*C$17*C$7*C$5*(C37-C$8)*I10^2*SIN(C36)+0.5*C$17*C$7*(C$11+1/PI()/C$10*C$5^2*(C37-C$8)^2)*I10^2*COS(C36) -> 3.709863e-07 | C36: 0.034756264 | D36: =DEGREES(C36) -> 1.9913872 | P36: ='Nr(V)'!A36 -> 17 | Q36: ='Nr(V)'!D36 -> 22101.085
A37: 16 | B37: =K10*SIN(C36+C37-C$3)+0.5*C$17*C$7*C$5*(C37-C$8)*I10^2*COS(C36)-0.5*C$17*C$7*(C$11+1/PI()/C$10*C$5^2*(C37-C$8)^2)*I10^2*SIN(C36)-C$15 -> 0 | C37: 0.020197524 | D37: =DEGREES(C37) -> 1.1572329 | F37: Metoda mocy, m=m0, h=1000m | P37: ='Nr(V)'!A37 -> 17.5 | Q37: ='Nr(V)'!D37 -> 22982.853
A38: 17 | B38: =-K11*COS(C38+C39-C$3)+0.5*C$17*C$7*C$5*(C39-C$8)*I11^2*SIN(C38)+0.5*C$17*C$7*(C$11+1/PI()/C$10*C$5^2*(C39-C$8)^2)*I11^2*COS(C38) -> 4.4337867e-12 | C38: 0.019382657 | D38: =DEGREES(C38) -> 1.1105444 | F38: Cz | G38: E | H38: V [m/s] | I38: Nn [W] | J38: Nr [W] | K38: ΔN [W] | L38: w [m/s] | M38: γ [°] | N38: α [°] | P38: ='Nr(V)'!A38 -> 18 | Q38: ='Nr(V)'!D38 -> 23747.018
A39: 18 | B39: =K11*SIN(C38+C39-C$3)+0.5*C$17*C$7*C$5*(C39-C$8)*I11^2*COS(C38)-0.5*C$17*C$7*(C$11+1/PI()/C$10*C$5^2*(C39-C$8)^2)*I11^2*SIN(C38)-C$15 -> 0 | C39: 0.0075328197 | D39: =DEGREES(C39) -> 0.43159878 | F39: =F22 -> 1.507 | G39: =G22 -> 80.83 | H39: =SQRT((2*C$2)/(C$7*C$17*F39)) -> 21.489684 | I39: =C$2*SQRT((2*C$2)/(C$17*C$7*G39)) -> 20437.498 | J39: =Q45 -> 27331.788 | K39: =(J39-I39) -> 6894.2905 | L39: =K39/C$2 -> 0.98983368 | M39: =DEGREES(ASIN(L39/H39)) -> 2.6400279 | N39: =N22 -> 13.202 | P39: ='Nr(V)'!A39 -> 18.5 | Q39: ='Nr(V)'!D39 -> 24511.229
A40: 19 | B40: =-K12*COS(C40+C41-C$3)+0.5*C$17*C$7*C$5*(C41-C$8)*I12^2*SIN(C40)+0.5*C$17*C$7*(C$11+1/PI()/C$10*C$5^2*(C41-C$8)^2)*I12^2*COS(C40) -> -3.0092667e-07 | C40: -0.0064375253 | D40: =DEGREES(C40) -> -0.36884303 | F40: =F23 -> 1.4 | G40: =G23 -> 82.93 | H40: =SQRT((2*C$2)/(C$7*C$17*F40)) -> 22.295778 | I40: =C$2*SQRT((2*C$2)/(C$17*C$7*G40)) -> 20177.073 | J40: =Q47 -> 27801.521 | K40: =(J40-I40) -> 7624.4478 | L40: =K40/C$2 -> 1.0946645 | M40: =DEGREES(ASIN(L40/H40)) -> 2.8142046 | N40: =N23 -> 11.19 | P40: ='Nr(V)'!A40 -> 19 | Q40: ='Nr(V)'!D40 -> 25040.146
A41: 20 | B41: =K12*SIN(C40+C41-C$3)+0.5*C$17*C$7*C$5*(C41-C$8)*I12^2*COS(C40)-0.5*C$17*C$7*(C$11+1/PI()/C$10*C$5^2*(C41-C$8)^2)*I12^2*SIN(C40)-C$15 -> 0 | C41: -0.0025870119 | D41: =DEGREES(C41) -> -0.14822486 | F41: =F24 -> 1.2976295 | G41: =G24 -> 83.61 | H41: =SQRT((2*C$2)/(C$7*C$17*F41)) -> 23.158547 | I41: =C$2*SQRT((2*C$2)/(C$17*C$7*G41)) -> 20094.856 | J41: =Q48 -> 28212.656 | K41: =(J41-I41) -> 8117.8 | L41: =K41/C$2 -> 1.1654965 | M41: =DEGREES(ASIN(L41/H41)) -> 2.8847343 | N41: =N24 -> 9.623 | P41: ='Nr(V)'!A41 -> 19.5 | Q41: ='Nr(V)'!D41 -> 25745.398
A42: 21 | B42: =-K13*COS(C42+C43-C$3)+0.5*C$17*C$7*C$5*(C43-C$8)*I13^2*SIN(C42)+0.5*C$17*C$7*(C$11+1/PI()/C$10*C$5^2*(C43-C$8)^2)*I13^2*COS(C42) -> -6.9429495e-07 | C42: -0.029562877 | D42: =DEGREES(C42) -> -1.6938281 | F42: =F25 -> 1.197 | G42: =G25 -> 82.42 | H42: =SQRT((2*C$2)/(C$7*C$17*F42)) -> 24.112352 | I42: =C$2*SQRT((2*C$2)/(C$17*C$7*G42)) -> 20239.403 | J42: =Q50 -> 28858.86 | K42: =(J42-I42) -> 8619.4563 | L42: =K42/C$2 -> 1.2375208 | M42: =DEGREES(ASIN(L42/H42)) -> 2.9418899 | N42: =N25 -> 8.057 | P42: ='Nr(V)'!A42 -> 20 | Q42: ='Nr(V)'!D42 -> 25980.467
A43: 22 | B43: =K13*SIN(C42+C43-C$3)+0.5*C$17*C$7*C$5*(C43-C$8)*I13^2*COS(C42)-0.5*C$17*C$7*(C$11+1/PI()/C$10*C$5^2*(C43-C$8)^2)*I13^2*SIN(C42)-C$15 -> 0 | C43: -0.0082727227 | D43: =DEGREES(C43) -> -0.4739921 | F43: =F26 -> 0.992 | G43: =G26 -> 77.64 | H43: =SQRT((2*C$2)/(C$7*C$17*F43)) -> 26.486881 | I43: =C$2*SQRT((2*C$2)/(C$17*C$7*G43)) -> 20853.13 | J43: =Q55 -> 30856.429 | K43: =(J43-I43) -> 10003.299 | L43: =K43/C$2 -> 1.4362033 | M43: =DEGREES(ASIN(L43/H43)) -> 3.1082846 | N43: =N26 -> 6.187 | P43: ='Nr(V)'!A43 -> 20.5 | Q43: ='Nr(V)'!D43 -> 26744.498
A44: 23 | B44: =-K14*COS(C44+C45-C$3)+0.5*C$17*C$7*C$5*(C45-C$8)*I14^2*SIN(C44)+0.5*C$17*C$7*(C$11+1/PI()/C$10*C$5^2*(C45-C$8)^2)*I14^2*COS(C44) -> 1.2035343e-08 | C44: -0.053678963 | D44: =DEGREES(C44) -> -3.075578 | F44: =F27 -> 0.89051119 | G44: =G27 -> 71.59 | H44: =SQRT((2*C$2)/(C$7*C$17*F44)) -> 27.95548 | I44: =C$2*SQRT((2*C$2)/(C$17*C$7*G44)) -> 21716.4 | J44: =Q58 -> 32148.927 | K44: =(J44-I44) -> 10432.527 | L44: =K44/C$2 -> 1.4978287 | M44: =DEGREES(ASIN(L44/H44)) -> 3.0713254 | N44: =N27 -> 5.346 | P44: ='Nr(V)'!A44 -> 21 | Q44: ='Nr(V)'!D44 -> 26861.74
A45: 24 | B45: =K14*SIN(C44+C45-C$3)+0.5*C$17*C$7*C$5*(C45-C$8)*I14^2*COS(C44)-0.5*C$17*C$7*(C$11+1/PI()/C$10*C$5^2*(C45-C$8)^2)*I14^2*SIN(C44)-C$15 -> 0 | C45: -0.013277024 | D45: =DEGREES(C45) -> -0.76071744 | F45: =F28 -> 0.78877734 | G45: =G28 -> 62.64 | H45: =SQRT((2*C$2)/(C$7*C$17*F45)) -> 29.703624 | I45: =C$2*SQRT((2*C$2)/(C$17*C$7*G45)) -> 23216.039 | J45: =Q61 -> 33206.22 | K45: =(J45-I45) -> 9990.1805 | L45: =K45/C$2 -> 1.4343197 | M45: =DEGREES(ASIN(L45/H45)) -> 2.7677578 | N45: =N28 -> 4.154 | P45: ='Nr(V)'!A45 -> 21.5 | Q45: ='Nr(V)'!D45 -> 27331.788
A46: 25 | B46: =-K15*COS(C46+C47-C$3)+0.5*C$17*C$7*C$5*(C47-C$8)*I15^2*SIN(C46)+0.5*C$17*C$7*(C$11+1/PI()/C$10*C$5^2*(C47-C$8)^2)*I15^2*COS(C46) -> -4.6248033e-08 | C46: -0.079483841 | D46: =DEGREES(C46) -> -4.5540886 | F46: =F29 -> 0.68820194 | G46: =G29 -> 51.95 | H46: =SQRT((2*C$2)/(C$7*C$17*F46)) -> 31.800116 | I46: =C$2*SQRT((2*C$2)/(C$17*C$7*G46)) -> 25493.017 | J46: =Q66 -> 34556.866 | K46: =(J46-I46) -> 9063.849 | L46: =K46/C$2 -> 1.3013236 | M46: =DEGREES(ASIN(L46/H46)) -> 2.3453114 | N46: =N29 -> 3.079 | P46: ='Nr(V)'!A46 -> 22 | Q46: ='Nr(V)'!D46 -> 27566.677
A47: 26 | B47: =K15*SIN(C46+C47-C$3)+0.5*C$17*C$7*C$5*(C47-C$8)*I15^2*COS(C46)-0.5*C$17*C$7*(C$11+1/PI()/C$10*C$5^2*(C47-C$8)^2)*I15^2*SIN(C46)-C$15 -> 0 | C47: -0.017713102 | D47: =DEGREES(C47) -> -1.014886 | F47: =F30 -> 0.58038845 | G47: =G30 -> 39.37 | H47: =SQRT((2*C$2)/(C$7*C$17*F47)) -> 34.627989 | I47: =C$2*SQRT((2*C$2)/(C$17*C$7*G47)) -> 29284.061 | J47: =Q71 -> 36377.92 | K47: =(J47-I47) -> 7093.859 | L47: =K47/C$2 -> 1.0184863 | M47: =DEGREES(ASIN(L47/H47)) -> 1.6854396 | N47: =N30 -> 2.073 | P47: ='Nr(V)'!A47 -> 22.5 | Q47: ='Nr(V)'!D47 -> 27801.521
A48: 27 | B48: =-K16*COS(C48+C49-C$3)+0.5*C$17*C$7*C$5*(C49-C$8)*I16^2*SIN(C48)+0.5*C$17*C$7*(C$11+1/PI()/C$10*C$5^2*(C49-C$8)^2)*I16^2*COS(C48) -> 7.2884882e-07 | C48: -0.10721811 | D48: =DEGREES(C48) -> -6.1431453 | F48: =F31 -> 0.48333193 | G48: =G31 -> 27.9 | H48: =SQRT((2*C$2)/(C$7*C$17*F48)) -> 37.945817 | I48: =C$2*SQRT((2*C$2)/(C$17*C$7*G48)) -> 34786.594 | J48: =Q78 -> 39021.468 | K48: =(J48-I48) -> 4234.8743 | L48: =K48/C$2 -> 0.60801343 | M48: =DEGREES(ASIN(L48/H48)) -> 0.91810104 | N48: =N31 -> 1.233 | P48: ='Nr(V)'!A48 -> 23 | Q48: ='Nr(V)'!D48 -> 28212.656
A49: 28 | B49: =K16*SIN(C48+C49-C$3)+0.5*C$17*C$7*C$5*(C49-C$8)*I16^2*COS(C48)-0.5*C$17*C$7*(C$11+1/PI()/C$10*C$5^2*(C49-C$8)^2)*I16^2*SIN(C48)-C$15 -> 0 | C49: -0.021673046 | D49: =DEGREES(C49) -> -1.241774 | F49: =F32 -> 0.38026544 | G49: =G32 -> 16.61 | H49: =SQRT((2*C$2)/(C$7*C$17*F49)) -> 42.780241 | I49: =C$2*SQRT((2*C$2)/(C$17*C$7*G49)) -> 45084.701 | J49: =Q88 -> 37604.888 | K49: =(J49-I49) -> -7479.813 | L49: =K49/C$2 -> -1.0738989 | M49: =DEGREES(ASIN(L49/H49)) -> -1.438429 | N49: =N32 -> 0.392 | P49: ='Nr(V)'!A49 -> 23.5 | Q49: ='Nr(V)'!D49 -> 28506.323
A50: 29 | B50: =-K17*COS(C50+C51-C$3)+0.5*C$17*C$7*C$5*(C51-C$8)*I17^2*SIN(C50)+0.5*C$17*C$7*(C$11+1/PI()/C$10*C$5^2*(C51-C$8)^2)*I17^2*COS(C50) -> 4.549338e-08 | C50: -0.13675664 | D50: =DEGREES(C50) -> -7.8355784 | F50: =F33 -> 0.334 | G50: =G33 -> 12.24 | H50: =SQRT((2*C$2)/(C$7*C$17*F50)) -> 45.647124 | I50: =C$2*SQRT((2*C$2)/(C$17*C$7*G50)) -> 52519.828 | J50: =Q93 -> 34543.679 | K50: =(J50-I50) -> -17976.15 | L50: =K50/C$2 -> -2.5808889 | M50: =DEGREES(ASIN(L50/H50)) -> -3.2412326 | N50: =N33 -> -0.133 | P50: ='Nr(V)'!A50 -> 24 | Q50: ='Nr(V)'!D50 -> 28858.86
A51: 30 | B51: =K17*SIN(C50+C51-C$3)+0.5*C$17*C$7*C$5*(C51-C$8)*I17^2*COS(C50)-0.5*C$17*C$7*(C$11+1/PI()/C$10*C$5^2*(C51-C$8)^2)*I17^2*SIN(C50)-C$15 -> 0 | C51: -0.025230295 | D51: =DEGREES(C51) -> -1.4455894 | F51: =F34 -> 0.279 | G51: =G34 -> 7.83 | H51: =SQRT((2*C$2)/(C$7*C$17*F51)) -> 49.944141 | I51: =C$2*SQRT((2*C$2)/(C$17*C$7*G51)) -> 65664.876 | J51: =Q102 -> 26833.341 | K51: =(J51-I51) -> -38831.535 | L51: =K51/C$2 -> -5.5751583 | M51: =DEGREES(ASIN(L51/H51)) -> -6.4091638 | N51: =N34 -> -0.8 | P51: ='Nr(V)'!A51 -> 24.5 | Q51: ='Nr(V)'!D51 -> 29328.818
F52: =F35 -> 0.229 | G52: =G35 -> 4.72 | H52: =SQRT((2*C$2)/(C$7*C$17*F52)) -> 55.127578 | I52: =C$2*SQRT((2*C$2)/(C$17*C$7*G52)) -> 84575.195 | J52: =Q112 -> 15769.657 | K52: =(J52-I52) -> -68805.538 | L52: =K52/C$2 -> -9.8786146 | M52: =DEGREES(ASIN(L52/H52)) -> -10.322904 | N52: =N35 -> -1.326 | P52: ='Nr(V)'!A52 -> 25 | Q52: ='Nr(V)'!D52 -> 29622.53
P53: ='Nr(V)'!A53 -> 25.5 | Q53: ='Nr(V)'!D53 -> 30033.665
I54: Metoda ciągu, m=m0, h=1000m | P54: ='Nr(V)'!A54 -> 26 | Q54: ='Nr(V)'!D54 -> 30386.246
D55: Równanie 1 | E55: gamma | F55: alfa | G55: Rówannie 2 | I55: V [m/s] | J55: Nr [W] | K55: Ps [N] | L55: α [°] | M55: γ [°] | N55: w [m/s] | P55: ='Nr(V)'!A55 -> 26.5 | Q55: ='Nr(V)'!D55 -> 30856.429
D56: =-K56*COS(E56+F56-C$3)+0.5*C$17*C$7*C$5*(F56-C$8)*I56^2*SIN(E56)+0.5*C$17*C$7*(C$11+1/PI()/C$10*C$5^2*(F56-C$8)^2)*I56^2*COS(E56) -> -3.8220212e-06 | E56: 0.052320769 | F56: 0.18364099 | G56: =K56*SIN(E56+F56-C$3)+0.5*C$17*C$7*C$5*(F56-C$8)*I56^2*COS(E56)-0.5*C$17*C$7*(C$11+1/PI()/C$10*C$5^2*(F56-C$8)^2)*I56^2*SIN(E56)-C$2 -> -2.5293775e-07 | I56: =SQRT(2*C$2/C$7/C$16/C17) -> 21.489684 | J56: =Q45 -> 27331.788 | K56: =J56/I56 -> 1271.8562 | L56: =DEGREES(F56) -> 10.521854 | M56: =DEGREES(E56) -> 2.9977593 | N56: =I56*SIN(RADIANS(M56)) -> 1.1238439 | P56: ='Nr(V)'!A56 -> 27 | Q56: ='Nr(V)'!D56 -> 31267.609
D57: =-K57*COS(E57+F57-C$3)+0.5*C$17*C$7*C$5*(F57-C$8)*I57^2*SIN(E57)+0.5*C$17*C$7*(C$11+1/PI()/C$10*C$5^2*(F57-C$8)^2)*I57^2*COS(E57) -> -1.9882083e-05 | E57: 0.052580226 | F57: 0.17275 | G57: =K57*SIN(E57+F57-C$3)+0.5*C$17*C$7*C$5*(F57-C$8)*I57^2*COS(E57)-0.5*C$17*C$7*(C$11+1/PI()/C$10*C$5^2*(F57-C$8)^2)*I57^2*SIN(E57)-C$2 -> -1.2732926e-11 | I57: =I4 -> 22 | J57: =Q46 -> 27566.677 | K57: =J57/I57 -> 1253.0308 | L57: =DEGREES(F57) -> 9.8978461 | M57: =DEGREES(E57) -> 3.0126251 | N57: =I57*SIN(RADIANS(M57)) -> 1.156232 | P57: ='Nr(V)'!A57 -> 27.5 | Q57: ='Nr(V)'!D57 -> 31737.702
D58: =-K58*COS(E58+F58-C$3)+0.5*C$17*C$7*C$5*(F58-C$8)*I58^2*SIN(E58)+0.5*C$17*C$7*(C$11+1/PI()/C$10*C$5^2*(F58-C$8)^2)*I58^2*COS(E58) -> 2.80762e-06 | E58: 0.054178091 | F58: 0.136036 | G58: =K58*SIN(E58+F58-C$3)+0.5*C$17*C$7*C$5*(F58-C$8)*I58^2*COS(E58)-0.5*C$17*C$7*(C$11+1/PI()/C$10*C$5^2*(F58-C$8)^2)*I58^2*SIN(E58)-C$2 -> 0 | I58: =I5 -> 24 | J58: =Q50 -> 28858.86 | K58: =J58/I58 -> 1202.4525 | L58: =DEGREES(F58) -> 7.7942885 | M58: =DEGREES(E58) -> 3.104176 | N58: =I58*SIN(RADIANS(M58)) -> 1.2996382 | P58: ='Nr(V)'!A58 -> 28 | Q58: ='Nr(V)'!D58 -> 32148.927
D59: =-K59*COS(E59+F59-C$3)+0.5*C$17*C$7*C$5*(F59-C$8)*I59^2*SIN(E59)+0.5*C$17*C$7*(C$11+1/PI()/C$10*C$5^2*(F59-C$8)^2)*I59^2*COS(E59) -> 3.7241124e-06 | E59: 0.05454802 | F59: 0.10701264 | G59: =K59*SIN(E59+F59-C$3)+0.5*C$17*C$7*C$5*(F59-C$8)*I59^2*COS(E59)-0.5*C$17*C$7*(C$11+1/PI()/C$10*C$5^2*(F59-C$8)^2)*I59^2*SIN(E59)-C$2 -> 0 | I59: =I6 -> 26 | J59: =Q54 -> 30386.246 | K59: =J59/I59 -> 1168.7018 | L59: =DEGREES(F59) -> 6.1313725 | M59: =DEGREES(E59) -> 3.1253713 | N59: =I59*SIN(RADIANS(M59)) -> 1.4175453 | P59: ='Nr(V)'!A59 -> 28.5 | Q59: ='Nr(V)'!D59 -> 32501.418
D60: =-K60*COS(E60+F60-C$3)+0.5*C$17*C$7*C$5*(F60-C$8)*I60^2*SIN(E60)+0.5*C$17*C$7*(C$11+1/PI()/C$10*C$5^2*(F60-C$8)^2)*I60^2*COS(E60) -> 2.3195338e-06 | E60: 0.053980584 | F60: 0.08372373 | G60: =K60*SIN(E60+F60-C$3)+0.5*C$17*C$7*C$5*(F60-C$8)*I60^2*COS(E60)-0.5*C$17*C$7*(C$11+1/PI()/C$10*C$5^2*(F60-C$8)^2)*I60^2*SIN(E60)-C$2 -> 0 | I60: =I7 -> 28 | J60: =Q58 -> 32148.927 | K60: =J60/I60 -> 1148.1759 | L60: =DEGREES(F60) -> 4.7970164 | M60: =DEGREES(E60) -> 3.0928597 | N60: =I60*SIN(RADIANS(M60)) -> 1.5107224 | P60: ='Nr(V)'!A60 -> 29 | Q60: ='Nr(V)'!D60 -> 32795.04
D61: =-K61*COS(E61+F61-C$3)+0.5*C$17*C$7*C$5*(F61-C$8)*I61^2*SIN(E61)+0.5*C$17*C$7*(C$11+1/PI()/C$10*C$5^2*(F61-C$8)^2)*I61^2*COS(E61) -> 1.7584917e-06 | E61: 0.049819469 | F61: 0.064816291 | G61: =K61*SIN(E61+F61-C$3)+0.5*C$17*C$7*C$5*(F61-C$8)*I61^2*COS(E61)-0.5*C$17*C$7*(C$11+1/PI()/C$10*C$5^2*(F61-C$8)^2)*I61^2*SIN(E61)-C$2 -> 0 | I61: =I8 -> 30 | J61: =Q62 -> 33558.711 | K61: =J61/I61 -> 1118.6237 | L61: =DEGREES(F61) -> 3.7136999 | M61: =DEGREES(E61) -> 2.8544453 | N61: =I61*SIN(RADIANS(M61)) -> 1.4939659 | P61: ='Nr(V)'!A61 -> 29.5 | Q61: ='Nr(V)'!D61 -> 33206.22
D62: =-K62*COS(E62+F62-C$3)+0.5*C$17*C$7*C$5*(F62-C$8)*I62^2*SIN(E62)+0.5*C$17*C$7*(C$11+1/PI()/C$10*C$5^2*(F62-C$8)^2)*I62^2*COS(E62) -> -6.3402877e-06 | E62: 0.039622268 | F62: 0.042470164 | G62: =K62*SIN(E62+F62-C$3)+0.5*C$17*C$7*C$5*(F62-C$8)*I62^2*COS(E62)-0.5*C$17*C$7*(C$11+1/PI()/C$10*C$5^2*(F62-C$8)^2)*I62^2*SIN(E62)-C$2 -> 0 | I62: =I9 -> 33 | J62: =Q68 -> 35320.491 | K62: =J62/I62 -> 1070.3179 | L62: =DEGREES(F62) -> 2.4333612 | M62: =DEGREES(E62) -> 2.2701888 | N62: =I62*SIN(RADIANS(M62)) -> 1.3071928 | P62: ='Nr(V)'!A62 -> 30 | Q62: ='Nr(V)'!D62 -> 33558.711
D63: =-K63*COS(E63+F63-C$3)+0.5*C$17*C$7*C$5*(F63-C$8)*I63^2*SIN(E63)+0.5*C$17*C$7*(C$11+1/PI()/C$10*C$5^2*(F63-C$8)^2)*I63^2*COS(E63) -> 6.0348076e-06 | E63: 0.028760468 | F63: 0.025328815 | G63: =K63*SIN(E63+F63-C$3)+0.5*C$17*C$7*C$5*(F63-C$8)*I63^2*COS(E63)-0.5*C$17*C$7*(C$11+1/PI()/C$10*C$5^2*(F63-C$8)^2)*I63^2*SIN(E63)-C$2 -> 1.2732926e-11 | I63: =I10 -> 36 | J63: =Q74 -> 37435.303 | K63: =J63/I63 -> 1039.8695 | L63: =DEGREES(F63) -> 1.4512342 | M63: =DEGREES(E63) -> 1.6478534 | N63: =I63*SIN(RADIANS(M63)) -> 1.0352341 | P63: ='Nr(V)'!A63 -> 30.5 | Q63: ='Nr(V)'!D63 -> 33675.998
D64: =-K64*COS(E64+F64-C$3)+0.5*C$17*C$7*C$5*(F64-C$8)*I64^2*SIN(E64)+0.5*C$17*C$7*(C$11+1/PI()/C$10*C$5^2*(F64-C$8)^2)*I64^2*COS(E64) -> 5.9580328e-06 | E64: 0.014849543 | F64: 0.011908527 | G64: =K64*SIN(E64+F64-C$3)+0.5*C$17*C$7*C$5*(F64-C$8)*I64^2*COS(E64)-0.5*C$17*C$7*(C$11+1/PI()/C$10*C$5^2*(F64-C$8)^2)*I64^2*SIN(E64)-C$2 -> 0 | I64: =I11 -> 39 | J64: =Q80 -> 39255.772 | K64: =J64/I64 -> 1006.5583 | L64: =DEGREES(F64) -> 0.68230831 | M64: =DEGREES(E64) -> 0.85081611 | N64: =I64*SIN(RADIANS(M64)) -> 0.57911087 | P64: ='Nr(V)'!A64 -> 31 | Q64: ='Nr(V)'!D64 -> 34028.444
D65: =-K65*COS(E65+F65-C$3)+0.5*C$17*C$7*C$5*(F65-C$8)*I65^2*SIN(E65)+0.5*C$17*C$7*(C$11+1/PI()/C$10*C$5^2*(F65-C$8)^2)*I65^2*COS(E65) -> -3.5617563e-07 | E65: -0.0090433738 | F65: 0.001189014 | G65: =K65*SIN(E65+F65-C$3)+0.5*C$17*C$7*C$5*(F65-C$8)*I65^2*COS(E65)-0.5*C$17*C$7*(C$11+1/PI()/C$10*C$5^2*(F65-C$8)^2)*I65^2*SIN(E65)-C$2 -> 0 | I65: =I12 -> 42 | J65: =Q86 -> 38605.968 | K65: =J65/I65 -> 919.18971 | L65: =DEGREES(F65) -> 0.068125483 | M65: =DEGREES(E65) -> -0.51814715 | N65: =I65*SIN(RADIANS(M65)) -> -0.37981652 | P65: ='Nr(V)'!A65 -> 31.5 | Q65: ='Nr(V)'!D65 -> 34322.022
D66: =-K66*COS(E66+F66-C$3)+0.5*C$17*C$7*C$5*(F66-C$8)*I66^2*SIN(E66)+0.5*C$17*C$7*(C$11+1/PI()/C$10*C$5^2*(F66-C$8)^2)*I66^2*COS(E66) -> 4.2507281e-08 | E66: -0.030603954 | F66: -0.0048288568 | G66: =K66*SIN(E66+F66-C$3)+0.5*C$17*C$7*C$5*(F66-C$8)*I66^2*COS(E66)-0.5*C$17*C$7*(C$11+1/PI()/C$10*C$5^2*(F66-C$8)^2)*I66^2*SIN(E66)-C$2 -> 0 | I66: =I13 -> 44 | J66: =Q90 -> 36486.296 | K66: =J66/I66 -> 829.23399 | L66: =DEGREES(F66) -> -0.27667311 | M66: =DEGREES(E66) -> -1.7534774 | N66: =I66*SIN(RADIANS(M66)) -> -1.3463638 | P66: ='Nr(V)'!A66 -> 32 | Q66: ='Nr(V)'!D66 -> 34556.866
D67: =-K67*COS(E67+F67-C$3)+0.5*C$17*C$7*C$5*(F67-C$8)*I67^2*SIN(E67)+0.5*C$17*C$7*(C$11+1/PI()/C$10*C$5^2*(F67-C$8)^2)*I67^2*COS(E67) -> -9.2189111e-08 | E67: -0.053132142 | F67: -0.010121625 | G67: =K67*SIN(E67+F67-C$3)+0.5*C$17*C$7*C$5*(F67-C$8)*I67^2*COS(E67)-0.5*C$17*C$7*(C$11+1/PI()/C$10*C$5^2*(F67-C$8)^2)*I67^2*SIN(E67)-C$2 -> 0 | I67: =I14 -> 46 | J67: =Q94 -> 33954.858 | K67: =J67/I67 -> 738.1491 | L67: =DEGREES(F67) -> -0.57992641 | M67: =DEGREES(E67) -> -3.0442475 | N67: =I67*SIN(RADIANS(M67)) -> -2.4429287 | P67: ='Nr(V)'!A67 -> 32.5 | Q67: ='Nr(V)'!D67 -> 35026.824
D68: =-K68*COS(E68+F68-C$3)+0.5*C$17*C$7*C$5*(F68-C$8)*I68^2*SIN(E68)+0.5*C$17*C$7*(C$11+1/PI()/C$10*C$5^2*(F68-C$8)^2)*I68^2*COS(E68) -> 8.1723556e-08 | E68: -0.077279273 | F68: -0.01480928 | G68: =K68*SIN(E68+F68-C$3)+0.5*C$17*C$7*C$5*(F68-C$8)*I68^2*COS(E68)-0.5*C$17*C$7*(C$11+1/PI()/C$10*C$5^2*(F68-C$8)^2)*I68^2*SIN(E68)-C$2 -> 0 | I68: =I15 -> 48 | J68: =Q98 -> 30776.408 | K68: =J68/I68 -> 641.17516 | L68: =DEGREES(F68) -> -0.84850924 | M68: =DEGREES(E68) -> -4.4277762 | N68: =I68*SIN(RADIANS(M68)) -> -3.7057141 | P68: ='Nr(V)'!A68 -> 33 | Q68: ='Nr(V)'!D68 -> 35320.491
D69: =-K69*COS(E69+F69-C$3)+0.5*C$17*C$7*C$5*(F69-C$8)*I69^2*SIN(E69)+0.5*C$17*C$7*(C$11+1/PI()/C$10*C$5^2*(F69-C$8)^2)*I69^2*COS(E69) -> -2.7600686e-07 | E69: -0.1032652 | F69: -0.018989365 | G69: =K69*SIN(E69+F69-C$3)+0.5*C$17*C$7*C$5*(F69-C$8)*I69^2*COS(E69)-0.5*C$17*C$7*(C$11+1/PI()/C$10*C$5^2*(F69-C$8)^2)*I69^2*SIN(E69)-C$2 -> 0 | I69: =I16 -> 50 | J69: =Q102 -> 26833.341 | K69: =J69/I69 -> 536.66682 | L69: =DEGREES(F69) -> -1.0880105 | M69: =DEGREES(E69) -> -5.9166601 | N69: =I69*SIN(RADIANS(M69)) -> -5.1540883 | P69: ='Nr(V)'!A69 -> 33.5 | Q69: ='Nr(V)'!D69 -> 35496.602
D70: =-K70*COS(E70+F70-C$3)+0.5*C$17*C$7*C$5*(F70-C$8)*I70^2*SIN(E70)+0.5*C$17*C$7*(C$11+1/PI()/C$10*C$5^2*(F70-C$8)^2)*I70^2*COS(E70) -> 4.1153135e-07 | E70: -0.13096453 | F70: -0.022739818 | G70: =K70*SIN(E70+F70-C$3)+0.5*C$17*C$7*C$5*(F70-C$8)*I70^2*COS(E70)-0.5*C$17*C$7*(C$11+1/PI()/C$10*C$5^2*(F70-C$8)^2)*I70^2*SIN(E70)-C$2 -> 0 | I70: =I17 -> 52 | J70: =Q106 -> 22125.478 | K70: =J70/I70 -> 425.48997 | L70: =DEGREES(F70) -> -1.3028956 | M70: =DEGREES(E70) -> -7.5037151 | N70: =I70*SIN(RADIANS(M70)) -> -6.7907048 | P70: ='Nr(V)'!A70 -> 34 | Q70: ='Nr(V)'!D70 -> 35907.872
P71: ='Nr(V)'!A71 -> 34.5 | Q71: ='Nr(V)'!D71 -> 36377.92
P72: ='Nr(V)'!A72 -> 35 | Q72: ='Nr(V)'!D72 -> 36612.854
P73: ='Nr(V)'!A73 -> 35.5 | Q73: ='Nr(V)'!D73 -> 37023.988
P74: ='Nr(V)'!A74 -> 36 | Q74: ='Nr(V)'!D74 -> 37435.303
P75: ='Nr(V)'!A75 -> 36.5 | Q75: ='Nr(V)'!D75 -> 37670.102
P76: ='Nr(V)'!A76 -> 37 | Q76: ='Nr(V)'!D76 -> 38140.195
P77: ='Nr(V)'!A77 -> 37.5 | Q77: ='Nr(V)'!D77 -> 38551.555
P78: ='Nr(V)'!A78 -> 38 | Q78: ='Nr(V)'!D78 -> 39021.468
P79: ='Nr(V)'!A79 -> 38.5 | Q79: ='Nr(V)'!D79 -> 39197.444
P80: ='Nr(V)'!A80 -> 39 | Q80: ='Nr(V)'!D80 -> 39255.772
P81: ='Nr(V)'!A81 -> 39.5 | Q81: ='Nr(V)'!D81 -> 39373.014
P82: ='Nr(V)'!A82 -> 40 | Q82: ='Nr(V)'!D82 -> 39372.519
... P114: ='Nr(V)'!A114 -> 56 | Q114: ='Nr(V)'!D114 -> 12650.974

Sheet h=1500m
A1: wysokość lotu | B1: h | C1: 1500 | D1: m | I1: Metoda ciągu, m=mśr, h=1500m | P1: ='Nr(V)'!A1 -> h | Q1: ='Nr(V)'!E1 -> 1500
A2: Ciężar maksymalny samolotu | B2: Qmax | C2: =Podsumowanie!B9 -> 6965.1 | D2: N | I2: V [m/s] | J2: Nr [W] | K2: Ps [N] | L2: α [°] | M2: γ [°] | N2: w [m/s] | P2: ='Nr(V)'!A2 -> 0 | Q2: ='Nr(V)'!E2 -> 0
A3: kąt pochylenia osi silnika fi | B3: φ | C3: =Podsumowanie!B30 -> 0.017453293 | D3: rad | I3: =SQRT(2*C15/C$7/C$16/C17) -> 21.397949 | J3: =Q45 -> 25743.598 | K3: =J3/I3 -> 1203.0871 | L3: =OFFSET(D23,A23-2,0,1,1) -> 10.52049 | M3: =OFFSET(D22,A23-2,0,1,1) -> 3.0237061 | N3: =I3*SIN(RADIANS(M3)) -> 1.1287233 | P3: ='Nr(V)'!A3 -> 0.5 | Q3: ='Nr(V)'!E3 -> 646.60876
